payment_id,ride_id,payment_method,amount,payment_status
1,1,Credit Card,278.93,Paid
2,2,Debit Card,191.18,Paid
3,3,UPI,250.51,Paid
4,4,UPI,176.12,Paid
5,5,Cash,0,Failed
6,6,Credit Card,168.4,Paid
7,7,Wallet,0,Cancelled
8,8,UPI,225.47,Paid
9,9,Cash,0,Refunded
10,10,UPI,144.45,Paid
11,11,UPI,125.79,Paid
12,12,UPI,117.63,Paid
13,13,UPI,166.8,Paid
14,14,UPI,0,Cancelled
15,15,UPI,116.74,Paid
16,16,Cash,0,Refunded
17,17,Cash,133.46,Paid
18,18,UPI,306.52,Paid
19,19,UPI,0,Cancelled
20,20,Credit Card,171.42,Paid
21,21,Debit Card,206.55,Paid
22,22,UPI,0,Refunded
23,23,Cash,0,Cancelled
24,24,Credit Card,0,Failed
25,25,Credit Card,0,Cancelled
26,26,UPI,113.72,Paid
27,27,Credit Card,0,Failed
28,28,Credit Card,469.19,Paid
29,29,Credit Card,0,Refunded
30,30,Cash,116.39,Paid
31,31,UPI,86.23,Paid
32,32,UPI,172.65,Paid
33,33,UPI,446.36,Paid
34,34,Credit Card,223.46,Paid
35,35,Credit Card,0,Refunded
36,36,Cash,0,Refunded
37,37,UPI,164.06,Paid
38,38,UPI,178.52,Paid
39,39,Cash,91.29,Paid
40,40,Credit Card,120.15,Paid
41,41,Debit Card,130.85,Paid
42,42,UPI,0,Refunded
43,43,UPI,240.69,Paid
44,44,UPI,105.6,Paid
45,45,Cash,316.01,Paid
46,46,Cash,425.42,Paid
47,47,Credit Card,288.19,Paid
48,48,UPI,217.2,Paid
49,49,UPI,87.53,Paid
50,50,UPI,273.86,Paid
51,51,Credit Card,0,Cancelled
52,52,UPI,99.7,Paid
53,53,Credit Card,215.52,Paid
54,54,UPI,216.41,Paid
55,55,UPI,0,Cancelled
56,56,UPI,198.91,Paid
57,57,UPI,0,Refunded
58,58,UPI,117.79,Paid
59,59,UPI,111.39,Paid
60,60,Debit Card,217.04,Paid
61,61,Wallet,162.4,Paid
62,62,Debit Card,105.91,Paid
63,63,UPI,270.62,Paid
64,64,Debit Card,0,Refunded
65,65,UPI,0,Refunded
66,66,UPI,243.89,Paid
67,67,UPI,221.98,Paid
68,68,UPI,263.83,Paid
69,69,Wallet,156.42,Paid
70,70,Credit Card,151.8,Paid
71,71,Wallet,0,Cancelled
72,72,UPI,0,Cancelled
73,73,Wallet,239.7,Paid
74,74,Credit Card,0,Failed
75,75,UPI,211.89,Paid
76,76,Cash,118.78,Paid
77,77,Credit Card,115.38,Paid
78,78,Cash,228.11,Paid
79,79,Credit Card,148.71,Paid
80,80,UPI,110.95,Paid
81,81,Credit Card,170.54,Paid
82,82,Debit Card,435.75,Paid
83,83,UPI,0,Cancelled
84,84,UPI,89.27,Paid
85,85,UPI,187.08,Paid
86,86,Wallet,182.64,Paid
87,87,Wallet,102.9,Paid
88,88,Cash,124.13,Paid
89,89,Credit Card,0,Refunded
90,90,Debit Card,90.13,Paid
91,91,Wallet,0,Refunded
92,92,Cash,142.44,Paid
93,93,Credit Card,138.85,Paid
94,94,UPI,0,Refunded
95,95,Cash,0,Refunded
96,96,Cash,0,Failed
97,97,UPI,121.47,Paid
98,98,Credit Card,0,Failed
99,99,Wallet,0,Failed
100,100,Credit Card,0,Failed
101,101,UPI,193.81,Paid
102,102,UPI,143.32,Paid
103,103,UPI,0,Refunded
104,104,Credit Card,157.14,Paid
105,105,UPI,160.66,Paid
106,106,Cash,154.1,Paid
107,107,UPI,190.95,Paid
108,108,UPI,117.44,Paid
109,109,Debit Card,321.24,Paid
110,110,UPI,0,Cancelled
111,111,Credit Card,137.19,Paid
112,112,UPI,198.85,Paid
113,113,UPI,101.66,Paid
114,114,UPI,208.49,Paid
115,115,Credit Card,298.46,Paid
116,116,Debit Card,487.07,Paid
117,117,UPI,104.16,Paid
118,118,Wallet,0,Cancelled
119,119,UPI,168.51,Paid
120,120,Debit Card,138.55,Paid
121,121,UPI,131.13,Paid
122,122,Debit Card,180.28,Paid
123,123,Cash,208.07,Paid
124,124,UPI,0,Cancelled
125,125,Debit Card,226.86,Paid
126,126,UPI,150.49,Paid
127,127,Credit Card,96.93,Paid
128,128,UPI,296.94,Paid
129,129,UPI,0,Cancelled
130,130,UPI,172.67,Paid
131,131,Debit Card,83.25,Paid
132,132,UPI,95.12,Paid
133,133,Credit Card,312.89,Paid
134,134,UPI,447.22,Paid
135,135,Credit Card,335.87,Paid
136,136,Debit Card,0,Refunded
137,137,UPI,213.28,Paid
138,138,Credit Card,227.05,Paid
139,139,Debit Card,196.99,Paid
140,140,UPI,0,Cancelled
141,141,UPI,151.21,Paid
142,142,UPI,0,Cancelled
143,143,UPI,0,Refunded
144,144,Credit Card,0,Cancelled
145,145,UPI,115.15,Paid
146,146,Wallet,432.44,Paid
147,147,Debit Card,148.96,Paid
148,148,UPI,196.34,Paid
149,149,Debit Card,166.16,Paid
150,150,UPI,141.17,Paid
151,151,UPI,0,Refunded
152,152,UPI,213.28,Paid
153,153,Credit Card,239.15,Paid
154,154,UPI,138.39,Paid
155,155,Debit Card,241.95,Paid
156,156,UPI,118.99,Paid
157,157,UPI,437.96,Paid
158,158,Credit Card,476.2,Paid
159,159,Debit Card,135.33,Paid
160,160,Credit Card,0,Cancelled
161,161,Debit Card,124.36,Paid
162,162,Credit Card,0,Failed
163,163,Wallet,194.24,Paid
164,164,Credit Card,134.72,Paid
165,165,Cash,188.17,Paid
166,166,Wallet,187.92,Paid
167,167,UPI,124.32,Paid
168,168,Debit Card,87.91,Paid
169,169,Debit Card,115.46,Paid
170,170,Cash,113.51,Paid
171,171,UPI,0,Cancelled
172,172,UPI,178.08,Paid
173,173,UPI,130.24,Paid
174,174,Debit Card,106.27,Paid
175,175,UPI,186.17,Paid
176,176,Wallet,166.15,Paid
177,177,Debit Card,235.16,Paid
178,178,UPI,165.57,Paid
179,179,Cash,0,Refunded
180,180,Cash,123.68,Paid
181,181,UPI,252.13,Paid
182,182,Credit Card,145.2,Paid
183,183,UPI,178.46,Paid
184,184,UPI,370.23,Paid
185,185,Debit Card,102.78,Paid
186,186,UPI,240.77,Paid
187,187,UPI,284.66,Paid
188,188,Credit Card,139.72,Paid
189,189,Wallet,162.64,Paid
190,190,UPI,117.66,Paid
191,191,Cash,298.83,Paid
192,192,Cash,258.1,Paid
193,193,Debit Card,334.5,Paid
194,194,UPI,0,Failed
195,195,Debit Card,0,Cancelled
196,196,Credit Card,294,Paid
197,197,Credit Card,341.96,Paid
198,198,UPI,352.4,Paid
199,199,Debit Card,125.96,Paid
200,200,Cash,223.83,Paid
201,201,Debit Card,250.69,Paid
202,202,UPI,151.75,Paid
203,203,Debit Card,209.93,Paid
204,204,UPI,122.87,Paid
205,205,Debit Card,159.4,Paid
206,206,Credit Card,161.57,Paid
207,207,UPI,165.6,Paid
208,208,Credit Card,163.73,Paid
209,209,Cash,222.87,Paid
210,210,Credit Card,114.94,Paid
211,211,Credit Card,113.05,Paid
212,212,UPI,0,Refunded
213,213,UPI,297.64,Paid
214,214,Credit Card,117.61,Paid
215,215,UPI,185.29,Paid
216,216,Debit Card,181.58,Paid
217,217,Cash,317.88,Paid
218,218,Debit Card,202.74,Paid
219,219,Credit Card,384.66,Paid
220,220,UPI,183.94,Paid
221,221,Credit Card,213.67,Paid
222,222,UPI,123.54,Paid
223,223,Debit Card,261.59,Paid
224,224,UPI,281.06,Paid
225,225,UPI,148.03,Paid
226,226,Credit Card,0,Refunded
227,227,UPI,157.01,Paid
228,228,UPI,0,Cancelled
229,229,Wallet,114.3,Paid
230,230,UPI,0,Failed
231,231,Cash,396.77,Paid
232,232,UPI,142.33,Paid
233,233,Cash,127.47,Paid
234,234,UPI,160.32,Paid
235,235,UPI,88.98,Paid
236,236,UPI,247.23,Paid
237,237,Credit Card,154.16,Paid
238,238,UPI,0,Failed
239,239,Credit Card,342.05,Paid
240,240,Credit Card,0,Refunded
241,241,Credit Card,106.98,Paid
242,242,Debit Card,264.07,Paid
243,243,Credit Card,358.22,Paid
244,244,UPI,181.28,Paid
245,245,UPI,173.34,Paid
246,246,Credit Card,215.87,Paid
247,247,UPI,235.26,Paid
248,248,Credit Card,120.53,Paid
249,249,UPI,0,Refunded
250,250,UPI,141.67,Paid
251,251,Cash,0,Failed
252,252,UPI,0,Refunded
253,253,UPI,163.33,Paid
254,254,UPI,151.55,Paid
255,255,Cash,168.48,Paid
256,256,Credit Card,113.16,Paid
257,257,Debit Card,173.07,Paid
258,258,Credit Card,184.53,Paid
259,259,Debit Card,380.5,Paid
260,260,UPI,167.92,Paid
261,261,Debit Card,0,Failed
262,262,Wallet,117.98,Paid
263,263,UPI,131.47,Paid
264,264,UPI,0,Cancelled
265,265,UPI,232.13,Paid
266,266,UPI,229.29,Paid
267,267,Debit Card,229.65,Paid
268,268,Credit Card,179.42,Paid
269,269,Debit Card,186.28,Paid
270,270,UPI,0,Cancelled
271,271,Debit Card,183.16,Paid
272,272,UPI,212.99,Paid
273,273,Credit Card,152.1,Paid
274,274,Cash,162.7,Paid
275,275,Credit Card,0,Refunded
276,276,UPI,0,Cancelled
277,277,Credit Card,268.41,Paid
278,278,UPI,88.44,Paid
279,279,Credit Card,227.21,Paid
280,280,UPI,139.91,Paid
281,281,Wallet,324.98,Paid
282,282,Credit Card,305.55,Paid
283,283,UPI,0,Cancelled
284,284,UPI,208.98,Paid
285,285,Credit Card,0,Cancelled
286,286,Debit Card,185.28,Paid
287,287,UPI,157.69,Paid
288,288,Credit Card,0,Failed
289,289,Cash,246.22,Paid
290,290,Cash,0,Cancelled
291,291,UPI,221.43,Paid
292,292,UPI,229.67,Paid
293,293,Debit Card,0,Refunded
294,294,UPI,169.78,Paid
295,295,Debit Card,0,Refunded
296,296,Debit Card,0,Failed
297,297,UPI,256.22,Paid
298,298,Debit Card,151.31,Paid
299,299,Cash,86.28,Paid
300,300,Cash,165.54,Paid
301,301,UPI,0,Cancelled
302,302,Wallet,279.15,Paid
303,303,Credit Card,208.55,Paid
304,304,UPI,171.24,Paid
305,305,Debit Card,97.69,Paid
306,306,Debit Card,0,Refunded
307,307,Credit Card,194.01,Paid
308,308,UPI,0,Cancelled
309,309,UPI,123.41,Paid
310,310,Debit Card,302.98,Paid
311,311,UPI,195.85,Paid
312,312,UPI,160.04,Paid
313,313,Wallet,0,Cancelled
314,314,Wallet,239.73,Paid
315,315,Credit Card,534.99,Paid
316,316,UPI,254.42,Paid
317,317,Wallet,170.97,Paid
318,318,UPI,179,Paid
319,319,UPI,266.18,Paid
320,320,Cash,341.14,Paid
321,321,UPI,136.59,Paid
322,322,Credit Card,0,Refunded
323,323,UPI,173.75,Paid
324,324,Credit Card,207.7,Paid
325,325,UPI,153.82,Paid
326,326,UPI,318.27,Paid
327,327,UPI,0,Refunded
328,328,UPI,239.14,Paid
329,329,UPI,223.12,Paid
330,330,Wallet,101.99,Paid
331,331,UPI,170.51,Paid
332,332,UPI,109.65,Paid
333,333,UPI,136.69,Paid
334,334,Credit Card,123.41,Paid
335,335,UPI,102.11,Paid
336,336,Credit Card,0,Cancelled
337,337,UPI,160.98,Paid
338,338,Cash,0,Refunded
339,339,UPI,363.45,Paid
340,340,Cash,0,Refunded
341,341,Debit Card,195.2,Paid
342,342,Wallet,160.55,Paid
343,343,Credit Card,115.83,Paid
344,344,Wallet,201.76,Paid
345,345,Credit Card,139.06,Paid
346,346,UPI,436.25,Paid
347,347,Credit Card,97.28,Paid
348,348,Debit Card,127.72,Paid
349,349,Cash,257.75,Paid
350,350,UPI,0,Cancelled
351,351,Wallet,163.18,Paid
352,352,Credit Card,132.29,Paid
353,353,Debit Card,220.41,Paid
354,354,Cash,206.89,Paid
355,355,UPI,425.04,Paid
356,356,UPI,0,Failed
357,357,Debit Card,478.75,Paid
358,358,Credit Card,198.49,Paid
359,359,Cash,137.41,Paid
360,360,Credit Card,156.89,Paid
361,361,Debit Card,0,Cancelled
362,362,UPI,0,Refunded
363,363,Credit Card,148.23,Paid
364,364,UPI,257.02,Paid
365,365,Debit Card,209.95,Paid
366,366,Wallet,147.01,Paid
367,367,UPI,245.02,Paid
368,368,UPI,162.71,Paid
369,369,Credit Card,212.01,Paid
370,370,Credit Card,263.74,Paid
371,371,Credit Card,178.34,Paid
372,372,UPI,362.87,Paid
373,373,UPI,173.27,Paid
374,374,Wallet,0,Cancelled
375,375,UPI,139.4,Paid
376,376,UPI,167.48,Paid
377,377,Credit Card,0,Failed
378,378,UPI,0,Failed
379,379,UPI,191.44,Paid
380,380,UPI,197.68,Paid
381,381,Credit Card,210.68,Paid
382,382,Credit Card,272.19,Paid
383,383,UPI,326.38,Paid
384,384,Credit Card,0,Refunded
385,385,Debit Card,211.1,Paid
386,386,UPI,147.2,Paid
387,387,UPI,105.33,Paid
388,388,Debit Card,226.98,Paid
389,389,Credit Card,181.74,Paid
390,390,Credit Card,277.51,Paid
391,391,Cash,93.87,Paid
392,392,UPI,188.32,Paid
393,393,Credit Card,96.6,Paid
394,394,Debit Card,191.62,Paid
395,395,UPI,0,Refunded
396,396,UPI,196.88,Paid
397,397,Credit Card,0,Cancelled
398,398,UPI,172.68,Paid
399,399,Credit Card,261.99,Paid
400,400,Debit Card,114.4,Paid
401,401,UPI,136.4,Paid
402,402,UPI,0,Refunded
403,403,UPI,0,Cancelled
404,404,Credit Card,255.42,Paid
405,405,Wallet,120.91,Paid
406,406,UPI,118.44,Paid
407,407,UPI,0,Cancelled
408,408,Cash,165.81,Paid
409,409,Debit Card,266.7,Paid
410,410,Cash,198.99,Paid
411,411,Credit Card,225.35,Paid
412,412,UPI,0,Refunded
413,413,UPI,141.64,Paid
414,414,Wallet,149.51,Paid
415,415,Cash,124.31,Paid
416,416,Credit Card,135.26,Paid
417,417,UPI,128.8,Paid
418,418,UPI,183.75,Paid
419,419,UPI,0,Cancelled
420,420,Debit Card,173.82,Paid
421,421,Wallet,173.5,Paid
422,422,Credit Card,203.42,Paid
423,423,Cash,212.54,Paid
424,424,Debit Card,0,Refunded
425,425,UPI,225.39,Paid
426,426,Credit Card,168.77,Paid
427,427,Debit Card,291.62,Paid
428,428,UPI,207.25,Paid
429,429,Credit Card,167.73,Paid
430,430,UPI,0,Cancelled
431,431,Cash,104.17,Paid
432,432,UPI,274.69,Paid
433,433,UPI,141.11,Paid
434,434,Debit Card,198.3,Paid
435,435,Debit Card,277.06,Paid
436,436,Debit Card,0,Refunded
437,437,UPI,91.65,Paid
438,438,Wallet,140.41,Paid
439,439,Credit Card,445.55,Paid
440,440,UPI,0,Refunded
441,441,UPI,195.32,Paid
442,442,UPI,0,Cancelled
443,443,UPI,271.59,Paid
444,444,Debit Card,0,Refunded
445,445,UPI,259.29,Paid
446,446,UPI,147.34,Paid
447,447,UPI,522.19,Paid
448,448,Cash,239.56,Paid
449,449,UPI,93.73,Paid
450,450,UPI,266.79,Paid
451,451,Wallet,276.02,Paid
452,452,Credit Card,221.15,Paid
453,453,Credit Card,0,Refunded
454,454,UPI,232.16,Paid
455,455,Credit Card,0,Failed
456,456,Credit Card,153.74,Paid
457,457,Cash,220.78,Paid
458,458,Credit Card,226.42,Paid
459,459,Cash,101.97,Paid
460,460,Debit Card,0,Cancelled
461,461,UPI,177.39,Paid
462,462,Wallet,0,Refunded
463,463,UPI,0,Cancelled
464,464,UPI,206.73,Paid
465,465,UPI,0,Cancelled
466,466,Credit Card,167.2,Paid
467,467,UPI,0,Cancelled
468,468,Credit Card,246.76,Paid
469,469,Wallet,199.29,Paid
470,470,Credit Card,0,Refunded
471,471,UPI,216.28,Paid
472,472,Cash,133.63,Paid
473,473,UPI,146.58,Paid
474,474,Credit Card,146.55,Paid
475,475,Credit Card,131.72,Paid
476,476,Debit Card,0,Refunded
477,477,Debit Card,211.92,Paid
478,478,Credit Card,258.32,Paid
479,479,Credit Card,211.43,Paid
480,480,Debit Card,196.84,Paid
481,481,UPI,157.06,Paid
482,482,Wallet,0,Cancelled
483,483,Credit Card,0,Refunded
484,484,Debit Card,220.17,Paid
485,485,Credit Card,166.56,Paid
486,486,Cash,0,Cancelled
487,487,Credit Card,340.53,Paid
488,488,UPI,305.47,Paid
489,489,Cash,147.49,Paid
490,490,UPI,0,Cancelled
491,491,Credit Card,182.21,Paid
492,492,UPI,212.5,Paid
493,493,UPI,93.87,Paid
494,494,UPI,175.38,Paid
495,495,Cash,264.2,Paid
496,496,UPI,110.59,Paid
497,497,UPI,230.49,Paid
498,498,Debit Card,225.25,Paid
499,499,Cash,100.07,Paid
500,500,Cash,263.68,Paid
501,501,Credit Card,0,Refunded
502,502,Debit Card,0,Cancelled
503,503,Credit Card,112.68,Paid
504,504,Cash,157.97,Paid
505,505,UPI,0,Refunded
506,506,UPI,147.93,Paid
507,507,UPI,292.39,Paid
508,508,Credit Card,178.83,Paid
509,509,UPI,292.09,Paid
510,510,UPI,0,Refunded
511,511,Wallet,0,Cancelled
512,512,UPI,159.97,Paid
513,513,Cash,234.73,Paid
514,514,Debit Card,149.13,Paid
515,515,UPI,140.88,Paid
516,516,UPI,153.18,Paid
517,517,Cash,120.52,Paid
518,518,Cash,155.61,Paid
519,519,UPI,0,Refunded
520,520,Credit Card,133.14,Paid
521,521,Credit Card,150.43,Paid
522,522,Wallet,142.6,Paid
523,523,Credit Card,173.64,Paid
524,524,UPI,118.37,Paid
525,525,Debit Card,128.08,Paid
526,526,Credit Card,184.45,Paid
527,527,UPI,0,Refunded
528,528,Credit Card,0,Cancelled
529,529,Wallet,150.79,Paid
530,530,Cash,292.43,Paid
531,531,Debit Card,207.57,Paid
532,532,UPI,133.76,Paid
533,533,UPI,282.84,Paid
534,534,Credit Card,0,Failed
535,535,UPI,249.76,Paid
536,536,Credit Card,121.77,Paid
537,537,UPI,153.07,Paid
538,538,UPI,0,Refunded
539,539,UPI,0,Cancelled
540,540,UPI,128.02,Paid
541,541,Debit Card,175.33,Paid
542,542,Credit Card,134.73,Paid
543,543,UPI,86.14,Paid
544,544,UPI,100.17,Paid
545,545,Credit Card,0,Refunded
546,546,Cash,86.3,Paid
547,547,Credit Card,0,Refunded
548,548,UPI,121.38,Paid
549,549,Credit Card,0,Cancelled
550,550,UPI,108.76,Paid
551,551,Cash,260.43,Paid
552,552,UPI,119.76,Paid
553,553,UPI,167.77,Paid
554,554,UPI,0,Cancelled
555,555,Credit Card,129.73,Paid
556,556,Debit Card,253.02,Paid
557,557,Credit Card,197.65,Paid
558,558,Wallet,247.58,Paid
559,559,UPI,195.37,Paid
560,560,UPI,210.58,Paid
561,561,Debit Card,224.44,Paid
562,562,UPI,156.95,Paid
563,563,Wallet,0,Cancelled
564,564,Cash,0,Cancelled
565,565,Credit Card,151.42,Paid
566,566,Debit Card,429.5,Paid
567,567,Debit Card,241.12,Paid
568,568,Debit Card,176.51,Paid
569,569,UPI,123.26,Paid
570,570,Credit Card,153.69,Paid
571,571,UPI,260.77,Paid
572,572,Debit Card,184.09,Paid
573,573,UPI,175.22,Paid
574,574,UPI,0,Refunded
575,575,UPI,424.1,Paid
576,576,Wallet,99.15,Paid
577,577,Debit Card,0,Refunded
578,578,Credit Card,122.1,Paid
579,579,UPI,109.11,Paid
580,580,UPI,185.69,Paid
581,581,Debit Card,91.17,Paid
582,582,Credit Card,247.86,Paid
583,583,UPI,151.87,Paid
584,584,Credit Card,176.54,Paid
585,585,UPI,0,Refunded
586,586,Credit Card,93.84,Paid
587,587,Credit Card,0,Cancelled
588,588,Cash,85.91,Paid
589,589,Wallet,0,Failed
590,590,UPI,173.85,Paid
591,591,Debit Card,146.84,Paid
592,592,Cash,111.31,Paid
593,593,Credit Card,323.59,Paid
594,594,UPI,83.27,Paid
595,595,UPI,104.45,Paid
596,596,Credit Card,0,Cancelled
597,597,UPI,0,Refunded
598,598,UPI,95.99,Paid
599,599,UPI,418.91,Paid
600,600,Wallet,191.48,Paid
601,601,Cash,177.54,Paid
602,602,Wallet,0,Cancelled
603,603,Wallet,250.48,Paid
604,604,Credit Card,0,Cancelled
605,605,Credit Card,161.07,Paid
606,606,Cash,206.94,Paid
607,607,Wallet,284.66,Paid
608,608,Credit Card,200.13,Paid
609,609,UPI,149.93,Paid
610,610,UPI,0,Failed
611,611,Debit Card,189.96,Paid
612,612,UPI,109.73,Paid
613,613,Credit Card,133.74,Paid
614,614,Wallet,167.71,Paid
615,615,UPI,178.51,Paid
616,616,UPI,356.09,Paid
617,617,Wallet,121.08,Paid
618,618,Credit Card,0,Cancelled
619,619,UPI,147.28,Paid
620,620,UPI,0,Refunded
621,621,Cash,150.79,Paid
622,622,Credit Card,0,Refunded
623,623,Credit Card,123.81,Paid
624,624,UPI,249.28,Paid
625,625,Credit Card,0,Refunded
626,626,Debit Card,115.29,Paid
627,627,UPI,110.21,Paid
628,628,UPI,219.07,Paid
629,629,Credit Card,0,Cancelled
630,630,Credit Card,0,Cancelled
631,631,UPI,300.08,Paid
632,632,Credit Card,229.65,Paid
633,633,Credit Card,0,Refunded
634,634,UPI,185.61,Paid
635,635,UPI,269.05,Paid
636,636,UPI,386.06,Paid
637,637,Cash,338.31,Paid
638,638,UPI,199.25,Paid
639,639,Cash,264.01,Paid
640,640,UPI,120.53,Paid
641,641,Cash,282.1,Paid
642,642,UPI,135.6,Paid
643,643,UPI,312.35,Paid
644,644,UPI,0,Refunded
645,645,UPI,127.11,Paid
646,646,UPI,99.31,Paid
647,647,Debit Card,0,Refunded
648,648,Wallet,146.07,Paid
649,649,UPI,104.64,Paid
650,650,UPI,179.92,Paid
651,651,Credit Card,137.8,Paid
652,652,Credit Card,0,Cancelled
653,653,UPI,0,Failed
654,654,UPI,128.63,Paid
655,655,Cash,152.82,Paid
656,656,UPI,151.26,Paid
657,657,UPI,177.9,Paid
658,658,Wallet,365.91,Paid
659,659,UPI,289.44,Paid
660,660,Cash,96.99,Paid
661,661,Cash,239.36,Paid
662,662,Debit Card,0,Refunded
663,663,Credit Card,388.17,Paid
664,664,Wallet,145.08,Paid
665,665,Wallet,165.86,Paid
666,666,Credit Card,308.58,Paid
667,667,Debit Card,128.93,Paid
668,668,Cash,120.59,Paid
669,669,UPI,136.49,Paid
670,670,Credit Card,351.31,Paid
671,671,Cash,0,Refunded
672,672,Cash,312.72,Paid
673,673,Wallet,264.61,Paid
674,674,Debit Card,76.86,Paid
675,675,UPI,0,Failed
676,676,Credit Card,169.26,Paid
677,677,Wallet,79.24,Paid
678,678,Credit Card,0,Refunded
679,679,UPI,108.61,Paid
680,680,UPI,148,Paid
681,681,UPI,384.71,Paid
682,682,Debit Card,252.28,Paid
683,683,UPI,203.26,Paid
684,684,Credit Card,160.32,Paid
685,685,Credit Card,0,Cancelled
686,686,UPI,105.53,Paid
687,687,Credit Card,182.83,Paid
688,688,Cash,161.87,Paid
689,689,Debit Card,0,Cancelled
690,690,Credit Card,344.34,Paid
691,691,Debit Card,166.37,Paid
692,692,UPI,390.71,Paid
693,693,UPI,474.57,Paid
694,694,UPI,213.21,Paid
695,695,UPI,153.4,Paid
696,696,UPI,129.64,Paid
697,697,Debit Card,0,Cancelled
698,698,Credit Card,418.52,Paid
699,699,Debit Card,424.04,Paid
700,700,UPI,0,Failed
701,701,UPI,0,Refunded
702,702,Wallet,118.57,Paid
703,703,Debit Card,0,Cancelled
704,704,Credit Card,270.55,Paid
705,705,UPI,127.71,Paid
706,706,UPI,0,Refunded
707,707,UPI,148.57,Paid
708,708,Credit Card,64.3,Paid
709,709,UPI,196.99,Paid
710,710,Credit Card,241.94,Paid
711,711,UPI,152.13,Paid
712,712,Debit Card,224.25,Paid
713,713,UPI,0,Refunded
714,714,UPI,292.48,Paid
715,715,Credit Card,158.63,Paid
716,716,UPI,0,Cancelled
717,717,Wallet,188.07,Paid
718,718,UPI,500.28,Paid
719,719,UPI,75.92,Paid
720,720,Debit Card,161.35,Paid
721,721,UPI,94.9,Paid
722,722,Wallet,295.41,Paid
723,723,UPI,122.46,Paid
724,724,UPI,211.65,Paid
725,725,Credit Card,207.27,Paid
726,726,Credit Card,0,Refunded
727,727,Credit Card,209.16,Paid
728,728,UPI,149.21,Paid
729,729,Cash,95.73,Paid
730,730,UPI,0,Refunded
731,731,Credit Card,299.39,Paid
732,732,Credit Card,0,Refunded
733,733,Cash,165.92,Paid
734,734,UPI,0,Refunded
735,735,UPI,113.2,Paid
736,736,Cash,447.12,Paid
737,737,UPI,335.04,Paid
738,738,UPI,249.42,Paid
739,739,Credit Card,251.19,Paid
740,740,Debit Card,203.69,Paid
741,741,UPI,137.13,Paid
742,742,Debit Card,399.25,Paid
743,743,UPI,154.9,Paid
744,744,Wallet,140.55,Paid
745,745,UPI,168.73,Paid
746,746,UPI,118.62,Paid
747,747,UPI,222.76,Paid
748,748,Cash,143.2,Paid
749,749,UPI,141.98,Paid
750,750,UPI,206.87,Paid
751,751,Debit Card,139.11,Paid
752,752,Wallet,123.1,Paid
753,753,Credit Card,229.84,Paid
754,754,Wallet,0,Refunded
755,755,Debit Card,247.85,Paid
756,756,UPI,245.83,Paid
757,757,Debit Card,252.84,Paid
758,758,UPI,85.69,Paid
759,759,UPI,105.05,Paid
760,760,Cash,220.06,Paid
761,761,UPI,0,Cancelled
762,762,UPI,0,Refunded
763,763,Wallet,149.53,Paid
764,764,UPI,100.49,Paid
765,765,Credit Card,162.12,Paid
766,766,UPI,528.65,Paid
767,767,UPI,0,Refunded
768,768,UPI,198.66,Paid
769,769,Credit Card,420.51,Paid
770,770,Credit Card,221.69,Paid
771,771,Debit Card,406.57,Paid
772,772,Debit Card,0,Cancelled
773,773,UPI,250.34,Paid
774,774,Credit Card,125.3,Paid
775,775,UPI,140.44,Paid
776,776,UPI,0,Cancelled
777,777,UPI,134.43,Paid
778,778,UPI,0,Cancelled
779,779,UPI,180.48,Paid
780,780,UPI,0,Cancelled
781,781,UPI,276.86,Paid
782,782,UPI,190.27,Paid
783,783,UPI,226.48,Paid
784,784,Credit Card,185.86,Paid
785,785,UPI,137.27,Paid
786,786,UPI,0,Refunded
787,787,UPI,160.24,Paid
788,788,UPI,316.67,Paid
789,789,Credit Card,230.96,Paid
790,790,Debit Card,152.99,Paid
791,791,UPI,0,Cancelled
792,792,Debit Card,98.31,Paid
793,793,Credit Card,0,Failed
794,794,Debit Card,0,Refunded
795,795,UPI,257,Paid
796,796,Credit Card,179.16,Paid
797,797,UPI,0,Failed
798,798,Cash,256.18,Paid
799,799,Credit Card,185.31,Paid
800,800,UPI,250.65,Paid
801,801,UPI,206.43,Paid
802,802,UPI,0,Cancelled
803,803,Wallet,315.55,Paid
804,804,Cash,155.92,Paid
805,805,UPI,0,Refunded
806,806,UPI,124.35,Paid
807,807,UPI,141.61,Paid
808,808,Debit Card,431.28,Paid
809,809,UPI,186.01,Paid
810,810,UPI,122.65,Paid
811,811,UPI,182.87,Paid
812,812,Debit Card,339.65,Paid
813,813,UPI,382.4,Paid
814,814,Credit Card,222.89,Paid
815,815,UPI,0,Cancelled
816,816,Credit Card,190.85,Paid
817,817,UPI,0,Cancelled
818,818,UPI,0,Refunded
819,819,Debit Card,151.51,Paid
820,820,Credit Card,0,Cancelled
821,821,UPI,248.66,Paid
822,822,UPI,0,Refunded
823,823,Credit Card,180.89,Paid
824,824,UPI,295.17,Paid
825,825,UPI,336.19,Paid
826,826,UPI,156.42,Paid
827,827,UPI,181.15,Paid
828,828,UPI,127.58,Paid
829,829,Debit Card,211.92,Paid
830,830,Debit Card,98.05,Paid
831,831,Cash,146.84,Paid
832,832,UPI,242.18,Paid
833,833,Credit Card,132.9,Paid
834,834,Debit Card,126.66,Paid
835,835,Credit Card,0,Cancelled
836,836,UPI,0,Failed
837,837,UPI,289.87,Paid
838,838,UPI,104.81,Paid
839,839,Wallet,385.01,Paid
840,840,UPI,295.03,Paid
841,841,Debit Card,197.24,Paid
842,842,Cash,0,Refunded
843,843,Cash,191.68,Paid
844,844,Wallet,303.39,Paid
845,845,Debit Card,173.16,Paid
846,846,UPI,90.04,Paid
847,847,Credit Card,236.45,Paid
848,848,Credit Card,172.28,Paid
849,849,Debit Card,258.28,Paid
850,850,Credit Card,0,Cancelled
851,851,Cash,301.36,Paid
852,852,UPI,0,Refunded
853,853,Debit Card,133.19,Paid
854,854,Wallet,110.01,Paid
855,855,Debit Card,167.76,Paid
856,856,Debit Card,128.54,Paid
857,857,Debit Card,94.31,Paid
858,858,Cash,244.12,Paid
859,859,UPI,223.55,Paid
860,860,Wallet,141.8,Paid
861,861,Debit Card,218,Paid
862,862,Debit Card,167.73,Paid
863,863,UPI,232.22,Paid
864,864,UPI,0,Cancelled
865,865,UPI,168.3,Paid
866,866,UPI,101.97,Paid
867,867,Cash,392.06,Paid
868,868,Credit Card,145.29,Paid
869,869,Cash,142.87,Paid
870,870,Credit Card,0,Refunded
871,871,Cash,159.49,Paid
872,872,Wallet,0,Refunded
873,873,Debit Card,113.64,Paid
874,874,Credit Card,311.31,Paid
875,875,UPI,90.02,Paid
876,876,Cash,149.44,Paid
877,877,Debit Card,108.25,Paid
878,878,UPI,74.25,Paid
879,879,Debit Card,93.35,Paid
880,880,Credit Card,0,Failed
881,881,UPI,175.74,Paid
882,882,Wallet,0,Cancelled
883,883,UPI,194.41,Paid
884,884,Cash,167.82,Paid
885,885,Credit Card,0,Cancelled
886,886,Cash,0,Refunded
887,887,Credit Card,0,Cancelled
888,888,UPI,316.48,Paid
889,889,Credit Card,212.29,Paid
890,890,Cash,133.34,Paid
891,891,UPI,98.73,Paid
892,892,UPI,106.81,Paid
893,893,UPI,0,Cancelled
894,894,Cash,0,Cancelled
895,895,Debit Card,162.14,Paid
896,896,Wallet,180.87,Paid
897,897,Cash,0,Cancelled
898,898,UPI,125.61,Paid
899,899,Debit Card,158.53,Paid
900,900,Debit Card,267.22,Paid
901,901,UPI,181.01,Paid
902,902,Debit Card,0,Cancelled
903,903,UPI,182.16,Paid
904,904,Credit Card,104.52,Paid
905,905,UPI,139.84,Paid
906,906,Credit Card,0,Failed
907,907,UPI,0,Failed
908,908,Debit Card,114.71,Paid
909,909,Cash,337.5,Paid
910,910,UPI,142.09,Paid
911,911,UPI,346.19,Paid
912,912,UPI,154.25,Paid
913,913,UPI,110.48,Paid
914,914,Wallet,224.86,Paid
915,915,Debit Card,105.72,Paid
916,916,Credit Card,617.86,Paid
917,917,Credit Card,0,Refunded
918,918,Cash,110.05,Paid
919,919,Credit Card,125.7,Paid
920,920,Debit Card,0,Refunded
921,921,Wallet,254.77,Paid
922,922,Cash,72.15,Paid
923,923,UPI,90.39,Paid
924,924,Credit Card,357.99,Paid
925,925,Credit Card,131.71,Paid
926,926,Credit Card,204.1,Paid
927,927,UPI,0,Cancelled
928,928,Cash,114.82,Paid
929,929,Cash,157.95,Paid
930,930,Cash,211.07,Paid
931,931,Wallet,119.53,Paid
932,932,Debit Card,141.36,Paid
933,933,UPI,88.36,Paid
934,934,Credit Card,344.33,Paid
935,935,Cash,224.59,Paid
936,936,Cash,268.13,Paid
937,937,Debit Card,198.69,Paid
938,938,Credit Card,0,Cancelled
939,939,Cash,152.95,Paid
940,940,Debit Card,248.33,Paid
941,941,Cash,0,Refunded
942,942,Cash,95.11,Paid
943,943,UPI,376.1,Paid
944,944,UPI,371.83,Paid
945,945,Debit Card,309.03,Paid
946,946,Wallet,260.48,Paid
947,947,Cash,0,Refunded
948,948,Cash,367.71,Paid
949,949,Cash,0,Refunded
950,950,Credit Card,154.2,Paid
951,951,Wallet,122.46,Paid
952,952,Credit Card,161.32,Paid
953,953,Cash,0,Cancelled
954,954,UPI,0,Cancelled
955,955,Credit Card,85.13,Paid
956,956,UPI,300.68,Paid
957,957,UPI,127.24,Paid
958,958,Cash,172.88,Paid
959,959,Wallet,214.93,Paid
960,960,Credit Card,0,Cancelled
961,961,Credit Card,227.82,Paid
962,962,Wallet,93.8,Paid
963,963,Cash,77.73,Paid
964,964,UPI,139.5,Paid
965,965,UPI,81.53,Paid
966,966,Wallet,375.9,Paid
967,967,Credit Card,0,Failed
968,968,Credit Card,212.91,Paid
969,969,Credit Card,202.87,Paid
970,970,Debit Card,239.74,Paid
971,971,Cash,127.28,Paid
972,972,Wallet,116.16,Paid
973,973,UPI,140.44,Paid
974,974,Credit Card,104.01,Paid
975,975,Cash,0,Cancelled
976,976,Credit Card,133.1,Paid
977,977,UPI,215.66,Paid
978,978,Wallet,0,Refunded
979,979,Debit Card,275.91,Paid
980,980,Credit Card,0,Cancelled
981,981,Debit Card,183.72,Paid
982,982,UPI,210.55,Paid
983,983,Credit Card,0,Refunded
984,984,Debit Card,0,Refunded
985,985,Debit Card,105.76,Paid
986,986,UPI,318.48,Paid
987,987,Wallet,223,Paid
988,988,Debit Card,0,Refunded
989,989,Debit Card,148.68,Paid
990,990,Credit Card,0,Refunded
991,991,UPI,275.8,Paid
992,992,Credit Card,143.64,Paid
993,993,Credit Card,127.02,Paid
994,994,UPI,212.21,Paid
995,995,Wallet,0,Cancelled
996,996,Credit Card,254.71,Paid
997,997,UPI,0,Failed
998,998,UPI,209.63,Paid
999,999,Credit Card,198.71,Paid
1000,1000,UPI,0,Refunded
1001,1001,UPI,97.79,Paid
1002,1002,UPI,173.35,Paid
1003,1003,UPI,95.51,Paid
1004,1004,UPI,0,Refunded
1005,1005,Cash,0,Cancelled
1006,1006,Debit Card,417.38,Paid
1007,1007,Cash,0,Cancelled
1008,1008,UPI,207.29,Paid
1009,1009,Debit Card,401.59,Paid
1010,1010,Cash,0,Failed
1011,1011,Wallet,187.3,Paid
1012,1012,UPI,0,Cancelled
1013,1013,UPI,175.35,Paid
1014,1014,UPI,198.18,Paid
1015,1015,UPI,180.14,Paid
1016,1016,UPI,105.18,Paid
1017,1017,UPI,127.35,Paid
1018,1018,Debit Card,124.32,Paid
1019,1019,Debit Card,301.24,Paid
1020,1020,Credit Card,211.48,Paid
1021,1021,Debit Card,144.09,Paid
1022,1022,Debit Card,0,Cancelled
1023,1023,Debit Card,185.38,Paid
1024,1024,Wallet,494.73,Paid
1025,1025,Credit Card,0,Refunded
1026,1026,Debit Card,244.93,Paid
1027,1027,Cash,0,Cancelled
1028,1028,Cash,223.24,Paid
1029,1029,Credit Card,241.29,Paid
1030,1030,Cash,0,Refunded
1031,1031,Credit Card,242.78,Paid
1032,1032,Debit Card,223.86,Paid
1033,1033,UPI,210.6,Paid
1034,1034,Wallet,123.19,Paid
1035,1035,UPI,138.54,Paid
1036,1036,UPI,0,Refunded
1037,1037,UPI,134.83,Paid
1038,1038,Credit Card,189.98,Paid
1039,1039,Debit Card,0,Refunded
1040,1040,Wallet,321.33,Paid
1041,1041,Credit Card,150.15,Paid
1042,1042,Credit Card,0,Refunded
1043,1043,Credit Card,0,Failed
1044,1044,Cash,141.16,Paid
1045,1045,UPI,257.59,Paid
1046,1046,UPI,374.68,Paid
1047,1047,UPI,260.7,Paid
1048,1048,Cash,128.01,Paid
1049,1049,UPI,0,Cancelled
1050,1050,Credit Card,0,Cancelled
1051,1051,UPI,0,Cancelled
1052,1052,UPI,220.19,Paid
1053,1053,Credit Card,0,Refunded
1054,1054,Cash,150.2,Paid
1055,1055,UPI,185.28,Paid
1056,1056,UPI,87.85,Paid
1057,1057,Credit Card,368.14,Paid
1058,1058,Debit Card,0,Cancelled
1059,1059,Credit Card,256.24,Paid
1060,1060,UPI,204.74,Paid
1061,1061,UPI,0,Refunded
1062,1062,UPI,156.59,Paid
1063,1063,Wallet,0,Refunded
1064,1064,Credit Card,131.13,Paid
1065,1065,UPI,141.19,Paid
1066,1066,UPI,0,Refunded
1067,1067,Debit Card,196.9,Paid
1068,1068,Debit Card,137.94,Paid
1069,1069,Cash,245.74,Paid
1070,1070,UPI,158.26,Paid
1071,1071,Debit Card,124.93,Paid
1072,1072,UPI,88.78,Paid
1073,1073,Debit Card,107.13,Paid
1074,1074,UPI,82.73,Paid
1075,1075,UPI,169.29,Paid
1076,1076,Debit Card,102.1,Paid
1077,1077,Credit Card,222.25,Paid
1078,1078,UPI,0,Cancelled
1079,1079,UPI,0,Refunded
1080,1080,UPI,315.02,Paid
1081,1081,Cash,0,Refunded
1082,1082,Credit Card,130.89,Paid
1083,1083,UPI,204.04,Paid
1084,1084,UPI,266.6,Paid
1085,1085,Credit Card,213.58,Paid
1086,1086,UPI,145.91,Paid
1087,1087,UPI,88.69,Paid
1088,1088,Debit Card,0,Cancelled
1089,1089,UPI,0,Refunded
1090,1090,Debit Card,266.19,Paid
1091,1091,Credit Card,210.75,Paid
1092,1092,UPI,75.54,Paid
1093,1093,Cash,266.93,Paid
1094,1094,Credit Card,218.25,Paid
1095,1095,Debit Card,80.79,Paid
1096,1096,Debit Card,152.39,Paid
1097,1097,Cash,0,Cancelled
1098,1098,UPI,205.26,Paid
1099,1099,UPI,228.75,Paid
1100,1100,Credit Card,205.4,Paid
1101,1101,Cash,152.87,Paid
1102,1102,UPI,0,Cancelled
1103,1103,UPI,465.38,Paid
1104,1104,UPI,0,Cancelled
1105,1105,Debit Card,0,Refunded
1106,1106,Debit Card,127.7,Paid
1107,1107,Cash,96.77,Paid
1108,1108,Credit Card,0,Cancelled
1109,1109,Cash,0,Cancelled
1110,1110,UPI,141.33,Paid
1111,1111,Credit Card,0,Cancelled
1112,1112,Credit Card,0,Cancelled
1113,1113,Cash,144.81,Paid
1114,1114,Cash,108.58,Paid
1115,1115,Wallet,0,Refunded
1116,1116,UPI,251.05,Paid
1117,1117,UPI,141.83,Paid
1118,1118,UPI,284.63,Paid
1119,1119,Debit Card,176.16,Paid
1120,1120,Cash,95.37,Paid
1121,1121,Cash,0,Refunded
1122,1122,Wallet,252.68,Paid
1123,1123,Credit Card,131.8,Paid
1124,1124,UPI,235.11,Paid
1125,1125,Credit Card,156.74,Paid
1126,1126,UPI,431.95,Paid
1127,1127,UPI,291.69,Paid
1128,1128,Debit Card,264.7,Paid
1129,1129,UPI,131.43,Paid
1130,1130,Credit Card,414.23,Paid
1131,1131,UPI,217.5,Paid
1132,1132,Cash,0,Refunded
1133,1133,UPI,250.53,Paid
1134,1134,Wallet,111.33,Paid
1135,1135,Wallet,147.44,Paid
1136,1136,UPI,150.57,Paid
1137,1137,UPI,282.17,Paid
1138,1138,UPI,94.21,Paid
1139,1139,UPI,153.96,Paid
1140,1140,Cash,142.69,Paid
1141,1141,Debit Card,0,Cancelled
1142,1142,UPI,201.03,Paid
1143,1143,Wallet,115.83,Paid
1144,1144,Debit Card,210.81,Paid
1145,1145,Wallet,0,Cancelled
1146,1146,Debit Card,0,Cancelled
1147,1147,UPI,101.46,Paid
1148,1148,UPI,343.77,Paid
1149,1149,UPI,186.16,Paid
1150,1150,Credit Card,436.37,Paid
1151,1151,Credit Card,102.67,Paid
1152,1152,Credit Card,248.72,Paid
1153,1153,Wallet,245.09,Paid
1154,1154,Cash,0,Cancelled
1155,1155,UPI,0,Cancelled
1156,1156,UPI,480.95,Paid
1157,1157,UPI,146.62,Paid
1158,1158,Wallet,0,Failed
1159,1159,Cash,183.85,Paid
1160,1160,Wallet,190.19,Paid
1161,1161,UPI,270.68,Paid
1162,1162,Credit Card,290.88,Paid
1163,1163,UPI,111.78,Paid
1164,1164,UPI,156.82,Paid
1165,1165,UPI,214.2,Paid
1166,1166,Cash,334.25,Paid
1167,1167,UPI,122.23,Paid
1168,1168,UPI,69.87,Paid
1169,1169,Credit Card,0,Refunded
1170,1170,Wallet,122.85,Paid
1171,1171,Debit Card,323.28,Paid
1172,1172,Credit Card,92.68,Paid
1173,1173,UPI,222.82,Paid
1174,1174,Credit Card,251.05,Paid
1175,1175,UPI,81.44,Paid
1176,1176,Credit Card,229.8,Paid
1177,1177,UPI,83.92,Paid
1178,1178,UPI,195.63,Paid
1179,1179,Cash,161.68,Paid
1180,1180,Credit Card,82,Paid
1181,1181,UPI,146.79,Paid
1182,1182,UPI,213.47,Paid
1183,1183,Credit Card,424.84,Paid
1184,1184,Debit Card,471.59,Paid
1185,1185,Credit Card,268.63,Paid
1186,1186,Credit Card,91.41,Paid
1187,1187,UPI,278.23,Paid
1188,1188,UPI,506.95,Paid
1189,1189,UPI,421.49,Paid
1190,1190,Credit Card,234.18,Paid
1191,1191,UPI,0,Cancelled
1192,1192,Credit Card,0,Failed
1193,1193,UPI,180.42,Paid
1194,1194,Wallet,145.09,Paid
1195,1195,Credit Card,193.52,Paid
1196,1196,UPI,187.93,Paid
1197,1197,UPI,81.99,Paid
1198,1198,Wallet,149.99,Paid
1199,1199,Wallet,0,Refunded
1200,1200,UPI,170.33,Paid
1201,1201,Cash,137.29,Paid
1202,1202,Credit Card,101.55,Paid
1203,1203,UPI,97.32,Paid
1204,1204,Cash,0,Failed
1205,1205,Credit Card,0,Refunded
1206,1206,UPI,0,Cancelled
1207,1207,Cash,254.08,Paid
1208,1208,Debit Card,227.86,Paid
1209,1209,UPI,143.45,Paid
1210,1210,UPI,299.73,Paid
1211,1211,UPI,114.96,Paid
1212,1212,Credit Card,360.33,Paid
1213,1213,UPI,156.68,Paid
1214,1214,Cash,395.54,Paid
1215,1215,Debit Card,155.71,Paid
1216,1216,UPI,110.56,Paid
1217,1217,Debit Card,182.22,Paid
1218,1218,Wallet,182.91,Paid
1219,1219,Credit Card,77.89,Paid
1220,1220,UPI,427.63,Paid
1221,1221,Cash,242.86,Paid
1222,1222,Debit Card,0,Cancelled
1223,1223,Credit Card,175.03,Paid
1224,1224,UPI,148.5,Paid
1225,1225,UPI,165.42,Paid
1226,1226,UPI,0,Cancelled
1227,1227,Cash,129.1,Paid
1228,1228,Wallet,291.78,Paid
1229,1229,Wallet,129.15,Paid
1230,1230,UPI,97.99,Paid
1231,1231,UPI,166.4,Paid
1232,1232,UPI,86.86,Paid
1233,1233,UPI,0,Refunded
1234,1234,UPI,0,Failed
1235,1235,Wallet,122.9,Paid
1236,1236,Wallet,138.37,Paid
1237,1237,UPI,105.53,Paid
1238,1238,Credit Card,0,Cancelled
1239,1239,Debit Card,127.22,Paid
1240,1240,UPI,0,Cancelled
1241,1241,UPI,252.66,Paid
1242,1242,UPI,126.74,Paid
1243,1243,Debit Card,0,Cancelled
1244,1244,UPI,243.45,Paid
1245,1245,Credit Card,132.6,Paid
1246,1246,UPI,111.73,Paid
1247,1247,Cash,166.36,Paid
1248,1248,UPI,366.5,Paid
1249,1249,UPI,190.86,Paid
1250,1250,Credit Card,365.44,Paid
1251,1251,UPI,0,Cancelled
1252,1252,UPI,0,Cancelled
1253,1253,Cash,330.51,Paid
1254,1254,Credit Card,199.29,Paid
1255,1255,Cash,162.85,Paid
1256,1256,Credit Card,60.73,Paid
1257,1257,Credit Card,158.89,Paid
1258,1258,UPI,0,Refunded
1259,1259,Debit Card,0,Failed
1260,1260,UPI,108.39,Paid
1261,1261,UPI,219.06,Paid
1262,1262,Credit Card,257.63,Paid
1263,1263,UPI,158,Paid
1264,1264,UPI,116.33,Paid
1265,1265,Debit Card,118.21,Paid
1266,1266,UPI,135.15,Paid
1267,1267,Debit Card,189.78,Paid
1268,1268,UPI,0,Cancelled
1269,1269,Credit Card,145.88,Paid
1270,1270,UPI,114.3,Paid
1271,1271,Credit Card,0,Cancelled
1272,1272,Wallet,0,Refunded
1273,1273,UPI,359.06,Paid
1274,1274,Credit Card,304.39,Paid
1275,1275,Wallet,0,Refunded
1276,1276,UPI,332.98,Paid
1277,1277,UPI,304.74,Paid
1278,1278,UPI,262.69,Paid
1279,1279,Credit Card,0,Refunded
1280,1280,UPI,229.32,Paid
1281,1281,Credit Card,0,Cancelled
1282,1282,UPI,144.07,Paid
1283,1283,Wallet,287.31,Paid
1284,1284,UPI,126.61,Paid
1285,1285,Credit Card,230.06,Paid
1286,1286,Debit Card,147.67,Paid
1287,1287,Credit Card,330.99,Paid
1288,1288,UPI,343.77,Paid
1289,1289,UPI,101.1,Paid
1290,1290,UPI,0,Cancelled
1291,1291,UPI,97.41,Paid
1292,1292,UPI,0,Cancelled
1293,1293,Credit Card,220.06,Paid
1294,1294,Wallet,0,Refunded
1295,1295,Credit Card,0,Failed
1296,1296,Wallet,201.51,Paid
1297,1297,UPI,0,Failed
1298,1298,Debit Card,154.12,Paid
1299,1299,Credit Card,0,Cancelled
1300,1300,Credit Card,0,Refunded
1301,1301,UPI,98.26,Paid
1302,1302,UPI,107.84,Paid
1303,1303,UPI,236.15,Paid
1304,1304,Credit Card,369.9,Paid
1305,1305,Credit Card,122.1,Paid
1306,1306,Credit Card,0,Refunded
1307,1307,UPI,282.75,Paid
1308,1308,Debit Card,0,Refunded
1309,1309,Debit Card,220.16,Paid
1310,1310,Debit Card,0,Failed
1311,1311,UPI,0,Refunded
1312,1312,UPI,0,Cancelled
1313,1313,Cash,558.77,Paid
1314,1314,Credit Card,284.94,Paid
1315,1315,Credit Card,276.55,Paid
1316,1316,Cash,172.22,Paid
1317,1317,Wallet,323.48,Paid
1318,1318,Wallet,0,Failed
1319,1319,UPI,180.21,Paid
1320,1320,UPI,147.8,Paid
1321,1321,Credit Card,153.91,Paid
1322,1322,Debit Card,0,Failed
1323,1323,Debit Card,0,Cancelled
1324,1324,Debit Card,0,Refunded
1325,1325,UPI,255.97,Paid
1326,1326,UPI,235.19,Paid
1327,1327,UPI,0,Cancelled
1328,1328,Debit Card,129.85,Paid
1329,1329,UPI,401.52,Paid
1330,1330,Credit Card,232.94,Paid
1331,1331,UPI,138.96,Paid
1332,1332,Credit Card,180.93,Paid
1333,1333,UPI,318.83,Paid
1334,1334,Debit Card,72.81,Paid
1335,1335,UPI,241.43,Paid
1336,1336,Debit Card,137.5,Paid
1337,1337,UPI,203.2,Paid
1338,1338,UPI,179.9,Paid
1339,1339,Credit Card,185.51,Paid
1340,1340,Credit Card,193,Paid
1341,1341,Credit Card,195.41,Paid
1342,1342,Cash,128.03,Paid
1343,1343,UPI,229.41,Paid
1344,1344,Debit Card,290.07,Paid
1345,1345,Cash,0,Cancelled
1346,1346,UPI,113.71,Paid
1347,1347,Credit Card,101.34,Paid
1348,1348,UPI,222.72,Paid
1349,1349,Debit Card,0,Refunded
1350,1350,UPI,285.8,Paid
1351,1351,Credit Card,155.47,Paid
1352,1352,Credit Card,142.11,Paid
1353,1353,Credit Card,268.05,Paid
1354,1354,Wallet,98.46,Paid
1355,1355,Credit Card,236.14,Paid
1356,1356,Debit Card,74.07,Paid
1357,1357,Wallet,388.8,Paid
1358,1358,Debit Card,0,Refunded
1359,1359,Cash,106.6,Paid
1360,1360,UPI,178.98,Paid
1361,1361,UPI,0,Refunded
1362,1362,Debit Card,0,Refunded
1363,1363,Cash,0,Cancelled
1364,1364,UPI,0,Failed
1365,1365,Cash,0,Cancelled
1366,1366,UPI,165.22,Paid
1367,1367,Credit Card,0,Failed
1368,1368,Cash,0,Refunded
1369,1369,UPI,129.22,Paid
1370,1370,Debit Card,154.84,Paid
1371,1371,Cash,0,Cancelled
1372,1372,Credit Card,458.67,Paid
1373,1373,UPI,0,Refunded
1374,1374,Debit Card,263.98,Paid
1375,1375,UPI,85,Paid
1376,1376,UPI,490.85,Paid
1377,1377,UPI,272.45,Paid
1378,1378,Debit Card,141.64,Paid
1379,1379,UPI,141.17,Paid
1380,1380,Credit Card,159.29,Paid
1381,1381,Cash,136.51,Paid
1382,1382,Credit Card,157.26,Paid
1383,1383,UPI,162.38,Paid
1384,1384,UPI,0,Failed
1385,1385,Wallet,149.35,Paid
1386,1386,UPI,194.12,Paid
1387,1387,UPI,263.51,Paid
1388,1388,Debit Card,294.32,Paid
1389,1389,UPI,136.52,Paid
1390,1390,Cash,213.81,Paid
1391,1391,Credit Card,0,Refunded
1392,1392,Credit Card,0,Refunded
1393,1393,Wallet,0,Cancelled
1394,1394,UPI,176.09,Paid
1395,1395,Wallet,177.24,Paid
1396,1396,UPI,256.33,Paid
1397,1397,UPI,123.87,Paid
1398,1398,UPI,0,Refunded
1399,1399,UPI,260.33,Paid
1400,1400,UPI,125.61,Paid
1401,1401,UPI,174.41,Paid
1402,1402,Cash,0,Failed
1403,1403,UPI,0,Refunded
1404,1404,UPI,262.88,Paid
1405,1405,UPI,0,Cancelled
1406,1406,Credit Card,211.75,Paid
1407,1407,UPI,0,Cancelled
1408,1408,UPI,0,Failed
1409,1409,UPI,0,Cancelled
1410,1410,UPI,125.86,Paid
1411,1411,Wallet,192.62,Paid
1412,1412,Wallet,148.05,Paid
1413,1413,Debit Card,153.52,Paid
1414,1414,UPI,0,Cancelled
1415,1415,Cash,239.05,Paid
1416,1416,UPI,108.1,Paid
1417,1417,Credit Card,134.21,Paid
1418,1418,Cash,145.17,Paid
1419,1419,UPI,211.47,Paid
1420,1420,UPI,264.98,Paid
1421,1421,Credit Card,129.33,Paid
1422,1422,Cash,241.64,Paid
1423,1423,Debit Card,0,Cancelled
1424,1424,UPI,278.95,Paid
1425,1425,UPI,0,Cancelled
1426,1426,UPI,189.85,Paid
1427,1427,UPI,279.52,Paid
1428,1428,Wallet,90.74,Paid
1429,1429,UPI,100.24,Paid
1430,1430,Wallet,251.22,Paid
1431,1431,Credit Card,95.91,Paid
1432,1432,Debit Card,163.05,Paid
1433,1433,Cash,132.24,Paid
1434,1434,Wallet,176.18,Paid
1435,1435,Wallet,328.98,Paid
1436,1436,Credit Card,144.13,Paid
1437,1437,Debit Card,0,Refunded
1438,1438,UPI,269.29,Paid
1439,1439,Credit Card,137.28,Paid
1440,1440,Credit Card,0,Failed
1441,1441,UPI,133.8,Paid
1442,1442,Cash,0,Cancelled
1443,1443,UPI,125.54,Paid
1444,1444,Credit Card,0,Cancelled
1445,1445,UPI,230.15,Paid
1446,1446,Credit Card,0,Refunded
1447,1447,Credit Card,164.73,Paid
1448,1448,Credit Card,171.79,Paid
1449,1449,UPI,493.02,Paid
1450,1450,UPI,147.28,Paid
1451,1451,UPI,151.77,Paid
1452,1452,UPI,407.21,Paid
1453,1453,Credit Card,0,Cancelled
1454,1454,Debit Card,149.39,Paid
1455,1455,Debit Card,0,Cancelled
1456,1456,Cash,200.74,Paid
1457,1457,UPI,0,Cancelled
1458,1458,Credit Card,0,Cancelled
1459,1459,Credit Card,101.7,Paid
1460,1460,Credit Card,0,Failed
1461,1461,Credit Card,0,Refunded
1462,1462,Cash,194.25,Paid
1463,1463,UPI,163.57,Paid
1464,1464,UPI,181.58,Paid
1465,1465,Credit Card,0,Failed
1466,1466,Credit Card,172,Paid
1467,1467,UPI,312,Paid
1468,1468,Credit Card,151.52,Paid
1469,1469,Debit Card,337.91,Paid
1470,1470,UPI,0,Cancelled
1471,1471,Cash,0,Refunded
1472,1472,Debit Card,186.69,Paid
1473,1473,Credit Card,146.63,Paid
1474,1474,UPI,225.97,Paid
1475,1475,Wallet,199.33,Paid
1476,1476,Credit Card,105.73,Paid
1477,1477,UPI,447.82,Paid
1478,1478,UPI,266.55,Paid
1479,1479,UPI,166.55,Paid
1480,1480,UPI,109.06,Paid
1481,1481,UPI,246.45,Paid
1482,1482,Debit Card,0,Refunded
1483,1483,UPI,274.92,Paid
1484,1484,UPI,111.62,Paid
1485,1485,Wallet,0,Cancelled
1486,1486,Credit Card,100.57,Paid
1487,1487,UPI,528.08,Paid
1488,1488,UPI,385.94,Paid
1489,1489,Wallet,203.64,Paid
1490,1490,Credit Card,0,Cancelled
1491,1491,Credit Card,201.94,Paid
1492,1492,UPI,109.28,Paid
1493,1493,UPI,105.11,Paid
1494,1494,Debit Card,133.06,Paid
1495,1495,Cash,0,Refunded
1496,1496,UPI,0,Failed
1497,1497,Wallet,221.73,Paid
1498,1498,UPI,76.78,Paid
1499,1499,Debit Card,157.73,Paid
1500,1500,Credit Card,217.36,Paid
1501,1501,UPI,176.49,Paid
1502,1502,Cash,162.61,Paid
1503,1503,Credit Card,199.12,Paid
1504,1504,Credit Card,0,Cancelled
1505,1505,Credit Card,193.04,Paid
1506,1506,Debit Card,287.27,Paid
1507,1507,UPI,104.94,Paid
1508,1508,Debit Card,0,Cancelled
1509,1509,UPI,0,Cancelled
1510,1510,Credit Card,316.11,Paid
1511,1511,UPI,140.92,Paid
1512,1512,UPI,0,Refunded
1513,1513,Cash,292.73,Paid
1514,1514,UPI,124.55,Paid
1515,1515,Debit Card,0,Refunded
1516,1516,UPI,0,Refunded
1517,1517,Cash,198.3,Paid
1518,1518,Credit Card,345.44,Paid
1519,1519,UPI,134.93,Paid
1520,1520,Debit Card,163.66,Paid
1521,1521,Credit Card,0,Cancelled
1522,1522,Credit Card,195.43,Paid
1523,1523,Debit Card,0,Cancelled
1524,1524,Wallet,281.23,Paid
1525,1525,UPI,182.62,Paid
1526,1526,Credit Card,219.89,Paid
1527,1527,UPI,167.21,Paid
1528,1528,UPI,157.81,Paid
1529,1529,UPI,181.31,Paid
1530,1530,UPI,191.18,Paid
1531,1531,UPI,160,Paid
1532,1532,Credit Card,109.33,Paid
1533,1533,UPI,184.48,Paid
1534,1534,UPI,178.19,Paid
1535,1535,Credit Card,245.48,Paid
1536,1536,UPI,168.05,Paid
1537,1537,UPI,305.38,Paid
1538,1538,Credit Card,251.49,Paid
1539,1539,UPI,153.83,Paid
1540,1540,UPI,196.85,Paid
1541,1541,UPI,0,Refunded
1542,1542,Cash,293.36,Paid
1543,1543,Debit Card,166.58,Paid
1544,1544,UPI,125.26,Paid
1545,1545,UPI,0,Cancelled
1546,1546,Credit Card,155.67,Paid
1547,1547,UPI,105.44,Paid
1548,1548,Cash,247.59,Paid
1549,1549,Credit Card,159.96,Paid
1550,1550,Wallet,0,Failed
1551,1551,Wallet,0,Refunded
1552,1552,Credit Card,201.91,Paid
1553,1553,Credit Card,0,Failed
1554,1554,UPI,289.88,Paid
1555,1555,Cash,104.31,Paid
1556,1556,Wallet,275.52,Paid
1557,1557,UPI,432.07,Paid
1558,1558,Debit Card,178.85,Paid
1559,1559,UPI,297.2,Paid
1560,1560,UPI,501.87,Paid
1561,1561,UPI,0,Refunded
1562,1562,Debit Card,0,Refunded
1563,1563,UPI,216.49,Paid
1564,1564,UPI,175.47,Paid
1565,1565,Credit Card,0,Failed
1566,1566,Debit Card,0,Refunded
1567,1567,UPI,164,Paid
1568,1568,Credit Card,176.05,Paid
1569,1569,Credit Card,157.02,Paid
1570,1570,UPI,111.22,Paid
1571,1571,Wallet,0,Cancelled
1572,1572,UPI,207.27,Paid
1573,1573,Debit Card,0,Refunded
1574,1574,Debit Card,115.29,Paid
1575,1575,Credit Card,0,Failed
1576,1576,UPI,160.53,Paid
1577,1577,Cash,188.12,Paid
1578,1578,Debit Card,116.61,Paid
1579,1579,Credit Card,178.9,Paid
1580,1580,UPI,106.15,Paid
1581,1581,Credit Card,156.27,Paid
1582,1582,UPI,174.39,Paid
1583,1583,Credit Card,155.88,Paid
1584,1584,Debit Card,110.72,Paid
1585,1585,Wallet,234.22,Paid
1586,1586,Debit Card,148.86,Paid
1587,1587,UPI,0,Cancelled
1588,1588,UPI,161.89,Paid
1589,1589,UPI,0,Cancelled
1590,1590,UPI,133.75,Paid
1591,1591,UPI,292.55,Paid
1592,1592,Wallet,284.33,Paid
1593,1593,Credit Card,73.58,Paid
1594,1594,Wallet,194.7,Paid
1595,1595,UPI,415.05,Paid
1596,1596,Debit Card,133.93,Paid
1597,1597,Credit Card,319.46,Paid
1598,1598,UPI,286.24,Paid
1599,1599,UPI,98.52,Paid
1600,1600,UPI,173.72,Paid
1601,1601,UPI,208.03,Paid
1602,1602,UPI,148.79,Paid
1603,1603,Credit Card,208.86,Paid
1604,1604,UPI,192.88,Paid
1605,1605,UPI,193.84,Paid
1606,1606,Cash,247.52,Paid
1607,1607,Credit Card,144.09,Paid
1608,1608,Debit Card,185.73,Paid
1609,1609,UPI,96.68,Paid
1610,1610,Credit Card,96.47,Paid
1611,1611,Debit Card,486.31,Paid
1612,1612,UPI,231.76,Paid
1613,1613,Credit Card,295.62,Paid
1614,1614,Cash,0,Refunded
1615,1615,Debit Card,448.39,Paid
1616,1616,Cash,239.73,Paid
1617,1617,UPI,166.56,Paid
1618,1618,Debit Card,151.99,Paid
1619,1619,UPI,0,Cancelled
1620,1620,UPI,250.32,Paid
1621,1621,UPI,0,Refunded
1622,1622,Debit Card,213.49,Paid
1623,1623,Credit Card,127.85,Paid
1624,1624,Credit Card,166.29,Paid
1625,1625,UPI,298.72,Paid
1626,1626,UPI,175.43,Paid
1627,1627,Debit Card,212.75,Paid
1628,1628,Debit Card,255.82,Paid
1629,1629,Debit Card,0,Refunded
1630,1630,Wallet,136.17,Paid
1631,1631,Cash,173.99,Paid
1632,1632,UPI,134.88,Paid
1633,1633,UPI,186.49,Paid
1634,1634,Credit Card,93.39,Paid
1635,1635,Cash,302.39,Paid
1636,1636,UPI,213.39,Paid
1637,1637,Debit Card,137.61,Paid
1638,1638,Wallet,230.49,Paid
1639,1639,UPI,243.13,Paid
1640,1640,Debit Card,0,Refunded
1641,1641,UPI,387.56,Paid
1642,1642,Wallet,137.93,Paid
1643,1643,Cash,156.24,Paid
1644,1644,UPI,0,Cancelled
1645,1645,UPI,429.35,Paid
1646,1646,UPI,84.96,Paid
1647,1647,Credit Card,423.01,Paid
1648,1648,Wallet,331.63,Paid
1649,1649,Cash,0,Failed
1650,1650,Credit Card,148.06,Paid
1651,1651,UPI,228.96,Paid
1652,1652,UPI,210.9,Paid
1653,1653,UPI,230.09,Paid
1654,1654,Cash,0,Cancelled
1655,1655,Credit Card,230.36,Paid
1656,1656,Credit Card,94.01,Paid
1657,1657,Credit Card,150.47,Paid
1658,1658,UPI,340.11,Paid
1659,1659,Cash,257.75,Paid
1660,1660,Debit Card,0,Failed
1661,1661,UPI,0,Cancelled
1662,1662,UPI,199.21,Paid
1663,1663,Debit Card,278.9,Paid
1664,1664,Wallet,204.14,Paid
1665,1665,UPI,307.95,Paid
1666,1666,UPI,199.5,Paid
1667,1667,Credit Card,214.32,Paid
1668,1668,Credit Card,113.48,Paid
1669,1669,UPI,436.37,Paid
1670,1670,Credit Card,201.45,Paid
1671,1671,UPI,209.69,Paid
1672,1672,Credit Card,0,Cancelled
1673,1673,UPI,157.6,Paid
1674,1674,UPI,235.19,Paid
1675,1675,Wallet,241.61,Paid
1676,1676,UPI,74.38,Paid
1677,1677,UPI,235.79,Paid
1678,1678,Credit Card,350.13,Paid
1679,1679,Credit Card,0,Refunded
1680,1680,UPI,331.5,Paid
1681,1681,Cash,251.87,Paid
1682,1682,UPI,154.29,Paid
1683,1683,Cash,0,Cancelled
1684,1684,UPI,212.22,Paid
1685,1685,Credit Card,0,Refunded
1686,1686,Wallet,232.82,Paid
1687,1687,UPI,0,Cancelled
1688,1688,Credit Card,145.29,Paid
1689,1689,UPI,129.69,Paid
1690,1690,Credit Card,0,Cancelled
1691,1691,UPI,0,Refunded
1692,1692,Cash,192.4,Paid
1693,1693,Credit Card,105.38,Paid
1694,1694,Cash,262.02,Paid
1695,1695,Debit Card,239.17,Paid
1696,1696,UPI,131.64,Paid
1697,1697,Cash,0,Failed
1698,1698,UPI,295.1,Paid
1699,1699,Credit Card,184.47,Paid
1700,1700,UPI,189.89,Paid
1701,1701,UPI,311.84,Paid
1702,1702,UPI,0,Cancelled
1703,1703,Cash,343.06,Paid
1704,1704,Credit Card,98.7,Paid
1705,1705,UPI,218.06,Paid
1706,1706,Wallet,178.17,Paid
1707,1707,UPI,0,Failed
1708,1708,Credit Card,0,Refunded
1709,1709,UPI,155.45,Paid
1710,1710,UPI,292.76,Paid
1711,1711,Cash,257.08,Paid
1712,1712,Credit Card,140.12,Paid
1713,1713,UPI,85.98,Paid
1714,1714,UPI,208.44,Paid
1715,1715,Cash,207.24,Paid
1716,1716,UPI,192.1,Paid
1717,1717,Cash,139.23,Paid
1718,1718,UPI,0,Refunded
1719,1719,Wallet,138.82,Paid
1720,1720,Credit Card,0,Refunded
1721,1721,Wallet,252.96,Paid
1722,1722,Credit Card,128.58,Paid
1723,1723,Debit Card,251.88,Paid
1724,1724,UPI,154.29,Paid
1725,1725,UPI,168.37,Paid
1726,1726,UPI,147.99,Paid
1727,1727,UPI,177.6,Paid
1728,1728,UPI,213.99,Paid
1729,1729,UPI,0,Cancelled
1730,1730,Wallet,140.75,Paid
1731,1731,UPI,230.2,Paid
1732,1732,UPI,292.62,Paid
1733,1733,UPI,141.77,Paid
1734,1734,Debit Card,319.39,Paid
1735,1735,Debit Card,451.53,Paid
1736,1736,UPI,87.63,Paid
1737,1737,UPI,189.03,Paid
1738,1738,UPI,151.01,Paid
1739,1739,UPI,444.1,Paid
1740,1740,Debit Card,0,Refunded
1741,1741,Cash,423.49,Paid
1742,1742,Cash,238.33,Paid
1743,1743,Credit Card,0,Cancelled
1744,1744,Cash,216.33,Paid
1745,1745,Debit Card,257.86,Paid
1746,1746,UPI,219.19,Paid
1747,1747,Wallet,300.09,Paid
1748,1748,Credit Card,0,Cancelled
1749,1749,Credit Card,370.3,Paid
1750,1750,Credit Card,255.69,Paid
1751,1751,UPI,162.93,Paid
1752,1752,UPI,0,Refunded
1753,1753,Credit Card,154.23,Paid
1754,1754,Credit Card,285.69,Paid
1755,1755,UPI,0,Refunded
1756,1756,UPI,432.42,Paid
1757,1757,Wallet,233.75,Paid
1758,1758,UPI,329.54,Paid
1759,1759,UPI,334.62,Paid
1760,1760,UPI,134.53,Paid
1761,1761,UPI,73.28,Paid
1762,1762,Cash,65.88,Paid
1763,1763,UPI,139.99,Paid
1764,1764,Debit Card,100.36,Paid
1765,1765,UPI,165.33,Paid
1766,1766,Credit Card,281.68,Paid
1767,1767,UPI,0,Refunded
1768,1768,Debit Card,186.31,Paid
1769,1769,Debit Card,0,Cancelled
1770,1770,Credit Card,269.45,Paid
1771,1771,Debit Card,90.82,Paid
1772,1772,UPI,140.66,Paid
1773,1773,Credit Card,0,Cancelled
1774,1774,Cash,0,Cancelled
1775,1775,UPI,278.32,Paid
1776,1776,Credit Card,0,Refunded
1777,1777,UPI,143.87,Paid
1778,1778,Credit Card,186.47,Paid
1779,1779,Credit Card,0,Cancelled
1780,1780,Debit Card,0,Cancelled
1781,1781,UPI,0,Failed
1782,1782,Debit Card,157.99,Paid
1783,1783,UPI,209.23,Paid
1784,1784,UPI,366.06,Paid
1785,1785,Credit Card,316.4,Paid
1786,1786,UPI,0,Refunded
1787,1787,Credit Card,173.03,Paid
1788,1788,Debit Card,165.4,Paid
1789,1789,Cash,284.3,Paid
1790,1790,Debit Card,293.37,Paid
1791,1791,Wallet,257.25,Paid
1792,1792,Credit Card,148.16,Paid
1793,1793,Debit Card,0,Refunded
1794,1794,Cash,170.25,Paid
1795,1795,Credit Card,0,Cancelled
1796,1796,Wallet,237.09,Paid
1797,1797,Credit Card,181.03,Paid
1798,1798,UPI,90.55,Paid
1799,1799,UPI,0,Refunded
1800,1800,UPI,96.88,Paid
1801,1801,Debit Card,255.96,Paid
1802,1802,Credit Card,217.27,Paid
1803,1803,Wallet,286.74,Paid
1804,1804,Cash,0,Refunded
1805,1805,Credit Card,296.54,Paid
1806,1806,UPI,170.69,Paid
1807,1807,Wallet,234.86,Paid
1808,1808,Credit Card,130.93,Paid
1809,1809,Wallet,128.53,Paid
1810,1810,UPI,200.6,Paid
1811,1811,Cash,179.32,Paid
1812,1812,UPI,175.49,Paid
1813,1813,Credit Card,137.64,Paid
1814,1814,Wallet,0,Failed
1815,1815,Credit Card,179.63,Paid
1816,1816,Cash,75.3,Paid
1817,1817,UPI,0,Failed
1818,1818,Credit Card,213.73,Paid
1819,1819,Credit Card,182.7,Paid
1820,1820,UPI,163.43,Paid
1821,1821,UPI,308.39,Paid
1822,1822,Debit Card,0,Refunded
1823,1823,Wallet,296.63,Paid
1824,1824,Credit Card,419.32,Paid
1825,1825,UPI,200.95,Paid
1826,1826,Debit Card,391.73,Paid
1827,1827,Wallet,0,Refunded
1828,1828,Debit Card,282.76,Paid
1829,1829,Credit Card,130.22,Paid
1830,1830,Wallet,229.25,Paid
1831,1831,Cash,266.52,Paid
1832,1832,Debit Card,110.62,Paid
1833,1833,Wallet,129.9,Paid
1834,1834,Debit Card,194.89,Paid
1835,1835,Wallet,131.14,Paid
1836,1836,Debit Card,0,Refunded
1837,1837,UPI,226.16,Paid
1838,1838,UPI,190.39,Paid
1839,1839,UPI,0,Refunded
1840,1840,UPI,153.56,Paid
1841,1841,Credit Card,0,Refunded
1842,1842,Debit Card,0,Refunded
1843,1843,UPI,143.22,Paid
1844,1844,UPI,109.42,Paid
1845,1845,Debit Card,139.4,Paid
1846,1846,UPI,281.16,Paid
1847,1847,Debit Card,136.51,Paid
1848,1848,UPI,165.57,Paid
1849,1849,Wallet,110.19,Paid
1850,1850,UPI,137.9,Paid
1851,1851,UPI,92.18,Paid
1852,1852,Credit Card,0,Refunded
1853,1853,Debit Card,93.53,Paid
1854,1854,Wallet,344.87,Paid
1855,1855,Cash,213.15,Paid
1856,1856,UPI,0,Refunded
1857,1857,UPI,0,Cancelled
1858,1858,UPI,253.24,Paid
1859,1859,UPI,0,Refunded
1860,1860,Debit Card,194.15,Paid
1861,1861,Debit Card,0,Failed
1862,1862,Credit Card,116.09,Paid
1863,1863,UPI,126.01,Paid
1864,1864,Wallet,363.21,Paid
1865,1865,UPI,147,Paid
1866,1866,Cash,0,Failed
1867,1867,Debit Card,162.56,Paid
1868,1868,UPI,0,Refunded
1869,1869,UPI,185.23,Paid
1870,1870,Credit Card,315.24,Paid
1871,1871,UPI,317.44,Paid
1872,1872,Cash,179.82,Paid
1873,1873,Cash,0,Refunded
1874,1874,Debit Card,127.65,Paid
1875,1875,UPI,376.27,Paid
1876,1876,Cash,91.86,Paid
1877,1877,Debit Card,196.5,Paid
1878,1878,Credit Card,0,Failed
1879,1879,UPI,213.56,Paid
1880,1880,Credit Card,0,Cancelled
1881,1881,UPI,134.84,Paid
1882,1882,Credit Card,246.6,Paid
1883,1883,Debit Card,0,Cancelled
1884,1884,Debit Card,154,Paid
1885,1885,Credit Card,157.18,Paid
1886,1886,UPI,125.76,Paid
1887,1887,UPI,326.41,Paid
1888,1888,Cash,0,Failed
1889,1889,Credit Card,304.36,Paid
1890,1890,UPI,0,Refunded
1891,1891,UPI,217.94,Paid
1892,1892,Credit Card,127.3,Paid
1893,1893,UPI,111.2,Paid
1894,1894,UPI,199.38,Paid
1895,1895,Credit Card,0,Cancelled
1896,1896,Credit Card,156.82,Paid
1897,1897,Credit Card,136.87,Paid
1898,1898,UPI,0,Cancelled
1899,1899,Debit Card,0,Cancelled
1900,1900,Debit Card,198.12,Paid
1901,1901,UPI,0,Failed
1902,1902,UPI,197.38,Paid
1903,1903,Credit Card,243.41,Paid
1904,1904,Wallet,120.12,Paid
1905,1905,Credit Card,520.14,Paid
1906,1906,Debit Card,284.73,Paid
1907,1907,Credit Card,220.03,Paid
1908,1908,UPI,468.56,Paid
1909,1909,UPI,147.15,Paid
1910,1910,Wallet,0,Failed
1911,1911,Credit Card,187.16,Paid
1912,1912,UPI,213.88,Paid
1913,1913,UPI,92.27,Paid
1914,1914,UPI,74.65,Paid
1915,1915,Credit Card,217.44,Paid
1916,1916,UPI,364.39,Paid
1917,1917,Cash,186.01,Paid
1918,1918,UPI,165.08,Paid
1919,1919,UPI,270.04,Paid
1920,1920,UPI,212.13,Paid
1921,1921,Credit Card,223.82,Paid
1922,1922,Wallet,175.01,Paid
1923,1923,Cash,221.47,Paid
1924,1924,UPI,66.17,Paid
1925,1925,Cash,282.76,Paid
1926,1926,Credit Card,204.78,Paid
1927,1927,Debit Card,176.26,Paid
1928,1928,Credit Card,0,Failed
1929,1929,Debit Card,0,Refunded
1930,1930,UPI,168.1,Paid
1931,1931,UPI,366.89,Paid
1932,1932,Credit Card,237.49,Paid
1933,1933,Credit Card,212.77,Paid
1934,1934,UPI,272.86,Paid
1935,1935,Debit Card,302.66,Paid
1936,1936,Debit Card,299.54,Paid
1937,1937,UPI,0,Cancelled
1938,1938,UPI,0,Cancelled
1939,1939,UPI,97.48,Paid
1940,1940,Wallet,250.8,Paid
1941,1941,UPI,173.37,Paid
1942,1942,Credit Card,105.9,Paid
1943,1943,Debit Card,0,Refunded
1944,1944,UPI,95.44,Paid
1945,1945,Debit Card,152.78,Paid
1946,1946,UPI,348.59,Paid
1947,1947,UPI,0,Refunded
1948,1948,UPI,0,Cancelled
1949,1949,UPI,215.76,Paid
1950,1950,UPI,167.25,Paid
1951,1951,Credit Card,303.52,Paid
1952,1952,Credit Card,199.72,Paid
1953,1953,Wallet,0,Cancelled
1954,1954,Debit Card,201.17,Paid
1955,1955,Credit Card,0,Refunded
1956,1956,Credit Card,125.19,Paid
1957,1957,Credit Card,0,Refunded
1958,1958,UPI,61.47,Paid
1959,1959,Debit Card,0,Cancelled
1960,1960,Debit Card,111.11,Paid
1961,1961,Credit Card,97.87,Paid
1962,1962,UPI,0,Refunded
1963,1963,Cash,98.03,Paid
1964,1964,UPI,164.17,Paid
1965,1965,UPI,0,Refunded
1966,1966,UPI,232.21,Paid
1967,1967,Wallet,148.63,Paid
1968,1968,UPI,186.27,Paid
1969,1969,Cash,0,Refunded
1970,1970,UPI,134.24,Paid
1971,1971,Debit Card,114.37,Paid
1972,1972,UPI,282.44,Paid
1973,1973,Credit Card,132.82,Paid
1974,1974,UPI,192.13,Paid
1975,1975,UPI,126.58,Paid
1976,1976,UPI,142.57,Paid
1977,1977,UPI,175.97,Paid
1978,1978,UPI,70.81,Paid
1979,1979,Debit Card,265.18,Paid
1980,1980,Cash,234.33,Paid
1981,1981,Credit Card,297.55,Paid
1982,1982,UPI,191.84,Paid
1983,1983,Credit Card,290.46,Paid
1984,1984,Credit Card,136.92,Paid
1985,1985,UPI,227.62,Paid
1986,1986,Wallet,129.4,Paid
1987,1987,Debit Card,127.08,Paid
1988,1988,Debit Card,149.51,Paid
1989,1989,Credit Card,187.44,Paid
1990,1990,Debit Card,0,Cancelled
1991,1991,Debit Card,136.76,Paid
1992,1992,Cash,242.59,Paid
1993,1993,UPI,179.97,Paid
1994,1994,UPI,229.06,Paid
1995,1995,Credit Card,206.45,Paid
1996,1996,UPI,304.58,Paid
1997,1997,Cash,0,Cancelled
1998,1998,UPI,256.34,Paid
1999,1999,UPI,200.2,Paid
2000,2000,Credit Card,134.09,Paid
2001,2001,Cash,169.48,Paid
2002,2002,UPI,218.76,Paid
2003,2003,Debit Card,143.97,Paid
2004,2004,Wallet,195.64,Paid
2005,2005,Debit Card,181.97,Paid
2006,2006,Credit Card,0,Refunded
2007,2007,Credit Card,103.02,Paid
2008,2008,UPI,177.45,Paid
2009,2009,Credit Card,136.8,Paid
2010,2010,Credit Card,373.28,Paid
2011,2011,Credit Card,0,Refunded
2012,2012,UPI,161.79,Paid
2013,2013,UPI,226.21,Paid
2014,2014,UPI,211.42,Paid
2015,2015,Credit Card,160.14,Paid
2016,2016,UPI,133.03,Paid
2017,2017,UPI,158.04,Paid
2018,2018,UPI,0,Refunded
2019,2019,Debit Card,0,Cancelled
2020,2020,UPI,147.12,Paid
2021,2021,Debit Card,75.73,Paid
2022,2022,UPI,294.64,Paid
2023,2023,UPI,359.86,Paid
2024,2024,Credit Card,382.44,Paid
2025,2025,UPI,133.72,Paid
2026,2026,UPI,212.8,Paid
2027,2027,Wallet,326.95,Paid
2028,2028,Debit Card,0,Refunded
2029,2029,UPI,0,Cancelled
2030,2030,UPI,308.68,Paid
2031,2031,Debit Card,0,Cancelled
2032,2032,UPI,171.27,Paid
2033,2033,Credit Card,134.43,Paid
2034,2034,Debit Card,154.81,Paid
2035,2035,UPI,167.8,Paid
2036,2036,Credit Card,0,Cancelled
2037,2037,Credit Card,333.24,Paid
2038,2038,UPI,0,Cancelled
2039,2039,UPI,258.28,Paid
2040,2040,UPI,256.28,Paid
2041,2041,Wallet,329.45,Paid
2042,2042,UPI,159.37,Paid
2043,2043,Debit Card,110.71,Paid
2044,2044,Credit Card,252.76,Paid
2045,2045,Credit Card,166.95,Paid
2046,2046,Credit Card,118.24,Paid
2047,2047,Cash,292.51,Paid
2048,2048,Credit Card,236.13,Paid
2049,2049,Cash,244.68,Paid
2050,2050,Cash,134.19,Paid
2051,2051,Credit Card,252.77,Paid
2052,2052,Credit Card,0,Refunded
2053,2053,Cash,257.86,Paid
2054,2054,UPI,456.2,Paid
2055,2055,Credit Card,0,Failed
2056,2056,Credit Card,0,Refunded
2057,2057,UPI,0,Refunded
2058,2058,Debit Card,186.17,Paid
2059,2059,UPI,236.64,Paid
2060,2060,Debit Card,134.32,Paid
2061,2061,Cash,301.36,Paid
2062,2062,Credit Card,0,Refunded
2063,2063,Cash,246.15,Paid
2064,2064,UPI,120.01,Paid
2065,2065,UPI,163.84,Paid
2066,2066,Credit Card,260.36,Paid
2067,2067,Credit Card,155.1,Paid
2068,2068,Credit Card,229.58,Paid
2069,2069,UPI,0,Failed
2070,2070,Wallet,0,Refunded
2071,2071,UPI,88.05,Paid
2072,2072,UPI,150.31,Paid
2073,2073,Credit Card,292.58,Paid
2074,2074,Debit Card,151.85,Paid
2075,2075,Credit Card,0,Refunded
2076,2076,UPI,211.23,Paid
2077,2077,UPI,358.28,Paid
2078,2078,Credit Card,160.73,Paid
2079,2079,UPI,204.84,Paid
2080,2080,Credit Card,87.72,Paid
2081,2081,UPI,339.58,Paid
2082,2082,UPI,157.64,Paid
2083,2083,UPI,297.66,Paid
2084,2084,Debit Card,311.45,Paid
2085,2085,Credit Card,0,Cancelled
2086,2086,UPI,192.69,Paid
2087,2087,UPI,277.7,Paid
2088,2088,Credit Card,295.17,Paid
2089,2089,Credit Card,224.34,Paid
2090,2090,Credit Card,146.15,Paid
2091,2091,UPI,0,Cancelled
2092,2092,UPI,353.7,Paid
2093,2093,UPI,214.49,Paid
2094,2094,UPI,248.73,Paid
2095,2095,Cash,68.04,Paid
2096,2096,UPI,217.82,Paid
2097,2097,Credit Card,0,Failed
2098,2098,Cash,212.91,Paid
2099,2099,UPI,167.62,Paid
2100,2100,Debit Card,181.74,Paid
2101,2101,Debit Card,265.18,Paid
2102,2102,Cash,216.62,Paid
2103,2103,Credit Card,156.81,Paid
2104,2104,Wallet,183.69,Paid
2105,2105,Credit Card,128.19,Paid
2106,2106,UPI,205.02,Paid
2107,2107,Debit Card,0,Refunded
2108,2108,UPI,217.19,Paid
2109,2109,Wallet,203.13,Paid
2110,2110,UPI,204.82,Paid
2111,2111,Debit Card,216.98,Paid
2112,2112,UPI,241.03,Paid
2113,2113,Credit Card,177.28,Paid
2114,2114,UPI,0,Refunded
2115,2115,Credit Card,347.76,Paid
2116,2116,Credit Card,119.85,Paid
2117,2117,UPI,203.86,Paid
2118,2118,UPI,320.77,Paid
2119,2119,Debit Card,184.37,Paid
2120,2120,Debit Card,139.69,Paid
2121,2121,UPI,188.66,Paid
2122,2122,UPI,101.68,Paid
2123,2123,Debit Card,151.46,Paid
2124,2124,Credit Card,186.78,Paid
2125,2125,UPI,264.16,Paid
2126,2126,Wallet,185.73,Paid
2127,2127,UPI,152.13,Paid
2128,2128,Debit Card,379.63,Paid
2129,2129,Cash,120.48,Paid
2130,2130,Wallet,267.01,Paid
2131,2131,Cash,171.43,Paid
2132,2132,Credit Card,238.91,Paid
2133,2133,UPI,0,Cancelled
2134,2134,Wallet,180.71,Paid
2135,2135,Wallet,202.78,Paid
2136,2136,UPI,149.97,Paid
2137,2137,Cash,180,Paid
2138,2138,Cash,153.44,Paid
2139,2139,Credit Card,119.96,Paid
2140,2140,Debit Card,157.22,Paid
2141,2141,Wallet,0,Failed
2142,2142,UPI,91,Paid
2143,2143,Credit Card,127.91,Paid
2144,2144,UPI,256.57,Paid
2145,2145,UPI,0,Refunded
2146,2146,Cash,0,Refunded
2147,2147,UPI,300.48,Paid
2148,2148,Wallet,264.87,Paid
2149,2149,Credit Card,151.5,Paid
2150,2150,Debit Card,144.6,Paid
2151,2151,UPI,83.64,Paid
2152,2152,UPI,182.18,Paid
2153,2153,Credit Card,0,Refunded
2154,2154,UPI,97.27,Paid
2155,2155,Credit Card,0,Refunded
2156,2156,UPI,311.08,Paid
2157,2157,Cash,199.58,Paid
2158,2158,UPI,133.32,Paid
2159,2159,Credit Card,208.7,Paid
2160,2160,Credit Card,182.13,Paid
2161,2161,UPI,160.65,Paid
2162,2162,Wallet,189.55,Paid
2163,2163,Credit Card,255.49,Paid
2164,2164,Debit Card,473.99,Paid
2165,2165,UPI,321.19,Paid
2166,2166,UPI,182.01,Paid
2167,2167,UPI,149.32,Paid
2168,2168,UPI,230.31,Paid
2169,2169,Debit Card,149.14,Paid
2170,2170,UPI,0,Cancelled
2171,2171,UPI,0,Cancelled
2172,2172,UPI,109.64,Paid
2173,2173,UPI,0,Failed
2174,2174,UPI,0,Refunded
2175,2175,Credit Card,0,Refunded
2176,2176,UPI,148.58,Paid
2177,2177,UPI,92.93,Paid
2178,2178,UPI,185.82,Paid
2179,2179,UPI,371.37,Paid
2180,2180,Credit Card,284.54,Paid
2181,2181,UPI,271.97,Paid
2182,2182,Debit Card,177.49,Paid
2183,2183,UPI,159.14,Paid
2184,2184,Credit Card,100.43,Paid
2185,2185,UPI,151.71,Paid
2186,2186,UPI,0,Cancelled
2187,2187,UPI,110.49,Paid
2188,2188,Debit Card,256.68,Paid
2189,2189,Credit Card,88.51,Paid
2190,2190,Debit Card,259.01,Paid
2191,2191,Debit Card,260.48,Paid
2192,2192,Debit Card,0,Failed
2193,2193,Cash,150.2,Paid
2194,2194,UPI,191.19,Paid
2195,2195,UPI,259.42,Paid
2196,2196,UPI,267.77,Paid
2197,2197,UPI,109.89,Paid
2198,2198,UPI,221.32,Paid
2199,2199,UPI,320.02,Paid
2200,2200,Credit Card,148.11,Paid
2201,2201,Debit Card,137.81,Paid
2202,2202,UPI,179.05,Paid
2203,2203,Credit Card,0,Refunded
2204,2204,Cash,103.19,Paid
2205,2205,Debit Card,0,Refunded
2206,2206,UPI,262.17,Paid
2207,2207,Credit Card,153.84,Paid
2208,2208,Credit Card,92.88,Paid
2209,2209,UPI,130.31,Paid
2210,2210,Credit Card,184.3,Paid
2211,2211,UPI,121.38,Paid
2212,2212,UPI,110.54,Paid
2213,2213,UPI,160.2,Paid
2214,2214,UPI,140.61,Paid
2215,2215,UPI,0,Refunded
2216,2216,UPI,235.12,Paid
2217,2217,Cash,263,Paid
2218,2218,Cash,132.3,Paid
2219,2219,Credit Card,216.55,Paid
2220,2220,UPI,193.5,Paid
2221,2221,Credit Card,94.01,Paid
2222,2222,Credit Card,87.52,Paid
2223,2223,Cash,362.96,Paid
2224,2224,Cash,184.26,Paid
2225,2225,Debit Card,0,Refunded
2226,2226,Cash,254.72,Paid
2227,2227,UPI,196.34,Paid
2228,2228,Credit Card,293.82,Paid
2229,2229,Wallet,0,Refunded
2230,2230,Credit Card,258.63,Paid
2231,2231,Cash,284.91,Paid
2232,2232,Cash,207.84,Paid
2233,2233,UPI,0,Cancelled
2234,2234,Cash,116.97,Paid
2235,2235,UPI,0,Refunded
2236,2236,UPI,114.89,Paid
2237,2237,Debit Card,179.89,Paid
2238,2238,UPI,124.29,Paid
2239,2239,UPI,173.54,Paid
2240,2240,UPI,0,Refunded
2241,2241,Debit Card,0,Cancelled
2242,2242,Cash,169.59,Paid
2243,2243,Debit Card,0,Refunded
2244,2244,Credit Card,0,Refunded
2245,2245,Cash,293.08,Paid
2246,2246,Cash,100.07,Paid
2247,2247,Credit Card,64.13,Paid
2248,2248,Cash,147.2,Paid
2249,2249,Cash,95.16,Paid
2250,2250,UPI,104.23,Paid
2251,2251,Cash,151.05,Paid
2252,2252,UPI,0,Refunded
2253,2253,UPI,0,Refunded
2254,2254,Credit Card,293.4,Paid
2255,2255,UPI,294.11,Paid
2256,2256,Cash,134.78,Paid
2257,2257,Debit Card,116.34,Paid
2258,2258,Credit Card,130.7,Paid
2259,2259,Cash,201.6,Paid
2260,2260,Cash,244.14,Paid
2261,2261,UPI,131.62,Paid
2262,2262,UPI,191.94,Paid
2263,2263,Credit Card,264.01,Paid
2264,2264,Debit Card,0,Cancelled
2265,2265,Wallet,0,Refunded
2266,2266,UPI,146.01,Paid
2267,2267,UPI,140.53,Paid
2268,2268,Debit Card,79.94,Paid
2269,2269,Credit Card,141.55,Paid
2270,2270,UPI,192.74,Paid
2271,2271,Credit Card,320.93,Paid
2272,2272,Cash,0,Refunded
2273,2273,Wallet,289.61,Paid
2274,2274,Wallet,266.04,Paid
2275,2275,UPI,512.78,Paid
2276,2276,UPI,210.29,Paid
2277,2277,Cash,214.53,Paid
2278,2278,Debit Card,162.49,Paid
2279,2279,Debit Card,342.31,Paid
2280,2280,UPI,171.77,Paid
2281,2281,UPI,120.48,Paid
2282,2282,Debit Card,94.43,Paid
2283,2283,Credit Card,108.19,Paid
2284,2284,Debit Card,0,Failed
2285,2285,Cash,302.96,Paid
2286,2286,UPI,310.2,Paid
2287,2287,Debit Card,536.11,Paid
2288,2288,Credit Card,0,Failed
2289,2289,Credit Card,115.75,Paid
2290,2290,Cash,127.44,Paid
2291,2291,UPI,203.68,Paid
2292,2292,Cash,159.22,Paid
2293,2293,UPI,104.83,Paid
2294,2294,Credit Card,0,Failed
2295,2295,UPI,0,Refunded
2296,2296,UPI,82.06,Paid
2297,2297,UPI,177.26,Paid
2298,2298,UPI,128.71,Paid
2299,2299,Credit Card,213.15,Paid
2300,2300,Credit Card,0,Failed
2301,2301,UPI,208.23,Paid
2302,2302,Credit Card,143.34,Paid
2303,2303,Debit Card,113.14,Paid
2304,2304,Cash,0,Refunded
2305,2305,UPI,130.88,Paid
2306,2306,Cash,131.67,Paid
2307,2307,UPI,217.9,Paid
2308,2308,UPI,110.12,Paid
2309,2309,Credit Card,0,Refunded
2310,2310,UPI,180.12,Paid
2311,2311,UPI,243.68,Paid
2312,2312,Cash,123.34,Paid
2313,2313,UPI,305.91,Paid
2314,2314,UPI,195.1,Paid
2315,2315,Credit Card,272.15,Paid
2316,2316,UPI,98.57,Paid
2317,2317,Credit Card,224.94,Paid
2318,2318,Credit Card,192.11,Paid
2319,2319,UPI,0,Refunded
2320,2320,Debit Card,228.01,Paid
2321,2321,Credit Card,99.3,Paid
2322,2322,Credit Card,0,Failed
2323,2323,UPI,103.61,Paid
2324,2324,Credit Card,168.61,Paid
2325,2325,Credit Card,362.5,Paid
2326,2326,UPI,216.68,Paid
2327,2327,UPI,230.45,Paid
2328,2328,UPI,321.19,Paid
2329,2329,UPI,0,Cancelled
2330,2330,UPI,105.98,Paid
2331,2331,Cash,246.03,Paid
2332,2332,Credit Card,499.05,Paid
2333,2333,Credit Card,109.6,Paid
2334,2334,Cash,195.9,Paid
2335,2335,UPI,255.02,Paid
2336,2336,Wallet,0,Cancelled
2337,2337,UPI,0,Cancelled
2338,2338,Credit Card,319.34,Paid
2339,2339,Wallet,161.81,Paid
2340,2340,UPI,244,Paid
2341,2341,UPI,0,Cancelled
2342,2342,UPI,139.53,Paid
2343,2343,UPI,209.51,Paid
2344,2344,Debit Card,260.9,Paid
2345,2345,Wallet,0,Refunded
2346,2346,Cash,0,Cancelled
2347,2347,UPI,143.7,Paid
2348,2348,Wallet,0,Refunded
2349,2349,Debit Card,218.12,Paid
2350,2350,Debit Card,192.39,Paid
2351,2351,Credit Card,0,Refunded
2352,2352,UPI,0,Cancelled
2353,2353,UPI,92.64,Paid
2354,2354,Credit Card,130.49,Paid
2355,2355,Cash,0,Refunded
2356,2356,UPI,0,Failed
2357,2357,Cash,0,Cancelled
2358,2358,UPI,199.68,Paid
2359,2359,UPI,0,Refunded
2360,2360,Credit Card,0,Refunded
2361,2361,Wallet,136.37,Paid
2362,2362,Cash,0,Cancelled
2363,2363,UPI,169.1,Paid
2364,2364,UPI,109.53,Paid
2365,2365,UPI,165.97,Paid
2366,2366,Debit Card,239.49,Paid
2367,2367,UPI,246.1,Paid
2368,2368,UPI,0,Refunded
2369,2369,Wallet,112.35,Paid
2370,2370,Credit Card,173.23,Paid
2371,2371,Wallet,0,Refunded
2372,2372,UPI,177.87,Paid
2373,2373,Debit Card,137.23,Paid
2374,2374,UPI,126.06,Paid
2375,2375,Debit Card,111.22,Paid
2376,2376,Credit Card,171.4,Paid
2377,2377,UPI,0,Failed
2378,2378,UPI,227.42,Paid
2379,2379,Wallet,0,Refunded
2380,2380,Debit Card,290.61,Paid
2381,2381,Cash,152.19,Paid
2382,2382,UPI,156.72,Paid
2383,2383,Debit Card,122.66,Paid
2384,2384,UPI,153.5,Paid
2385,2385,UPI,101.29,Paid
2386,2386,Credit Card,133.61,Paid
2387,2387,UPI,321.3,Paid
2388,2388,UPI,147.68,Paid
2389,2389,Wallet,317.53,Paid
2390,2390,UPI,150.59,Paid
2391,2391,Debit Card,188.1,Paid
2392,2392,Debit Card,218.98,Paid
2393,2393,UPI,191.4,Paid
2394,2394,UPI,138.67,Paid
2395,2395,UPI,96.63,Paid
2396,2396,UPI,0,Failed
2397,2397,UPI,112.37,Paid
2398,2398,UPI,135.73,Paid
2399,2399,UPI,0,Refunded
2400,2400,Wallet,328.64,Paid
2401,2401,Debit Card,150.66,Paid
2402,2402,UPI,445.17,Paid
2403,2403,Credit Card,332.98,Paid
2404,2404,UPI,0,Cancelled
2405,2405,Wallet,0,Failed
2406,2406,Wallet,141.24,Paid
2407,2407,Debit Card,0,Failed
2408,2408,UPI,123.34,Paid
2409,2409,UPI,232.53,Paid
2410,2410,Debit Card,0,Cancelled
2411,2411,Credit Card,320.89,Paid
2412,2412,UPI,140.67,Paid
2413,2413,UPI,189.33,Paid
2414,2414,UPI,607.43,Paid
2415,2415,Cash,412.9,Paid
2416,2416,Credit Card,159.97,Paid
2417,2417,UPI,95.11,Paid
2418,2418,UPI,250.69,Paid
2419,2419,UPI,0,Cancelled
2420,2420,UPI,0,Cancelled
2421,2421,Debit Card,252.39,Paid
2422,2422,Credit Card,0,Refunded
2423,2423,Credit Card,252.58,Paid
2424,2424,UPI,206.29,Paid
2425,2425,UPI,193.61,Paid
2426,2426,Debit Card,128.16,Paid
2427,2427,Debit Card,657.76,Paid
2428,2428,Wallet,76.77,Paid
2429,2429,Cash,272.07,Paid
2430,2430,Credit Card,283.63,Paid
2431,2431,Credit Card,0,Refunded
2432,2432,UPI,186.91,Paid
2433,2433,Wallet,0,Refunded
2434,2434,Cash,0,Refunded
2435,2435,UPI,361.33,Paid
2436,2436,UPI,181.12,Paid
2437,2437,UPI,225.89,Paid
2438,2438,UPI,0,Cancelled
2439,2439,Credit Card,100.74,Paid
2440,2440,Credit Card,201.32,Paid
2441,2441,Debit Card,106.76,Paid
2442,2442,Cash,160.48,Paid
2443,2443,Credit Card,0,Failed
2444,2444,UPI,207.81,Paid
2445,2445,Credit Card,0,Cancelled
2446,2446,UPI,234.36,Paid
2447,2447,UPI,302.92,Paid
2448,2448,Credit Card,0,Refunded
2449,2449,Wallet,143.28,Paid
2450,2450,Credit Card,0,Refunded
2451,2451,UPI,211.44,Paid
2452,2452,UPI,159.29,Paid
2453,2453,UPI,116.82,Paid
2454,2454,UPI,0,Failed
2455,2455,UPI,0,Refunded
2456,2456,Cash,122.67,Paid
2457,2457,Debit Card,529.67,Paid
2458,2458,Credit Card,128.68,Paid
2459,2459,UPI,207.93,Paid
2460,2460,Debit Card,195.37,Paid
2461,2461,Wallet,186.03,Paid
2462,2462,UPI,0,Refunded
2463,2463,Debit Card,219.07,Paid
2464,2464,UPI,0,Refunded
2465,2465,UPI,390.4,Paid
2466,2466,Wallet,163.08,Paid
2467,2467,UPI,0,Refunded
2468,2468,UPI,184.6,Paid
2469,2469,Credit Card,0,Refunded
2470,2470,Debit Card,0,Cancelled
2471,2471,UPI,224.85,Paid
2472,2472,UPI,102.03,Paid
2473,2473,Credit Card,265.54,Paid
2474,2474,Credit Card,142.18,Paid
2475,2475,UPI,373.05,Paid
2476,2476,UPI,106.81,Paid
2477,2477,Debit Card,98.52,Paid
2478,2478,Credit Card,130.98,Paid
2479,2479,UPI,293.08,Paid
2480,2480,Credit Card,237.46,Paid
2481,2481,Debit Card,306.23,Paid
2482,2482,UPI,265.52,Paid
2483,2483,Debit Card,196.05,Paid
2484,2484,UPI,268.58,Paid
2485,2485,Debit Card,315.21,Paid
2486,2486,Debit Card,119.52,Paid
2487,2487,Credit Card,0,Cancelled
2488,2488,UPI,331.08,Paid
2489,2489,UPI,123.37,Paid
2490,2490,Credit Card,0,Failed
2491,2491,UPI,0,Failed
2492,2492,UPI,136.46,Paid
2493,2493,Debit Card,220.57,Paid
2494,2494,UPI,182.58,Paid
2495,2495,Debit Card,123.3,Paid
2496,2496,Credit Card,0,Refunded
2497,2497,Credit Card,125.55,Paid
2498,2498,UPI,0,Refunded
2499,2499,UPI,137.6,Paid
2500,2500,Credit Card,0,Refunded
2501,2501,Wallet,142.58,Paid
2502,2502,Credit Card,238.69,Paid
2503,2503,Credit Card,128.29,Paid
2504,2504,Wallet,440.82,Paid
2505,2505,UPI,258.74,Paid
2506,2506,Cash,0,Refunded
2507,2507,Debit Card,248.93,Paid
2508,2508,UPI,0,Cancelled
2509,2509,Credit Card,106.88,Paid
2510,2510,Credit Card,96.48,Paid
2511,2511,UPI,0,Cancelled
2512,2512,Credit Card,279.96,Paid
2513,2513,Cash,284.89,Paid
2514,2514,UPI,156.71,Paid
2515,2515,Cash,131.5,Paid
2516,2516,Cash,0,Refunded
2517,2517,UPI,156.69,Paid
2518,2518,Cash,316.45,Paid
2519,2519,Debit Card,0,Cancelled
2520,2520,Wallet,182.7,Paid
2521,2521,Wallet,343.14,Paid
2522,2522,UPI,0,Cancelled
2523,2523,Credit Card,229.13,Paid
2524,2524,Credit Card,0,Cancelled
2525,2525,Debit Card,72.91,Paid
2526,2526,Credit Card,0,Cancelled
2527,2527,Wallet,0,Cancelled
2528,2528,Credit Card,551.91,Paid
2529,2529,UPI,141.35,Paid
2530,2530,Wallet,92.83,Paid
2531,2531,Credit Card,173.98,Paid
2532,2532,UPI,164.32,Paid
2533,2533,UPI,222.55,Paid
2534,2534,Debit Card,260.1,Paid
2535,2535,Cash,0,Cancelled
2536,2536,UPI,243.18,Paid
2537,2537,UPI,138.16,Paid
2538,2538,UPI,170.42,Paid
2539,2539,UPI,93.44,Paid
2540,2540,Cash,180.78,Paid
2541,2541,Credit Card,212.36,Paid
2542,2542,Cash,0,Refunded
2543,2543,Credit Card,0,Refunded
2544,2544,Wallet,189.24,Paid
2545,2545,Credit Card,129.12,Paid
2546,2546,Debit Card,154.79,Paid
2547,2547,Cash,189.91,Paid
2548,2548,UPI,116.4,Paid
2549,2549,UPI,115.38,Paid
2550,2550,UPI,248.66,Paid
2551,2551,Debit Card,207.39,Paid
2552,2552,Cash,224.75,Paid
2553,2553,UPI,221.33,Paid
2554,2554,UPI,160.04,Paid
2555,2555,Cash,0,Refunded
2556,2556,Debit Card,0,Cancelled
2557,2557,Cash,124.57,Paid
2558,2558,Cash,115.06,Paid
2559,2559,Credit Card,149.35,Paid
2560,2560,Debit Card,114.13,Paid
2561,2561,Cash,166.17,Paid
2562,2562,UPI,140.2,Paid
2563,2563,Cash,244.21,Paid
2564,2564,Credit Card,161.12,Paid
2565,2565,UPI,217.35,Paid
2566,2566,UPI,0,Cancelled
2567,2567,UPI,249.81,Paid
2568,2568,Debit Card,228.54,Paid
2569,2569,Cash,266.18,Paid
2570,2570,Wallet,106.26,Paid
2571,2571,UPI,164.71,Paid
2572,2572,Credit Card,193.82,Paid
2573,2573,Cash,143.48,Paid
2574,2574,UPI,80.96,Paid
2575,2575,UPI,209.08,Paid
2576,2576,Credit Card,256.85,Paid
2577,2577,Credit Card,274.07,Paid
2578,2578,UPI,109.05,Paid
2579,2579,Credit Card,98.23,Paid
2580,2580,Cash,201.71,Paid
2581,2581,Credit Card,470.53,Paid
2582,2582,Debit Card,193.38,Paid
2583,2583,Debit Card,0,Failed
2584,2584,UPI,0,Refunded
2585,2585,Debit Card,223.13,Paid
2586,2586,Cash,0,Cancelled
2587,2587,Credit Card,199.65,Paid
2588,2588,Debit Card,0,Cancelled
2589,2589,Wallet,194.24,Paid
2590,2590,Credit Card,376.76,Paid
2591,2591,UPI,134.38,Paid
2592,2592,Cash,135.7,Paid
2593,2593,UPI,160.39,Paid
2594,2594,Credit Card,0,Refunded
2595,2595,Cash,89.62,Paid
2596,2596,Credit Card,138.22,Paid
2597,2597,Wallet,159.34,Paid
2598,2598,UPI,115.7,Paid
2599,2599,Credit Card,291.83,Paid
2600,2600,UPI,215.21,Paid
2601,2601,Debit Card,178.42,Paid
2602,2602,UPI,194.89,Paid
2603,2603,UPI,277.09,Paid
2604,2604,Debit Card,170.38,Paid
2605,2605,Wallet,201.48,Paid
2606,2606,UPI,0,Cancelled
2607,2607,Cash,77.91,Paid
2608,2608,Wallet,293.87,Paid
2609,2609,Debit Card,235.16,Paid
2610,2610,UPI,237.83,Paid
2611,2611,UPI,423.02,Paid
2612,2612,UPI,120.39,Paid
2613,2613,Credit Card,100.51,Paid
2614,2614,Debit Card,454.71,Paid
2615,2615,UPI,183.52,Paid
2616,2616,Credit Card,150.13,Paid
2617,2617,UPI,140.05,Paid
2618,2618,Cash,144.14,Paid
2619,2619,Debit Card,237.58,Paid
2620,2620,Debit Card,248.6,Paid
2621,2621,Cash,0,Refunded
2622,2622,UPI,259.44,Paid
2623,2623,Credit Card,306.82,Paid
2624,2624,Cash,108.85,Paid
2625,2625,Wallet,273.04,Paid
2626,2626,Cash,179.82,Paid
2627,2627,Cash,209.94,Paid
2628,2628,UPI,131.69,Paid
2629,2629,Debit Card,135.32,Paid
2630,2630,UPI,145.89,Paid
2631,2631,Debit Card,74.15,Paid
2632,2632,UPI,266.04,Paid
2633,2633,UPI,0,Cancelled
2634,2634,Debit Card,172.91,Paid
2635,2635,UPI,0,Refunded
2636,2636,Debit Card,0,Cancelled
2637,2637,UPI,0,Cancelled
2638,2638,Cash,0,Cancelled
2639,2639,Credit Card,99.46,Paid
2640,2640,UPI,152.2,Paid
2641,2641,UPI,168.09,Paid
2642,2642,Credit Card,147.49,Paid
2643,2643,Credit Card,0,Refunded
2644,2644,Debit Card,0,Cancelled
2645,2645,Cash,246.92,Paid
2646,2646,Credit Card,91.02,Paid
2647,2647,UPI,286.78,Paid
2648,2648,UPI,194.88,Paid
2649,2649,UPI,127.47,Paid
2650,2650,Cash,360.88,Paid
2651,2651,UPI,0,Cancelled
2652,2652,UPI,266.27,Paid
2653,2653,UPI,0,Refunded
2654,2654,Credit Card,132.9,Paid
2655,2655,UPI,0,Failed
2656,2656,Debit Card,118.97,Paid
2657,2657,Credit Card,0,Refunded
2658,2658,Credit Card,212.66,Paid
2659,2659,Wallet,279.47,Paid
2660,2660,UPI,148.17,Paid
2661,2661,UPI,0,Refunded
2662,2662,Credit Card,213.86,Paid
2663,2663,UPI,254.11,Paid
2664,2664,Cash,272.21,Paid
2665,2665,Credit Card,276.77,Paid
2666,2666,UPI,0,Cancelled
2667,2667,UPI,201.13,Paid
2668,2668,Credit Card,150.42,Paid
2669,2669,Debit Card,0,Failed
2670,2670,Debit Card,0,Refunded
2671,2671,Debit Card,0,Cancelled
2672,2672,Cash,170.93,Paid
2673,2673,UPI,329.9,Paid
2674,2674,Credit Card,130.81,Paid
2675,2675,Credit Card,194.44,Paid
2676,2676,Wallet,238.81,Paid
2677,2677,Wallet,93.34,Paid
2678,2678,Credit Card,195.98,Paid
2679,2679,UPI,119.34,Paid
2680,2680,Cash,0,Refunded
2681,2681,UPI,160.94,Paid
2682,2682,Credit Card,109.18,Paid
2683,2683,Credit Card,0,Refunded
2684,2684,UPI,134.76,Paid
2685,2685,UPI,192.69,Paid
2686,2686,Debit Card,0,Cancelled
2687,2687,Debit Card,0,Refunded
2688,2688,Debit Card,208.98,Paid
2689,2689,Credit Card,380.65,Paid
2690,2690,UPI,252.23,Paid
2691,2691,UPI,223.57,Paid
2692,2692,Credit Card,100.68,Paid
2693,2693,Credit Card,143.04,Paid
2694,2694,Credit Card,92.31,Paid
2695,2695,Wallet,91.71,Paid
2696,2696,UPI,135.98,Paid
2697,2697,Debit Card,170.95,Paid
2698,2698,UPI,338.62,Paid
2699,2699,Debit Card,353.61,Paid
2700,2700,UPI,239.87,Paid
2701,2701,UPI,143.25,Paid
2702,2702,UPI,328.97,Paid
2703,2703,Cash,201.74,Paid
2704,2704,Credit Card,228.28,Paid
2705,2705,UPI,188.9,Paid
2706,2706,UPI,226.36,Paid
2707,2707,UPI,205.46,Paid
2708,2708,Debit Card,142.88,Paid
2709,2709,Cash,204.74,Paid
2710,2710,UPI,236.28,Paid
2711,2711,UPI,420.89,Paid
2712,2712,Credit Card,151.94,Paid
2713,2713,Cash,0,Refunded
2714,2714,UPI,111.21,Paid
2715,2715,Credit Card,322.57,Paid
2716,2716,Cash,0,Cancelled
2717,2717,UPI,0,Refunded
2718,2718,UPI,182.64,Paid
2719,2719,UPI,123.08,Paid
2720,2720,UPI,121.37,Paid
2721,2721,Credit Card,130.67,Paid
2722,2722,Debit Card,126.07,Paid
2723,2723,Wallet,248.26,Paid
2724,2724,UPI,206.08,Paid
2725,2725,UPI,211.32,Paid
2726,2726,Credit Card,97.88,Paid
2727,2727,Wallet,0,Refunded
2728,2728,UPI,200.84,Paid
2729,2729,UPI,275.51,Paid
2730,2730,Cash,216.92,Paid
2731,2731,UPI,210.06,Paid
2732,2732,Credit Card,114.98,Paid
2733,2733,Debit Card,0,Failed
2734,2734,UPI,0,Refunded
2735,2735,Credit Card,254.44,Paid
2736,2736,Debit Card,310.31,Paid
2737,2737,Credit Card,419.99,Paid
2738,2738,UPI,136.03,Paid
2739,2739,UPI,80.33,Paid
2740,2740,Wallet,147.79,Paid
2741,2741,Cash,144.26,Paid
2742,2742,UPI,203.69,Paid
2743,2743,UPI,194.23,Paid
2744,2744,UPI,0,Failed
2745,2745,Cash,141.32,Paid
2746,2746,Credit Card,203.09,Paid
2747,2747,Debit Card,125.48,Paid
2748,2748,Debit Card,213.83,Paid
2749,2749,Cash,367.35,Paid
2750,2750,Wallet,298.45,Paid
2751,2751,Credit Card,0,Refunded
2752,2752,Credit Card,219.03,Paid
2753,2753,UPI,96.71,Paid
2754,2754,Wallet,92.7,Paid
2755,2755,UPI,0,Cancelled
2756,2756,Debit Card,0,Failed
2757,2757,Debit Card,250.51,Paid
2758,2758,UPI,125.96,Paid
2759,2759,UPI,168.52,Paid
2760,2760,Credit Card,282.62,Paid
2761,2761,UPI,148.77,Paid
2762,2762,Credit Card,282.01,Paid
2763,2763,UPI,313.15,Paid
2764,2764,UPI,138.05,Paid
2765,2765,Credit Card,245,Paid
2766,2766,UPI,0,Refunded
2767,2767,UPI,207.68,Paid
2768,2768,Cash,185.01,Paid
2769,2769,UPI,209.62,Paid
2770,2770,UPI,301.67,Paid
2771,2771,Cash,120.31,Paid
2772,2772,UPI,172.71,Paid
2773,2773,UPI,154.95,Paid
2774,2774,Credit Card,194.6,Paid
2775,2775,Credit Card,340.43,Paid
2776,2776,Debit Card,254.06,Paid
2777,2777,UPI,0,Refunded
2778,2778,UPI,194.47,Paid
2779,2779,Credit Card,89.75,Paid
2780,2780,Credit Card,195.67,Paid
2781,2781,UPI,0,Refunded
2782,2782,UPI,289.08,Paid
2783,2783,Cash,236,Paid
2784,2784,Debit Card,0,Refunded
2785,2785,UPI,159.71,Paid
2786,2786,Credit Card,201.38,Paid
2787,2787,Debit Card,215.01,Paid
2788,2788,Credit Card,0,Refunded
2789,2789,Wallet,161.41,Paid
2790,2790,Debit Card,164.18,Paid
2791,2791,UPI,193.38,Paid
2792,2792,UPI,127.53,Paid
2793,2793,Cash,112.81,Paid
2794,2794,UPI,144.13,Paid
2795,2795,Credit Card,506.14,Paid
2796,2796,Cash,159.21,Paid
2797,2797,UPI,202.73,Paid
2798,2798,UPI,0,Refunded
2799,2799,UPI,103.97,Paid
2800,2800,Debit Card,0,Cancelled
2801,2801,UPI,222.02,Paid
2802,2802,UPI,66.34,Paid
2803,2803,UPI,213.9,Paid
2804,2804,Cash,275.74,Paid
2805,2805,Credit Card,0,Cancelled
2806,2806,UPI,0,Cancelled
2807,2807,Cash,123.81,Paid
2808,2808,UPI,143.21,Paid
2809,2809,UPI,228.97,Paid
2810,2810,Debit Card,240.01,Paid
2811,2811,Credit Card,156.99,Paid
2812,2812,UPI,212.42,Paid
2813,2813,Cash,235.57,Paid
2814,2814,Debit Card,158.1,Paid
2815,2815,Credit Card,0,Failed
2816,2816,Wallet,0,Refunded
2817,2817,Cash,288.9,Paid
2818,2818,UPI,0,Refunded
2819,2819,UPI,149.77,Paid
2820,2820,UPI,201.65,Paid
2821,2821,UPI,266.5,Paid
2822,2822,UPI,173.87,Paid
2823,2823,Credit Card,83.04,Paid
2824,2824,UPI,0,Cancelled
2825,2825,Credit Card,0,Refunded
2826,2826,Credit Card,199.89,Paid
2827,2827,Debit Card,116.28,Paid
2828,2828,Cash,416.63,Paid
2829,2829,Wallet,465.24,Paid
2830,2830,Credit Card,329.61,Paid
2831,2831,Cash,149.71,Paid
2832,2832,Credit Card,177.23,Paid
2833,2833,Wallet,252.93,Paid
2834,2834,Debit Card,251.21,Paid
2835,2835,Debit Card,170.26,Paid
2836,2836,UPI,120.53,Paid
2837,2837,UPI,264.94,Paid
2838,2838,Cash,151.74,Paid
2839,2839,Credit Card,133.98,Paid
2840,2840,UPI,100.9,Paid
2841,2841,Credit Card,0,Cancelled
2842,2842,UPI,174.63,Paid
2843,2843,UPI,157.37,Paid
2844,2844,Wallet,138.91,Paid
2845,2845,Credit Card,122.01,Paid
2846,2846,Cash,143.07,Paid
2847,2847,Credit Card,88.21,Paid
2848,2848,Credit Card,0,Cancelled
2849,2849,Wallet,285.92,Paid
2850,2850,Debit Card,145.64,Paid
2851,2851,UPI,155.26,Paid
2852,2852,Debit Card,266.78,Paid
2853,2853,Wallet,192.21,Paid
2854,2854,UPI,124,Paid
2855,2855,UPI,0,Refunded
2856,2856,UPI,187.89,Paid
2857,2857,UPI,0,Cancelled
2858,2858,UPI,85.06,Paid
2859,2859,Debit Card,63.79,Paid
2860,2860,UPI,117.86,Paid
2861,2861,Cash,133.78,Paid
2862,2862,UPI,0,Cancelled
2863,2863,Cash,142.46,Paid
2864,2864,UPI,187.29,Paid
2865,2865,UPI,0,Refunded
2866,2866,Debit Card,0,Refunded
2867,2867,Debit Card,224.19,Paid
2868,2868,Debit Card,0,Refunded
2869,2869,Credit Card,124.9,Paid
2870,2870,UPI,0,Cancelled
2871,2871,UPI,90.57,Paid
2872,2872,Cash,0,Cancelled
2873,2873,Wallet,0,Cancelled
2874,2874,Wallet,114.36,Paid
2875,2875,UPI,161.68,Paid
2876,2876,Debit Card,120.76,Paid
2877,2877,UPI,246.11,Paid
2878,2878,Cash,406.44,Paid
2879,2879,Credit Card,0,Refunded
2880,2880,Cash,389.65,Paid
2881,2881,Debit Card,160.28,Paid
2882,2882,UPI,176.3,Paid
2883,2883,UPI,0,Failed
2884,2884,Wallet,158.15,Paid
2885,2885,Credit Card,240.8,Paid
2886,2886,UPI,0,Refunded
2887,2887,Cash,129.9,Paid
2888,2888,UPI,234.14,Paid
2889,2889,Credit Card,171.67,Paid
2890,2890,UPI,0,Cancelled
2891,2891,UPI,184.49,Paid
2892,2892,Debit Card,106.91,Paid
2893,2893,Cash,0,Refunded
2894,2894,Wallet,216.04,Paid
2895,2895,Credit Card,126.83,Paid
2896,2896,UPI,0,Cancelled
2897,2897,UPI,130.3,Paid
2898,2898,Credit Card,0,Cancelled
2899,2899,Wallet,170.28,Paid
2900,2900,Credit Card,0,Failed
2901,2901,UPI,129.11,Paid
2902,2902,Wallet,209.05,Paid
2903,2903,Credit Card,0,Failed
2904,2904,Wallet,150.97,Paid
2905,2905,UPI,132.86,Paid
2906,2906,Debit Card,0,Failed
2907,2907,Cash,230.7,Paid
2908,2908,Cash,0,Cancelled
2909,2909,UPI,148.99,Paid
2910,2910,Wallet,171.88,Paid
2911,2911,Debit Card,118.45,Paid
2912,2912,UPI,260.16,Paid
2913,2913,Debit Card,143.21,Paid
2914,2914,Cash,319.08,Paid
2915,2915,UPI,0,Refunded
2916,2916,UPI,129.25,Paid
2917,2917,UPI,227.15,Paid
2918,2918,Credit Card,165.4,Paid
2919,2919,Debit Card,256.99,Paid
2920,2920,UPI,280.83,Paid
2921,2921,UPI,130.37,Paid
2922,2922,UPI,215.45,Paid
2923,2923,Debit Card,83.37,Paid
2924,2924,UPI,397.53,Paid
2925,2925,Credit Card,104.37,Paid
2926,2926,Credit Card,67.89,Paid
2927,2927,Debit Card,0,Cancelled
2928,2928,UPI,348.39,Paid
2929,2929,Wallet,279.95,Paid
2930,2930,Wallet,144.89,Paid
2931,2931,Cash,84.9,Paid
2932,2932,UPI,0,Refunded
2933,2933,UPI,0,Refunded
2934,2934,UPI,189.94,Paid
2935,2935,UPI,93.62,Paid
2936,2936,Cash,232.54,Paid
2937,2937,UPI,298.27,Paid
2938,2938,UPI,0,Cancelled
2939,2939,UPI,368.66,Paid
2940,2940,Debit Card,164.96,Paid
2941,2941,Credit Card,162.38,Paid
2942,2942,UPI,317.05,Paid
2943,2943,UPI,150,Paid
2944,2944,Credit Card,0,Cancelled
2945,2945,UPI,201.77,Paid
2946,2946,Credit Card,135.35,Paid
2947,2947,Cash,388.16,Paid
2948,2948,Wallet,283.02,Paid
2949,2949,Credit Card,145.94,Paid
2950,2950,Cash,315.32,Paid
2951,2951,UPI,104.72,Paid
2952,2952,Credit Card,98.42,Paid
2953,2953,UPI,0,Refunded
2954,2954,Wallet,301.32,Paid
2955,2955,UPI,0,Failed
2956,2956,UPI,237.02,Paid
2957,2957,Debit Card,228.04,Paid
2958,2958,Credit Card,212.29,Paid
2959,2959,UPI,0,Cancelled
2960,2960,Debit Card,325.88,Paid
2961,2961,Credit Card,169.19,Paid
2962,2962,Debit Card,279.31,Paid
2963,2963,Debit Card,138.93,Paid
2964,2964,Credit Card,184.51,Paid
2965,2965,Debit Card,0,Cancelled
2966,2966,Cash,201.47,Paid
2967,2967,Credit Card,123.81,Paid
2968,2968,Wallet,266.98,Paid
2969,2969,UPI,252.53,Paid
2970,2970,Wallet,394.08,Paid
2971,2971,UPI,0,Cancelled
2972,2972,Credit Card,131.34,Paid
2973,2973,Credit Card,0,Refunded
2974,2974,UPI,0,Refunded
2975,2975,UPI,80.17,Paid
2976,2976,Cash,217.73,Paid
2977,2977,UPI,264.75,Paid
2978,2978,UPI,0,Cancelled
2979,2979,Cash,179.29,Paid
2980,2980,Wallet,117.82,Paid
2981,2981,Credit Card,262.37,Paid
2982,2982,Credit Card,249.02,Paid
2983,2983,UPI,370.04,Paid
2984,2984,Wallet,100.91,Paid
2985,2985,UPI,0,Refunded
2986,2986,Credit Card,0,Cancelled
2987,2987,Wallet,98.27,Paid
2988,2988,Credit Card,162.15,Paid
2989,2989,UPI,0,Failed
2990,2990,UPI,210.05,Paid
2991,2991,UPI,0,Cancelled
2992,2992,UPI,136.06,Paid
2993,2993,Credit Card,138.96,Paid
2994,2994,Credit Card,467.02,Paid
2995,2995,UPI,258.08,Paid
2996,2996,UPI,0,Refunded
2997,2997,Debit Card,110.56,Paid
2998,2998,Wallet,191.98,Paid
2999,2999,UPI,127.17,Paid
3000,3000,Credit Card,0,Cancelled
3001,3001,UPI,147.1,Paid
3002,3002,UPI,0,Refunded
3003,3003,UPI,118.3,Paid
3004,3004,UPI,108.03,Paid
3005,3005,Credit Card,304.96,Paid
3006,3006,Debit Card,172.63,Paid
3007,3007,Wallet,401.31,Paid
3008,3008,Wallet,319.72,Paid
3009,3009,Credit Card,120.89,Paid
3010,3010,UPI,239.91,Paid
3011,3011,Credit Card,85.79,Paid
3012,3012,Cash,152.55,Paid
3013,3013,Debit Card,123.05,Paid
3014,3014,Credit Card,204.88,Paid
3015,3015,Debit Card,155,Paid
3016,3016,UPI,0,Cancelled
3017,3017,UPI,0,Refunded
3018,3018,UPI,185.15,Paid
3019,3019,Wallet,199.69,Paid
3020,3020,UPI,0,Cancelled
3021,3021,UPI,225.53,Paid
3022,3022,Cash,166.87,Paid
3023,3023,Wallet,0,Failed
3024,3024,Debit Card,145.28,Paid
3025,3025,Wallet,226.78,Paid
3026,3026,UPI,0,Cancelled
3027,3027,Debit Card,216.32,Paid
3028,3028,UPI,117.72,Paid
3029,3029,UPI,276.22,Paid
3030,3030,UPI,443.55,Paid
3031,3031,Cash,155.21,Paid
3032,3032,UPI,141.01,Paid
3033,3033,UPI,479.24,Paid
3034,3034,Debit Card,0,Refunded
3035,3035,Debit Card,376.69,Paid
3036,3036,Credit Card,160.18,Paid
3037,3037,Cash,104.28,Paid
3038,3038,UPI,198.88,Paid
3039,3039,UPI,298.81,Paid
3040,3040,UPI,0,Refunded
3041,3041,Cash,0,Refunded
3042,3042,Credit Card,122.59,Paid
3043,3043,UPI,180.14,Paid
3044,3044,UPI,120.07,Paid
3045,3045,UPI,427.37,Paid
3046,3046,Credit Card,85.17,Paid
3047,3047,Credit Card,0,Refunded
3048,3048,UPI,170.6,Paid
3049,3049,UPI,273,Paid
3050,3050,Debit Card,184.35,Paid
3051,3051,Credit Card,87.03,Paid
3052,3052,UPI,198.86,Paid
3053,3053,Credit Card,164.34,Paid
3054,3054,UPI,163.35,Paid
3055,3055,UPI,215.92,Paid
3056,3056,UPI,365.24,Paid
3057,3057,UPI,122.04,Paid
3058,3058,UPI,171.11,Paid
3059,3059,Credit Card,0,Cancelled
3060,3060,Cash,295.88,Paid
3061,3061,Cash,198.39,Paid
3062,3062,UPI,89.74,Paid
3063,3063,UPI,286.13,Paid
3064,3064,UPI,173.82,Paid
3065,3065,Credit Card,95.82,Paid
3066,3066,UPI,214.17,Paid
3067,3067,Credit Card,174.86,Paid
3068,3068,UPI,554.87,Paid
3069,3069,Cash,116.52,Paid
3070,3070,Debit Card,0,Refunded
3071,3071,UPI,144.9,Paid
3072,3072,UPI,166.72,Paid
3073,3073,UPI,227.44,Paid
3074,3074,Credit Card,189.66,Paid
3075,3075,Cash,197.81,Paid
3076,3076,Debit Card,0,Cancelled
3077,3077,Credit Card,0,Refunded
3078,3078,Debit Card,352.51,Paid
3079,3079,Credit Card,150.15,Paid
3080,3080,Debit Card,190.92,Paid
3081,3081,Cash,111.76,Paid
3082,3082,Credit Card,252.69,Paid
3083,3083,Credit Card,0,Refunded
3084,3084,Credit Card,147.83,Paid
3085,3085,Wallet,335.04,Paid
3086,3086,Credit Card,173.5,Paid
3087,3087,UPI,96.59,Paid
3088,3088,Cash,265.29,Paid
3089,3089,UPI,121.23,Paid
3090,3090,UPI,183.77,Paid
3091,3091,UPI,135.34,Paid
3092,3092,UPI,124.97,Paid
3093,3093,Credit Card,385.45,Paid
3094,3094,Cash,164.71,Paid
3095,3095,UPI,203.74,Paid
3096,3096,UPI,184.88,Paid
3097,3097,UPI,146.03,Paid
3098,3098,UPI,262.53,Paid
3099,3099,Cash,235.51,Paid
3100,3100,Debit Card,252.77,Paid
3101,3101,UPI,399.31,Paid
3102,3102,UPI,182.36,Paid
3103,3103,Credit Card,0,Failed
3104,3104,UPI,129.47,Paid
3105,3105,Debit Card,141.65,Paid
3106,3106,Cash,189.03,Paid
3107,3107,Cash,178.12,Paid
3108,3108,UPI,173.5,Paid
3109,3109,Cash,115.18,Paid
3110,3110,Credit Card,256.99,Paid
3111,3111,Credit Card,186.81,Paid
3112,3112,Credit Card,131.78,Paid
3113,3113,UPI,0,Cancelled
3114,3114,Debit Card,103.77,Paid
3115,3115,UPI,337.16,Paid
3116,3116,Debit Card,0,Refunded
3117,3117,Wallet,0,Cancelled
3118,3118,UPI,147.08,Paid
3119,3119,Credit Card,323.4,Paid
3120,3120,UPI,193.12,Paid
3121,3121,Credit Card,159.41,Paid
3122,3122,Credit Card,0,Cancelled
3123,3123,Debit Card,142.37,Paid
3124,3124,UPI,83.5,Paid
3125,3125,Cash,0,Refunded
3126,3126,UPI,119.93,Paid
3127,3127,Credit Card,107.29,Paid
3128,3128,UPI,0,Cancelled
3129,3129,UPI,0,Refunded
3130,3130,Debit Card,0,Refunded
3131,3131,Credit Card,253.28,Paid
3132,3132,Credit Card,0,Failed
3133,3133,Credit Card,160.86,Paid
3134,3134,Credit Card,156.18,Paid
3135,3135,UPI,0,Failed
3136,3136,UPI,171.18,Paid
3137,3137,UPI,0,Refunded
3138,3138,Credit Card,264.17,Paid
3139,3139,UPI,183.41,Paid
3140,3140,Credit Card,112.99,Paid
3141,3141,Debit Card,302.6,Paid
3142,3142,Credit Card,207.57,Paid
3143,3143,Credit Card,251.05,Paid
3144,3144,Wallet,0,Refunded
3145,3145,UPI,70.11,Paid
3146,3146,UPI,584.12,Paid
3147,3147,Cash,119.63,Paid
3148,3148,UPI,0,Cancelled
3149,3149,Credit Card,198.65,Paid
3150,3150,Wallet,350.63,Paid
3151,3151,Debit Card,79.92,Paid
3152,3152,Cash,290.1,Paid
3153,3153,Credit Card,174.91,Paid
3154,3154,Credit Card,103.29,Paid
3155,3155,UPI,125.82,Paid
3156,3156,Debit Card,0,Cancelled
3157,3157,Debit Card,0,Failed
3158,3158,Credit Card,370.33,Paid
3159,3159,Cash,159.53,Paid
3160,3160,UPI,0,Cancelled
3161,3161,UPI,271.37,Paid
3162,3162,UPI,115.44,Paid
3163,3163,Cash,90.25,Paid
3164,3164,UPI,83.11,Paid
3165,3165,UPI,0,Refunded
3166,3166,Debit Card,229.51,Paid
3167,3167,Debit Card,150.84,Paid
3168,3168,UPI,232.75,Paid
3169,3169,Debit Card,207.17,Paid
3170,3170,UPI,248.37,Paid
3171,3171,UPI,175.84,Paid
3172,3172,UPI,0,Failed
3173,3173,UPI,0,Cancelled
3174,3174,Cash,0,Cancelled
3175,3175,UPI,0,Refunded
3176,3176,UPI,385.45,Paid
3177,3177,Debit Card,197.33,Paid
3178,3178,Credit Card,222.01,Paid
3179,3179,Cash,81.73,Paid
3180,3180,UPI,0,Refunded
3181,3181,UPI,0,Refunded
3182,3182,Cash,135.37,Paid
3183,3183,Wallet,171.16,Paid
3184,3184,UPI,0,Cancelled
3185,3185,UPI,0,Failed
3186,3186,UPI,142.1,Paid
3187,3187,UPI,0,Cancelled
3188,3188,Debit Card,330.87,Paid
3189,3189,UPI,337.06,Paid
3190,3190,UPI,133.66,Paid
3191,3191,UPI,223.2,Paid
3192,3192,UPI,165.5,Paid
3193,3193,UPI,306.41,Paid
3194,3194,Credit Card,0,Cancelled
3195,3195,UPI,216.03,Paid
3196,3196,Credit Card,178.99,Paid
3197,3197,UPI,210.62,Paid
3198,3198,UPI,349.23,Paid
3199,3199,UPI,219.71,Paid
3200,3200,Debit Card,248.74,Paid
3201,3201,Credit Card,191.75,Paid
3202,3202,Debit Card,321.8,Paid
3203,3203,Credit Card,141.72,Paid
3204,3204,Credit Card,300.27,Paid
3205,3205,UPI,0,Failed
3206,3206,UPI,186.88,Paid
3207,3207,Credit Card,107.2,Paid
3208,3208,UPI,277.13,Paid
3209,3209,Debit Card,135.93,Paid
3210,3210,Wallet,133.92,Paid
3211,3211,Wallet,0,Cancelled
3212,3212,Cash,0,Refunded
3213,3213,Cash,255.62,Paid
3214,3214,UPI,419.11,Paid
3215,3215,UPI,247.53,Paid
3216,3216,Debit Card,202.25,Paid
3217,3217,UPI,240.47,Paid
3218,3218,UPI,237.14,Paid
3219,3219,Credit Card,0,Refunded
3220,3220,Credit Card,265.62,Paid
3221,3221,Debit Card,0,Cancelled
3222,3222,UPI,0,Failed
3223,3223,UPI,0,Failed
3224,3224,Cash,374.83,Paid
3225,3225,Debit Card,137.06,Paid
3226,3226,Credit Card,0,Cancelled
3227,3227,Cash,225.88,Paid
3228,3228,UPI,0,Refunded
3229,3229,UPI,145.3,Paid
3230,3230,UPI,341.31,Paid
3231,3231,UPI,318.95,Paid
3232,3232,Debit Card,213.38,Paid
3233,3233,Credit Card,134.28,Paid
3234,3234,Credit Card,116.45,Paid
3235,3235,Cash,212.29,Paid
3236,3236,Credit Card,138.62,Paid
3237,3237,Credit Card,134.24,Paid
3238,3238,Debit Card,146.94,Paid
3239,3239,UPI,325.29,Paid
3240,3240,UPI,162.41,Paid
3241,3241,Cash,146.68,Paid
3242,3242,UPI,0,Refunded
3243,3243,Cash,0,Refunded
3244,3244,Credit Card,0,Refunded
3245,3245,Cash,88.64,Paid
3246,3246,UPI,0,Cancelled
3247,3247,Debit Card,0,Refunded
3248,3248,Debit Card,0,Refunded
3249,3249,UPI,454.88,Paid
3250,3250,Debit Card,0,Refunded
3251,3251,Credit Card,254.28,Paid
3252,3252,UPI,0,Refunded
3253,3253,Credit Card,142,Paid
3254,3254,UPI,168.31,Paid
3255,3255,Wallet,171.09,Paid
3256,3256,Wallet,145.41,Paid
3257,3257,UPI,277.54,Paid
3258,3258,UPI,0,Refunded
3259,3259,Credit Card,177.73,Paid
3260,3260,Credit Card,161.93,Paid
3261,3261,Credit Card,245.55,Paid
3262,3262,Debit Card,118.09,Paid
3263,3263,UPI,169.65,Paid
3264,3264,UPI,146.37,Paid
3265,3265,Credit Card,324.41,Paid
3266,3266,UPI,320.39,Paid
3267,3267,Cash,163.96,Paid
3268,3268,Debit Card,119.95,Paid
3269,3269,Debit Card,360.07,Paid
3270,3270,UPI,0,Cancelled
3271,3271,Credit Card,238.45,Paid
3272,3272,UPI,377.16,Paid
3273,3273,Credit Card,146.32,Paid
3274,3274,UPI,143.58,Paid
3275,3275,UPI,194.64,Paid
3276,3276,UPI,169.1,Paid
3277,3277,Credit Card,434.82,Paid
3278,3278,UPI,122.06,Paid
3279,3279,UPI,169.85,Paid
3280,3280,Credit Card,255.65,Paid
3281,3281,Debit Card,0,Cancelled
3282,3282,UPI,109.08,Paid
3283,3283,Cash,282.1,Paid
3284,3284,Wallet,0,Refunded
3285,3285,Debit Card,0,Cancelled
3286,3286,Cash,239.3,Paid
3287,3287,Credit Card,180.43,Paid
3288,3288,Credit Card,441.81,Paid
3289,3289,UPI,130.6,Paid
3290,3290,Credit Card,173.24,Paid
3291,3291,Credit Card,291.09,Paid
3292,3292,Credit Card,281.63,Paid
3293,3293,UPI,459.33,Paid
3294,3294,UPI,286.25,Paid
3295,3295,Wallet,188.07,Paid
3296,3296,Cash,152.45,Paid
3297,3297,Credit Card,278.92,Paid
3298,3298,UPI,125.65,Paid
3299,3299,Debit Card,122.23,Paid
3300,3300,UPI,0,Refunded
3301,3301,Credit Card,206.57,Paid
3302,3302,Cash,221.89,Paid
3303,3303,UPI,0,Refunded
3304,3304,Debit Card,111.77,Paid
3305,3305,Wallet,0,Refunded
3306,3306,UPI,144,Paid
3307,3307,UPI,230.28,Paid
3308,3308,Debit Card,145.38,Paid
3309,3309,Credit Card,176.96,Paid
3310,3310,UPI,294.76,Paid
3311,3311,Credit Card,0,Cancelled
3312,3312,Cash,131.67,Paid
3313,3313,Credit Card,242.51,Paid
3314,3314,Wallet,0,Failed
3315,3315,Credit Card,256.88,Paid
3316,3316,UPI,123.25,Paid
3317,3317,Cash,223.16,Paid
3318,3318,UPI,0,Refunded
3319,3319,Credit Card,102.34,Paid
3320,3320,UPI,130.05,Paid
3321,3321,Credit Card,0,Refunded
3322,3322,UPI,143.35,Paid
3323,3323,Credit Card,133.88,Paid
3324,3324,UPI,154.46,Paid
3325,3325,UPI,124.54,Paid
3326,3326,UPI,196.96,Paid
3327,3327,UPI,0,Refunded
3328,3328,Cash,350.5,Paid
3329,3329,Wallet,478.41,Paid
3330,3330,Credit Card,117.8,Paid
3331,3331,Debit Card,356.68,Paid
3332,3332,Cash,142.46,Paid
3333,3333,UPI,0,Cancelled
3334,3334,UPI,180.86,Paid
3335,3335,UPI,162.5,Paid
3336,3336,Cash,356.78,Paid
3337,3337,UPI,120.48,Paid
3338,3338,Credit Card,186.31,Paid
3339,3339,Wallet,0,Cancelled
3340,3340,Credit Card,323.86,Paid
3341,3341,UPI,0,Cancelled
3342,3342,Wallet,126.91,Paid
3343,3343,UPI,262.81,Paid
3344,3344,Debit Card,150.64,Paid
3345,3345,Credit Card,255.13,Paid
3346,3346,Debit Card,0,Refunded
3347,3347,Credit Card,107.77,Paid
3348,3348,Cash,533.34,Paid
3349,3349,Credit Card,0,Refunded
3350,3350,UPI,198.19,Paid
3351,3351,UPI,0,Refunded
3352,3352,UPI,141.68,Paid
3353,3353,UPI,92.54,Paid
3354,3354,UPI,0,Cancelled
3355,3355,UPI,182.39,Paid
3356,3356,UPI,0,Refunded
3357,3357,Debit Card,119.73,Paid
3358,3358,Credit Card,0,Cancelled
3359,3359,Cash,165.85,Paid
3360,3360,UPI,178.8,Paid
3361,3361,UPI,0,Failed
3362,3362,Debit Card,341.08,Paid
3363,3363,UPI,242.02,Paid
3364,3364,UPI,0,Refunded
3365,3365,UPI,113.3,Paid
3366,3366,Credit Card,0,Cancelled
3367,3367,UPI,66.26,Paid
3368,3368,Credit Card,112.47,Paid
3369,3369,Wallet,142.09,Paid
3370,3370,Credit Card,205.49,Paid
3371,3371,Debit Card,135.91,Paid
3372,3372,Debit Card,165.53,Paid
3373,3373,Credit Card,229.92,Paid
3374,3374,Debit Card,161.17,Paid
3375,3375,Credit Card,258.41,Paid
3376,3376,UPI,0,Cancelled
3377,3377,Debit Card,163.93,Paid
3378,3378,Cash,131.53,Paid
3379,3379,Cash,0,Refunded
3380,3380,UPI,152.08,Paid
3381,3381,Cash,0,Refunded
3382,3382,UPI,219.74,Paid
3383,3383,UPI,158.03,Paid
3384,3384,UPI,140.25,Paid
3385,3385,UPI,83.84,Paid
3386,3386,UPI,131.13,Paid
3387,3387,Debit Card,0,Cancelled
3388,3388,UPI,262.63,Paid
3389,3389,Credit Card,120.92,Paid
3390,3390,Credit Card,384.92,Paid
3391,3391,UPI,340.91,Paid
3392,3392,UPI,308.83,Paid
3393,3393,Credit Card,0,Cancelled
3394,3394,UPI,101.99,Paid
3395,3395,UPI,200.92,Paid
3396,3396,Debit Card,218.12,Paid
3397,3397,UPI,0,Refunded
3398,3398,Credit Card,0,Cancelled
3399,3399,Cash,106.3,Paid
3400,3400,UPI,0,Failed
3401,3401,UPI,0,Cancelled
3402,3402,Credit Card,0,Cancelled
3403,3403,Credit Card,177.76,Paid
3404,3404,Credit Card,183.12,Paid
3405,3405,UPI,154.85,Paid
3406,3406,UPI,293.65,Paid
3407,3407,Credit Card,204.7,Paid
3408,3408,Wallet,153.53,Paid
3409,3409,UPI,195.38,Paid
3410,3410,Debit Card,0,Cancelled
3411,3411,UPI,144.28,Paid
3412,3412,Cash,173.23,Paid
3413,3413,Debit Card,159.28,Paid
3414,3414,UPI,0,Cancelled
3415,3415,Credit Card,0,Cancelled
3416,3416,Credit Card,158.59,Paid
3417,3417,Debit Card,461.48,Paid
3418,3418,Debit Card,160.2,Paid
3419,3419,Debit Card,169.11,Paid
3420,3420,UPI,138.12,Paid
3421,3421,UPI,0,Refunded
3422,3422,UPI,0,Refunded
3423,3423,Credit Card,152.31,Paid
3424,3424,Credit Card,115.58,Paid
3425,3425,UPI,74.62,Paid
3426,3426,Credit Card,174.64,Paid
3427,3427,UPI,147.06,Paid
3428,3428,UPI,132.14,Paid
3429,3429,UPI,0,Cancelled
3430,3430,Credit Card,161.39,Paid
3431,3431,Debit Card,92.5,Paid
3432,3432,Debit Card,0,Cancelled
3433,3433,Credit Card,104.16,Paid
3434,3434,UPI,387.43,Paid
3435,3435,Credit Card,214.12,Paid
3436,3436,UPI,143.43,Paid
3437,3437,Credit Card,142.96,Paid
3438,3438,Debit Card,147.67,Paid
3439,3439,UPI,304.25,Paid
3440,3440,Credit Card,245.83,Paid
3441,3441,Debit Card,371.54,Paid
3442,3442,Cash,0,Cancelled
3443,3443,UPI,170.16,Paid
3444,3444,Cash,0,Cancelled
3445,3445,UPI,127.92,Paid
3446,3446,UPI,269.19,Paid
3447,3447,Wallet,243.92,Paid
3448,3448,Credit Card,200.83,Paid
3449,3449,Cash,285.9,Paid
3450,3450,Debit Card,141.51,Paid
3451,3451,UPI,252.17,Paid
3452,3452,UPI,0,Refunded
3453,3453,Credit Card,0,Refunded
3454,3454,UPI,270.21,Paid
3455,3455,Credit Card,231.39,Paid
3456,3456,Debit Card,210.4,Paid
3457,3457,Credit Card,0,Refunded
3458,3458,Debit Card,0,Cancelled
3459,3459,Debit Card,0,Cancelled
3460,3460,Debit Card,151.32,Paid
3461,3461,Credit Card,192.95,Paid
3462,3462,Cash,129.92,Paid
3463,3463,UPI,268.69,Paid
3464,3464,Cash,0,Cancelled
3465,3465,Credit Card,226.39,Paid
3466,3466,Credit Card,0,Failed
3467,3467,UPI,373.91,Paid
3468,3468,Cash,0,Cancelled
3469,3469,Credit Card,231.07,Paid
3470,3470,UPI,268.19,Paid
3471,3471,UPI,171.74,Paid
3472,3472,Credit Card,262.15,Paid
3473,3473,UPI,182.83,Paid
3474,3474,UPI,113.61,Paid
3475,3475,UPI,92.62,Paid
3476,3476,UPI,117.32,Paid
3477,3477,Wallet,191.29,Paid
3478,3478,Credit Card,281.66,Paid
3479,3479,Credit Card,0,Cancelled
3480,3480,Credit Card,0,Failed
3481,3481,Debit Card,145.93,Paid
3482,3482,Debit Card,107.18,Paid
3483,3483,UPI,675.29,Paid
3484,3484,Credit Card,219.42,Paid
3485,3485,Debit Card,140.43,Paid
3486,3486,Credit Card,201.82,Paid
3487,3487,Credit Card,287.12,Paid
3488,3488,UPI,116.78,Paid
3489,3489,UPI,272.16,Paid
3490,3490,Debit Card,128.47,Paid
3491,3491,Debit Card,275.33,Paid
3492,3492,Credit Card,109.48,Paid
3493,3493,Cash,148.15,Paid
3494,3494,Debit Card,331.91,Paid
3495,3495,UPI,348.69,Paid
3496,3496,Credit Card,0,Refunded
3497,3497,Credit Card,194.72,Paid
3498,3498,UPI,248.4,Paid
3499,3499,UPI,119.15,Paid
3500,3500,Cash,273.96,Paid
3501,3501,Wallet,304.44,Paid
3502,3502,Debit Card,175.13,Paid
3503,3503,UPI,0,Refunded
3504,3504,Credit Card,337.1,Paid
3505,3505,Credit Card,0,Cancelled
3506,3506,UPI,516.84,Paid
3507,3507,Credit Card,0,Refunded
3508,3508,UPI,109.7,Paid
3509,3509,Credit Card,0,Refunded
3510,3510,UPI,139.79,Paid
3511,3511,UPI,159.12,Paid
3512,3512,Wallet,183.01,Paid
3513,3513,Debit Card,0,Cancelled
3514,3514,Cash,0,Refunded
3515,3515,UPI,110,Paid
3516,3516,UPI,0,Refunded
3517,3517,Wallet,214.34,Paid
3518,3518,UPI,226.25,Paid
3519,3519,Cash,120.9,Paid
3520,3520,Debit Card,334.36,Paid
3521,3521,UPI,0,Failed
3522,3522,UPI,200.58,Paid
3523,3523,Credit Card,315.43,Paid
3524,3524,Cash,130.68,Paid
3525,3525,Credit Card,146.93,Paid
3526,3526,Debit Card,137.64,Paid
3527,3527,Debit Card,346.91,Paid
3528,3528,UPI,184.88,Paid
3529,3529,Cash,0,Refunded
3530,3530,Debit Card,0,Refunded
3531,3531,UPI,122.87,Paid
3532,3532,Credit Card,198.69,Paid
3533,3533,Credit Card,198.59,Paid
3534,3534,Debit Card,301.06,Paid
3535,3535,Wallet,227.97,Paid
3536,3536,Cash,293.58,Paid
3537,3537,Credit Card,241.77,Paid
3538,3538,UPI,0,Cancelled
3539,3539,UPI,561.44,Paid
3540,3540,Debit Card,182.86,Paid
3541,3541,UPI,0,Refunded
3542,3542,UPI,184.3,Paid
3543,3543,UPI,96.02,Paid
3544,3544,Credit Card,229.72,Paid
3545,3545,Cash,0,Refunded
3546,3546,UPI,182.57,Paid
3547,3547,UPI,0,Cancelled
3548,3548,Credit Card,93.72,Paid
3549,3549,Debit Card,210.23,Paid
3550,3550,UPI,165.8,Paid
3551,3551,Cash,127.16,Paid
3552,3552,Wallet,0,Cancelled
3553,3553,Credit Card,132.79,Paid
3554,3554,Cash,278.32,Paid
3555,3555,UPI,407.7,Paid
3556,3556,UPI,0,Cancelled
3557,3557,Credit Card,250.52,Paid
3558,3558,UPI,0,Refunded
3559,3559,UPI,370.05,Paid
3560,3560,Debit Card,130.83,Paid
3561,3561,UPI,250.29,Paid
3562,3562,UPI,99.57,Paid
3563,3563,UPI,70.81,Paid
3564,3564,Cash,114.18,Paid
3565,3565,Credit Card,543.48,Paid
3566,3566,UPI,0,Failed
3567,3567,UPI,203.76,Paid
3568,3568,UPI,165.19,Paid
3569,3569,Debit Card,112.63,Paid
3570,3570,UPI,284.59,Paid
3571,3571,UPI,185.05,Paid
3572,3572,UPI,144.97,Paid
3573,3573,Debit Card,221.69,Paid
3574,3574,Credit Card,195.62,Paid
3575,3575,UPI,319.83,Paid
3576,3576,Debit Card,141.59,Paid
3577,3577,Credit Card,191.44,Paid
3578,3578,UPI,204.81,Paid
3579,3579,UPI,93.99,Paid
3580,3580,UPI,221.81,Paid
3581,3581,UPI,171.44,Paid
3582,3582,UPI,172.04,Paid
3583,3583,UPI,214.53,Paid
3584,3584,UPI,185.83,Paid
3585,3585,UPI,159.53,Paid
3586,3586,UPI,399.1,Paid
3587,3587,Credit Card,151.91,Paid
3588,3588,UPI,170.26,Paid
3589,3589,UPI,262.74,Paid
3590,3590,UPI,218.95,Paid
3591,3591,UPI,149.98,Paid
3592,3592,Debit Card,160.77,Paid
3593,3593,Debit Card,134.48,Paid
3594,3594,Cash,232.1,Paid
3595,3595,Cash,222.81,Paid
3596,3596,Debit Card,111.85,Paid
3597,3597,UPI,197.49,Paid
3598,3598,UPI,253.17,Paid
3599,3599,Debit Card,0,Refunded
3600,3600,Cash,127.98,Paid
3601,3601,Credit Card,520.25,Paid
3602,3602,UPI,217.51,Paid
3603,3603,UPI,0,Cancelled
3604,3604,Debit Card,0,Cancelled
3605,3605,UPI,175.86,Paid
3606,3606,UPI,0,Cancelled
3607,3607,Credit Card,168.82,Paid
3608,3608,Cash,466.06,Paid
3609,3609,Credit Card,200.22,Paid
3610,3610,Credit Card,227.53,Paid
3611,3611,UPI,151.28,Paid
3612,3612,UPI,261.65,Paid
3613,3613,Wallet,333.57,Paid
3614,3614,Credit Card,272.31,Paid
3615,3615,UPI,0,Failed
3616,3616,Debit Card,210.74,Paid
3617,3617,Debit Card,184.87,Paid
3618,3618,UPI,143.09,Paid
3619,3619,Debit Card,252.26,Paid
3620,3620,Cash,89.07,Paid
3621,3621,Cash,0,Cancelled
3622,3622,UPI,0,Refunded
3623,3623,Debit Card,0,Cancelled
3624,3624,UPI,189.11,Paid
3625,3625,UPI,358.16,Paid
3626,3626,Cash,201.25,Paid
3627,3627,Credit Card,116.89,Paid
3628,3628,Cash,98.23,Paid
3629,3629,Credit Card,404.64,Paid
3630,3630,UPI,0,Refunded
3631,3631,Credit Card,276.79,Paid
3632,3632,Wallet,120.61,Paid
3633,3633,Credit Card,260.66,Paid
3634,3634,Cash,154.63,Paid
3635,3635,Cash,0,Refunded
3636,3636,UPI,386.85,Paid
3637,3637,UPI,139.29,Paid
3638,3638,Wallet,173.24,Paid
3639,3639,Cash,210.34,Paid
3640,3640,Credit Card,137.17,Paid
3641,3641,Wallet,0,Cancelled
3642,3642,Credit Card,102.34,Paid
3643,3643,Credit Card,314.2,Paid
3644,3644,Credit Card,224.8,Paid
3645,3645,Cash,189.52,Paid
3646,3646,UPI,132.99,Paid
3647,3647,UPI,153.21,Paid
3648,3648,UPI,267.12,Paid
3649,3649,Cash,0,Failed
3650,3650,UPI,329.66,Paid
3651,3651,UPI,0,Cancelled
3652,3652,Credit Card,0,Refunded
3653,3653,Cash,171.29,Paid
3654,3654,Credit Card,203.35,Paid
3655,3655,Cash,0,Cancelled
3656,3656,UPI,0,Cancelled
3657,3657,UPI,124.5,Paid
3658,3658,Debit Card,91.51,Paid
3659,3659,UPI,0,Refunded
3660,3660,Wallet,353.56,Paid
3661,3661,Debit Card,0,Refunded
3662,3662,Debit Card,116.14,Paid
3663,3663,UPI,131.35,Paid
3664,3664,Debit Card,215.92,Paid
3665,3665,Credit Card,121.52,Paid
3666,3666,UPI,113.27,Paid
3667,3667,Credit Card,115.89,Paid
3668,3668,UPI,154.83,Paid
3669,3669,Credit Card,0,Cancelled
3670,3670,UPI,80.42,Paid
3671,3671,UPI,144.92,Paid
3672,3672,UPI,285.51,Paid
3673,3673,UPI,133.2,Paid
3674,3674,Credit Card,167.81,Paid
3675,3675,Wallet,122.42,Paid
3676,3676,UPI,305.31,Paid
3677,3677,UPI,82.74,Paid
3678,3678,Credit Card,277.09,Paid
3679,3679,UPI,378.63,Paid
3680,3680,Credit Card,180.25,Paid
3681,3681,Cash,0,Cancelled
3682,3682,UPI,0,Cancelled
3683,3683,UPI,0,Refunded
3684,3684,UPI,0,Failed
3685,3685,Debit Card,158.34,Paid
3686,3686,UPI,211.73,Paid
3687,3687,Credit Card,138.91,Paid
3688,3688,UPI,0,Refunded
3689,3689,Credit Card,0,Cancelled
3690,3690,Credit Card,0,Refunded
3691,3691,UPI,183.69,Paid
3692,3692,UPI,95.02,Paid
3693,3693,UPI,136.36,Paid
3694,3694,Debit Card,100.09,Paid
3695,3695,Credit Card,185.37,Paid
3696,3696,Debit Card,160.05,Paid
3697,3697,Wallet,0,Failed
3698,3698,Debit Card,409.41,Paid
3699,3699,Cash,0,Refunded
3700,3700,UPI,113.05,Paid
3701,3701,Credit Card,0,Cancelled
3702,3702,UPI,0,Cancelled
3703,3703,UPI,0,Cancelled
3704,3704,UPI,157.66,Paid
3705,3705,Cash,0,Cancelled
3706,3706,Credit Card,124.95,Paid
3707,3707,Debit Card,77.32,Paid
3708,3708,Credit Card,140.2,Paid
3709,3709,UPI,0,Cancelled
3710,3710,Credit Card,134.75,Paid
3711,3711,UPI,0,Failed
3712,3712,Wallet,155.42,Paid
3713,3713,Debit Card,274.98,Paid
3714,3714,UPI,0,Failed
3715,3715,Wallet,295.68,Paid
3716,3716,UPI,0,Refunded
3717,3717,Debit Card,120.94,Paid
3718,3718,UPI,177.53,Paid
3719,3719,Credit Card,134.61,Paid
3720,3720,Debit Card,142.03,Paid
3721,3721,UPI,190.27,Paid
3722,3722,UPI,322.81,Paid
3723,3723,Debit Card,232.8,Paid
3724,3724,UPI,355.04,Paid
3725,3725,UPI,405,Paid
3726,3726,UPI,0,Failed
3727,3727,Debit Card,80.13,Paid
3728,3728,Cash,0,Failed
3729,3729,UPI,87.05,Paid
3730,3730,UPI,234.7,Paid
3731,3731,UPI,420.63,Paid
3732,3732,UPI,84.43,Paid
3733,3733,UPI,149.66,Paid
3734,3734,Cash,197.5,Paid
3735,3735,Credit Card,0,Cancelled
3736,3736,UPI,264.16,Paid
3737,3737,Credit Card,171.06,Paid
3738,3738,UPI,140.44,Paid
3739,3739,UPI,273.99,Paid
3740,3740,Wallet,288.71,Paid
3741,3741,Credit Card,163.35,Paid
3742,3742,Credit Card,0,Refunded
3743,3743,Debit Card,161.1,Paid
3744,3744,UPI,0,Cancelled
3745,3745,UPI,235.94,Paid
3746,3746,UPI,506.52,Paid
3747,3747,UPI,615.47,Paid
3748,3748,UPI,146.81,Paid
3749,3749,UPI,211.57,Paid
3750,3750,Credit Card,358.93,Paid
3751,3751,UPI,173.78,Paid
3752,3752,Wallet,455.6,Paid
3753,3753,Debit Card,176.59,Paid
3754,3754,Debit Card,126.66,Paid
3755,3755,Cash,94.9,Paid
3756,3756,Credit Card,129.62,Paid
3757,3757,Credit Card,118.27,Paid
3758,3758,Credit Card,208.11,Paid
3759,3759,UPI,291.24,Paid
3760,3760,UPI,210.78,Paid
3761,3761,Debit Card,265.77,Paid
3762,3762,Credit Card,252.8,Paid
3763,3763,UPI,121.58,Paid
3764,3764,Cash,193.03,Paid
3765,3765,Debit Card,126.81,Paid
3766,3766,Credit Card,0,Cancelled
3767,3767,Wallet,121.79,Paid
3768,3768,Wallet,157.88,Paid
3769,3769,UPI,297.69,Paid
3770,3770,Debit Card,245.33,Paid
3771,3771,Cash,273.83,Paid
3772,3772,Cash,0,Failed
3773,3773,Cash,0,Refunded
3774,3774,Cash,95.55,Paid
3775,3775,Wallet,283.37,Paid
3776,3776,UPI,137.2,Paid
3777,3777,UPI,170.95,Paid
3778,3778,UPI,124.96,Paid
3779,3779,Cash,378.41,Paid
3780,3780,Credit Card,302.17,Paid
3781,3781,UPI,96.44,Paid
3782,3782,Debit Card,219.02,Paid
3783,3783,UPI,0,Cancelled
3784,3784,UPI,413.53,Paid
3785,3785,UPI,0,Refunded
3786,3786,UPI,149.75,Paid
3787,3787,UPI,328.19,Paid
3788,3788,UPI,184.33,Paid
3789,3789,UPI,219.02,Paid
3790,3790,Credit Card,209.36,Paid
3791,3791,UPI,0,Cancelled
3792,3792,Debit Card,0,Cancelled
3793,3793,UPI,366.21,Paid
3794,3794,Debit Card,198,Paid
3795,3795,UPI,437.56,Paid
3796,3796,Wallet,385.66,Paid
3797,3797,UPI,257.58,Paid
3798,3798,UPI,210.83,Paid
3799,3799,UPI,125.53,Paid
3800,3800,UPI,169.26,Paid
3801,3801,UPI,97.18,Paid
3802,3802,Cash,79.37,Paid
3803,3803,Credit Card,388.22,Paid
3804,3804,UPI,0,Refunded
3805,3805,Cash,207.97,Paid
3806,3806,Cash,0,Cancelled
3807,3807,Wallet,0,Cancelled
3808,3808,UPI,0,Failed
3809,3809,Credit Card,0,Failed
3810,3810,Credit Card,493.67,Paid
3811,3811,Cash,0,Cancelled
3812,3812,Credit Card,217.76,Paid
3813,3813,Credit Card,269.26,Paid
3814,3814,Debit Card,0,Refunded
3815,3815,Credit Card,130.68,Paid
3816,3816,UPI,0,Refunded
3817,3817,Credit Card,145.95,Paid
3818,3818,Credit Card,0,Failed
3819,3819,Credit Card,141.82,Paid
3820,3820,UPI,148.8,Paid
3821,3821,Cash,247.66,Paid
3822,3822,UPI,0,Cancelled
3823,3823,UPI,0,Cancelled
3824,3824,UPI,0,Cancelled
3825,3825,UPI,211.75,Paid
3826,3826,Cash,194.64,Paid
3827,3827,Debit Card,313.52,Paid
3828,3828,UPI,0,Refunded
3829,3829,UPI,196.87,Paid
3830,3830,UPI,185.57,Paid
3831,3831,Credit Card,183.38,Paid
3832,3832,UPI,0,Cancelled
3833,3833,Cash,0,Refunded
3834,3834,UPI,0,Refunded
3835,3835,Wallet,126.54,Paid
3836,3836,Credit Card,142.62,Paid
3837,3837,Wallet,66.63,Paid
3838,3838,Debit Card,191.95,Paid
3839,3839,UPI,0,Failed
3840,3840,Debit Card,188.36,Paid
3841,3841,Wallet,190.11,Paid
3842,3842,Credit Card,112.26,Paid
3843,3843,Cash,95.64,Paid
3844,3844,Wallet,0,Refunded
3845,3845,UPI,205.02,Paid
3846,3846,UPI,146.71,Paid
3847,3847,UPI,146.26,Paid
3848,3848,Wallet,147.75,Paid
3849,3849,Credit Card,192.71,Paid
3850,3850,Debit Card,153.32,Paid
3851,3851,UPI,0,Cancelled
3852,3852,Credit Card,103.48,Paid
3853,3853,Credit Card,165.26,Paid
3854,3854,Debit Card,311.52,Paid
3855,3855,Debit Card,308.37,Paid
3856,3856,Debit Card,0,Cancelled
3857,3857,Credit Card,91.38,Paid
3858,3858,UPI,176.09,Paid
3859,3859,Credit Card,0,Refunded
3860,3860,Cash,185.12,Paid
3861,3861,UPI,102.96,Paid
3862,3862,UPI,106.29,Paid
3863,3863,Credit Card,137.73,Paid
3864,3864,UPI,407.26,Paid
3865,3865,UPI,211.49,Paid
3866,3866,UPI,0,Refunded
3867,3867,Cash,200.32,Paid
3868,3868,Wallet,0,Failed
3869,3869,UPI,210.58,Paid
3870,3870,UPI,151.07,Paid
3871,3871,Cash,92.78,Paid
3872,3872,Cash,144.02,Paid
3873,3873,Wallet,155.6,Paid
3874,3874,Cash,241.25,Paid
3875,3875,Credit Card,234.23,Paid
3876,3876,Credit Card,95.51,Paid
3877,3877,Credit Card,123.61,Paid
3878,3878,UPI,0,Refunded
3879,3879,Credit Card,0,Failed
3880,3880,Cash,299.11,Paid
3881,3881,UPI,0,Cancelled
3882,3882,UPI,0,Cancelled
3883,3883,UPI,141.84,Paid
3884,3884,UPI,179.9,Paid
3885,3885,UPI,313.13,Paid
3886,3886,Credit Card,280.68,Paid
3887,3887,Cash,266.34,Paid
3888,3888,UPI,128.56,Paid
3889,3889,Credit Card,110.47,Paid
3890,3890,Cash,138.08,Paid
3891,3891,Wallet,0,Cancelled
3892,3892,UPI,174.69,Paid
3893,3893,Debit Card,198.21,Paid
3894,3894,Debit Card,0,Refunded
3895,3895,Wallet,130.14,Paid
3896,3896,UPI,88.24,Paid
3897,3897,Cash,0,Refunded
3898,3898,Credit Card,0,Failed
3899,3899,UPI,204.55,Paid
3900,3900,UPI,194.56,Paid
3901,3901,Credit Card,0,Refunded
3902,3902,UPI,284.05,Paid
3903,3903,Debit Card,276.44,Paid
3904,3904,Cash,192.35,Paid
3905,3905,Credit Card,189.24,Paid
3906,3906,Debit Card,186.97,Paid
3907,3907,Credit Card,164.39,Paid
3908,3908,UPI,0,Cancelled
3909,3909,UPI,177.67,Paid
3910,3910,Cash,377.94,Paid
3911,3911,Debit Card,178.72,Paid
3912,3912,UPI,0,Refunded
3913,3913,Credit Card,213.44,Paid
3914,3914,Wallet,145.07,Paid
3915,3915,Wallet,0,Refunded
3916,3916,Cash,166.92,Paid
3917,3917,UPI,173.32,Paid
3918,3918,UPI,0,Cancelled
3919,3919,Cash,0,Cancelled
3920,3920,Debit Card,328.82,Paid
3921,3921,Cash,0,Failed
3922,3922,UPI,154.41,Paid
3923,3923,Credit Card,238.78,Paid
3924,3924,Cash,0,Cancelled
3925,3925,UPI,0,Refunded
3926,3926,Wallet,267.12,Paid
3927,3927,Debit Card,152.41,Paid
3928,3928,UPI,280.58,Paid
3929,3929,Debit Card,278.58,Paid
3930,3930,Debit Card,159.49,Paid
3931,3931,Credit Card,95.73,Paid
3932,3932,Debit Card,93.19,Paid
3933,3933,UPI,370.88,Paid
3934,3934,Credit Card,107.63,Paid
3935,3935,UPI,0,Cancelled
3936,3936,UPI,263.12,Paid
3937,3937,Debit Card,161.28,Paid
3938,3938,Credit Card,0,Refunded
3939,3939,Wallet,331.26,Paid
3940,3940,Cash,153,Paid
3941,3941,UPI,453.34,Paid
3942,3942,Debit Card,321.09,Paid
3943,3943,UPI,86.45,Paid
3944,3944,Credit Card,193.4,Paid
3945,3945,UPI,105.85,Paid
3946,3946,Credit Card,108.8,Paid
3947,3947,Cash,326.85,Paid
3948,3948,Credit Card,364.95,Paid
3949,3949,Cash,0,Refunded
3950,3950,Debit Card,199.04,Paid
3951,3951,UPI,120.07,Paid
3952,3952,Credit Card,112.48,Paid
3953,3953,Cash,155.42,Paid
3954,3954,Debit Card,0,Cancelled
3955,3955,Cash,153.62,Paid
3956,3956,UPI,0,Refunded
3957,3957,Debit Card,165.81,Paid
3958,3958,UPI,0,Failed
3959,3959,Wallet,332.95,Paid
3960,3960,Credit Card,98.44,Paid
3961,3961,Cash,183.72,Paid
3962,3962,Debit Card,269.82,Paid
3963,3963,Wallet,173.83,Paid
3964,3964,Credit Card,178.07,Paid
3965,3965,UPI,160.33,Paid
3966,3966,Debit Card,0,Refunded
3967,3967,UPI,176.99,Paid
3968,3968,Cash,0,Cancelled
3969,3969,UPI,0,Failed
3970,3970,UPI,0,Cancelled
3971,3971,Debit Card,282.52,Paid
3972,3972,UPI,135.13,Paid
3973,3973,UPI,128.56,Paid
3974,3974,Wallet,159.9,Paid
3975,3975,Credit Card,126.25,Paid
3976,3976,Credit Card,0,Refunded
3977,3977,UPI,215.82,Paid
3978,3978,UPI,254.31,Paid
3979,3979,UPI,0,Refunded
3980,3980,UPI,109.29,Paid
3981,3981,Credit Card,359.34,Paid
3982,3982,Wallet,185.81,Paid
3983,3983,UPI,174.71,Paid
3984,3984,Wallet,258.84,Paid
3985,3985,Credit Card,119.47,Paid
3986,3986,Credit Card,0,Cancelled
3987,3987,UPI,236.84,Paid
3988,3988,Cash,257.92,Paid
3989,3989,Cash,159.18,Paid
3990,3990,Debit Card,227.54,Paid
3991,3991,UPI,193.23,Paid
3992,3992,UPI,135.69,Paid
3993,3993,Wallet,117.5,Paid
3994,3994,Credit Card,271.78,Paid
3995,3995,UPI,104.74,Paid
3996,3996,UPI,375.08,Paid
3997,3997,UPI,130.02,Paid
3998,3998,Credit Card,178.57,Paid
3999,3999,Credit Card,190.53,Paid
4000,4000,Cash,368.28,Paid
4001,4001,Cash,0,Refunded
4002,4002,UPI,107.72,Paid
4003,4003,Cash,252.53,Paid
4004,4004,Credit Card,113.23,Paid
4005,4005,Wallet,108.91,Paid
4006,4006,Wallet,117.18,Paid
4007,4007,Debit Card,233.02,Paid
4008,4008,UPI,278.75,Paid
4009,4009,Wallet,245.14,Paid
4010,4010,UPI,165.31,Paid
4011,4011,Cash,0,Cancelled
4012,4012,Credit Card,288.41,Paid
4013,4013,Credit Card,415.5,Paid
4014,4014,Cash,0,Refunded
4015,4015,Debit Card,0,Refunded
4016,4016,UPI,127.73,Paid
4017,4017,UPI,199.29,Paid
4018,4018,Wallet,178.57,Paid
4019,4019,UPI,0,Cancelled
4020,4020,Cash,119.18,Paid
4021,4021,Debit Card,0,Refunded
4022,4022,Wallet,162.23,Paid
4023,4023,Wallet,171.87,Paid
4024,4024,Credit Card,0,Refunded
4025,4025,UPI,181.82,Paid
4026,4026,UPI,122.85,Paid
4027,4027,UPI,97.46,Paid
4028,4028,Credit Card,415.18,Paid
4029,4029,UPI,178.16,Paid
4030,4030,Cash,270.6,Paid
4031,4031,UPI,173.05,Paid
4032,4032,Wallet,142.31,Paid
4033,4033,Debit Card,159.62,Paid
4034,4034,UPI,0,Failed
4035,4035,Credit Card,163.12,Paid
4036,4036,UPI,179.71,Paid
4037,4037,Credit Card,489.44,Paid
4038,4038,Credit Card,150.63,Paid
4039,4039,Debit Card,0,Cancelled
4040,4040,Credit Card,0,Failed
4041,4041,Wallet,257.84,Paid
4042,4042,UPI,214.23,Paid
4043,4043,UPI,0,Refunded
4044,4044,Debit Card,0,Refunded
4045,4045,Credit Card,0,Failed
4046,4046,UPI,271.36,Paid
4047,4047,Cash,0,Refunded
4048,4048,Debit Card,328.84,Paid
4049,4049,Credit Card,126.01,Paid
4050,4050,Cash,300.66,Paid
4051,4051,Cash,312.78,Paid
4052,4052,UPI,102.63,Paid
4053,4053,Credit Card,0,Cancelled
4054,4054,Cash,112.96,Paid
4055,4055,UPI,236.2,Paid
4056,4056,UPI,290.97,Paid
4057,4057,UPI,100.98,Paid
4058,4058,UPI,305.2,Paid
4059,4059,Credit Card,0,Cancelled
4060,4060,Debit Card,315.54,Paid
4061,4061,Credit Card,124.5,Paid
4062,4062,UPI,402.69,Paid
4063,4063,Cash,0,Refunded
4064,4064,UPI,336.78,Paid
4065,4065,Credit Card,146.59,Paid
4066,4066,UPI,103.17,Paid
4067,4067,Credit Card,213.54,Paid
4068,4068,UPI,0,Cancelled
4069,4069,UPI,211.66,Paid
4070,4070,Wallet,101.6,Paid
4071,4071,Debit Card,0,Failed
4072,4072,Cash,188.67,Paid
4073,4073,Credit Card,205.36,Paid
4074,4074,Credit Card,291.61,Paid
4075,4075,Wallet,117.31,Paid
4076,4076,Credit Card,197.13,Paid
4077,4077,UPI,261.72,Paid
4078,4078,Credit Card,0,Failed
4079,4079,UPI,218.46,Paid
4080,4080,Wallet,163.97,Paid
4081,4081,UPI,360.15,Paid
4082,4082,Cash,115.41,Paid
4083,4083,UPI,82,Paid
4084,4084,UPI,289.78,Paid
4085,4085,UPI,194.93,Paid
4086,4086,UPI,353.01,Paid
4087,4087,UPI,161.33,Paid
4088,4088,UPI,143.38,Paid
4089,4089,UPI,129.79,Paid
4090,4090,Debit Card,186.69,Paid
4091,4091,Credit Card,169,Paid
4092,4092,Debit Card,0,Cancelled
4093,4093,Credit Card,180.61,Paid
4094,4094,Cash,0,Cancelled
4095,4095,UPI,222.93,Paid
4096,4096,UPI,0,Refunded
4097,4097,UPI,229.83,Paid
4098,4098,Wallet,89.59,Paid
4099,4099,Credit Card,161.19,Paid
4100,4100,Cash,215.14,Paid
4101,4101,Cash,93.52,Paid
4102,4102,UPI,219.55,Paid
4103,4103,Credit Card,0,Cancelled
4104,4104,Credit Card,163.7,Paid
4105,4105,Cash,149.93,Paid
4106,4106,UPI,141.54,Paid
4107,4107,Cash,0,Refunded
4108,4108,UPI,0,Refunded
4109,4109,Credit Card,0,Refunded
4110,4110,Cash,252.63,Paid
4111,4111,UPI,295.89,Paid
4112,4112,UPI,200.34,Paid
4113,4113,UPI,126.21,Paid
4114,4114,UPI,129.05,Paid
4115,4115,Credit Card,130.71,Paid
4116,4116,Cash,247.68,Paid
4117,4117,Debit Card,220.18,Paid
4118,4118,Cash,202.12,Paid
4119,4119,UPI,0,Failed
4120,4120,UPI,266.01,Paid
4121,4121,Credit Card,0,Refunded
4122,4122,UPI,152.81,Paid
4123,4123,Debit Card,201.34,Paid
4124,4124,Wallet,265.62,Paid
4125,4125,Debit Card,231.4,Paid
4126,4126,Wallet,154.71,Paid
4127,4127,Wallet,0,Failed
4128,4128,UPI,180.73,Paid
4129,4129,Credit Card,136.1,Paid
4130,4130,Debit Card,229.78,Paid
4131,4131,Credit Card,117.11,Paid
4132,4132,Credit Card,0,Cancelled
4133,4133,UPI,240.65,Paid
4134,4134,Credit Card,202.45,Paid
4135,4135,UPI,130.97,Paid
4136,4136,UPI,0,Cancelled
4137,4137,UPI,119.74,Paid
4138,4138,UPI,0,Refunded
4139,4139,UPI,92.47,Paid
4140,4140,Credit Card,0,Refunded
4141,4141,Credit Card,159.8,Paid
4142,4142,UPI,169.22,Paid
4143,4143,Credit Card,131.36,Paid
4144,4144,UPI,346.1,Paid
4145,4145,Cash,204.73,Paid
4146,4146,UPI,132.48,Paid
4147,4147,UPI,153.64,Paid
4148,4148,UPI,0,Failed
4149,4149,Debit Card,105.53,Paid
4150,4150,Credit Card,212.53,Paid
4151,4151,Credit Card,221.29,Paid
4152,4152,Credit Card,0,Refunded
4153,4153,Debit Card,298.07,Paid
4154,4154,Wallet,228.6,Paid
4155,4155,Debit Card,446.25,Paid
4156,4156,UPI,254.93,Paid
4157,4157,Credit Card,368.81,Paid
4158,4158,UPI,222.18,Paid
4159,4159,UPI,140.36,Paid
4160,4160,Debit Card,162.3,Paid
4161,4161,UPI,114.38,Paid
4162,4162,Debit Card,186.57,Paid
4163,4163,Credit Card,141.85,Paid
4164,4164,Credit Card,0,Failed
4165,4165,Cash,0,Refunded
4166,4166,Cash,108.84,Paid
4167,4167,UPI,262.87,Paid
4168,4168,Cash,318.33,Paid
4169,4169,Credit Card,127.71,Paid
4170,4170,Credit Card,108.6,Paid
4171,4171,UPI,168,Paid
4172,4172,Cash,0,Refunded
4173,4173,Cash,0,Refunded
4174,4174,Debit Card,226.34,Paid
4175,4175,UPI,88.2,Paid
4176,4176,UPI,0,Cancelled
4177,4177,Credit Card,0,Refunded
4178,4178,UPI,0,Cancelled
4179,4179,UPI,230.29,Paid
4180,4180,UPI,224.82,Paid
4181,4181,UPI,178.35,Paid
4182,4182,Wallet,157.73,Paid
4183,4183,Cash,290.14,Paid
4184,4184,UPI,139.11,Paid
4185,4185,Cash,0,Refunded
4186,4186,UPI,0,Cancelled
4187,4187,Cash,196.46,Paid
4188,4188,UPI,0,Cancelled
4189,4189,Credit Card,369.15,Paid
4190,4190,UPI,0,Failed
4191,4191,Credit Card,478.21,Paid
4192,4192,Credit Card,137.6,Paid
4193,4193,UPI,114.05,Paid
4194,4194,Debit Card,97.97,Paid
4195,4195,Credit Card,170.88,Paid
4196,4196,UPI,327.16,Paid
4197,4197,Credit Card,0,Cancelled
4198,4198,UPI,138.24,Paid
4199,4199,Credit Card,138.44,Paid
4200,4200,Credit Card,227.89,Paid
4201,4201,Credit Card,165.76,Paid
4202,4202,Credit Card,139.16,Paid
4203,4203,UPI,351.02,Paid
4204,4204,Credit Card,69.41,Paid
4205,4205,UPI,216.64,Paid
4206,4206,UPI,175.38,Paid
4207,4207,Debit Card,240.73,Paid
4208,4208,UPI,130.65,Paid
4209,4209,UPI,0,Failed
4210,4210,UPI,258.76,Paid
4211,4211,Wallet,378.84,Paid
4212,4212,UPI,0,Cancelled
4213,4213,Cash,129.1,Paid
4214,4214,Credit Card,85.65,Paid
4215,4215,Credit Card,0,Refunded
4216,4216,Credit Card,238.87,Paid
4217,4217,Credit Card,281.4,Paid
4218,4218,Credit Card,0,Refunded
4219,4219,UPI,0,Cancelled
4220,4220,Cash,242.75,Paid
4221,4221,Debit Card,192.1,Paid
4222,4222,Wallet,0,Cancelled
4223,4223,Cash,405.5,Paid
4224,4224,UPI,132.89,Paid
4225,4225,UPI,103.81,Paid
4226,4226,Credit Card,84.83,Paid
4227,4227,UPI,0,Refunded
4228,4228,UPI,0,Cancelled
4229,4229,UPI,0,Cancelled
4230,4230,UPI,0,Cancelled
4231,4231,UPI,168.22,Paid
4232,4232,Credit Card,93.25,Paid
4233,4233,Wallet,366.96,Paid
4234,4234,UPI,378.65,Paid
4235,4235,UPI,145.18,Paid
4236,4236,Wallet,165.26,Paid
4237,4237,Credit Card,0,Refunded
4238,4238,Credit Card,352.27,Paid
4239,4239,UPI,161.4,Paid
4240,4240,UPI,162.71,Paid
4241,4241,Credit Card,360.24,Paid
4242,4242,UPI,269.72,Paid
4243,4243,Cash,0,Refunded
4244,4244,Credit Card,152.17,Paid
4245,4245,Wallet,119.42,Paid
4246,4246,Debit Card,510.27,Paid
4247,4247,UPI,283.21,Paid
4248,4248,Credit Card,0,Refunded
4249,4249,UPI,0,Refunded
4250,4250,Cash,0,Refunded
4251,4251,UPI,188.44,Paid
4252,4252,Credit Card,264.13,Paid
4253,4253,Cash,175.98,Paid
4254,4254,UPI,482.4,Paid
4255,4255,Credit Card,0,Failed
4256,4256,Debit Card,316.31,Paid
4257,4257,UPI,0,Failed
4258,4258,UPI,159.57,Paid
4259,4259,UPI,184.09,Paid
4260,4260,Debit Card,429.59,Paid
4261,4261,UPI,216.39,Paid
4262,4262,Wallet,184.41,Paid
4263,4263,UPI,180.87,Paid
4264,4264,Credit Card,206.2,Paid
4265,4265,UPI,186.32,Paid
4266,4266,Cash,197.58,Paid
4267,4267,UPI,256.94,Paid
4268,4268,Credit Card,124.3,Paid
4269,4269,Wallet,406.87,Paid
4270,4270,Credit Card,289.38,Paid
4271,4271,Credit Card,531.73,Paid
4272,4272,Cash,119.58,Paid
4273,4273,Cash,312.68,Paid
4274,4274,Debit Card,101.28,Paid
4275,4275,UPI,88.91,Paid
4276,4276,Debit Card,230.14,Paid
4277,4277,Debit Card,0,Refunded
4278,4278,UPI,269.66,Paid
4279,4279,Credit Card,265.64,Paid
4280,4280,UPI,0,Failed
4281,4281,UPI,123.68,Paid
4282,4282,UPI,261.27,Paid
4283,4283,Cash,180.92,Paid
4284,4284,Wallet,94.19,Paid
4285,4285,Debit Card,163.3,Paid
4286,4286,UPI,87.79,Paid
4287,4287,Debit Card,146.55,Paid
4288,4288,UPI,160.38,Paid
4289,4289,UPI,83.48,Paid
4290,4290,Credit Card,163.15,Paid
4291,4291,Cash,188.09,Paid
4292,4292,UPI,0,Cancelled
4293,4293,Credit Card,0,Refunded
4294,4294,Debit Card,252.66,Paid
4295,4295,Cash,0,Failed
4296,4296,UPI,236.98,Paid
4297,4297,Credit Card,99.31,Paid
4298,4298,Cash,0,Refunded
4299,4299,UPI,95.64,Paid
4300,4300,UPI,325.73,Paid
4301,4301,UPI,267.8,Paid
4302,4302,Debit Card,201.44,Paid
4303,4303,Wallet,0,Refunded
4304,4304,Credit Card,212.61,Paid
4305,4305,Wallet,262.36,Paid
4306,4306,Wallet,156.64,Paid
4307,4307,Cash,0,Refunded
4308,4308,Credit Card,181.49,Paid
4309,4309,Debit Card,111.97,Paid
4310,4310,Cash,207.06,Paid
4311,4311,Cash,342.22,Paid
4312,4312,Credit Card,106.67,Paid
4313,4313,Cash,94.29,Paid
4314,4314,Cash,140.61,Paid
4315,4315,UPI,242.14,Paid
4316,4316,UPI,236.73,Paid
4317,4317,Cash,106.35,Paid
4318,4318,Debit Card,202.22,Paid
4319,4319,UPI,207.45,Paid
4320,4320,Credit Card,217.01,Paid
4321,4321,Wallet,237.47,Paid
4322,4322,UPI,274.81,Paid
4323,4323,UPI,107.11,Paid
4324,4324,Debit Card,94.82,Paid
4325,4325,UPI,0,Cancelled
4326,4326,UPI,105.66,Paid
4327,4327,Cash,202.48,Paid
4328,4328,Cash,0,Cancelled
4329,4329,Debit Card,150.94,Paid
4330,4330,UPI,482.71,Paid
4331,4331,UPI,172.67,Paid
4332,4332,Debit Card,219.92,Paid
4333,4333,Cash,0,Refunded
4334,4334,Credit Card,99.67,Paid
4335,4335,Cash,78.42,Paid
4336,4336,Cash,0,Failed
4337,4337,Cash,0,Refunded
4338,4338,Debit Card,122.96,Paid
4339,4339,Cash,86.28,Paid
4340,4340,UPI,389.74,Paid
4341,4341,Credit Card,0,Cancelled
4342,4342,Credit Card,109.96,Paid
4343,4343,UPI,497.61,Paid
4344,4344,Wallet,293.62,Paid
4345,4345,Credit Card,148.87,Paid
4346,4346,Cash,320.4,Paid
4347,4347,Credit Card,138.31,Paid
4348,4348,UPI,204.35,Paid
4349,4349,Credit Card,187.3,Paid
4350,4350,UPI,204.97,Paid
4351,4351,UPI,182.23,Paid
4352,4352,UPI,556.03,Paid
4353,4353,Cash,0,Cancelled
4354,4354,Credit Card,359.72,Paid
4355,4355,Wallet,157.98,Paid
4356,4356,Cash,132.2,Paid
4357,4357,Credit Card,108.6,Paid
4358,4358,Credit Card,240.48,Paid
4359,4359,Credit Card,400.91,Paid
4360,4360,UPI,216.3,Paid
4361,4361,UPI,589.35,Paid
4362,4362,Credit Card,286.51,Paid
4363,4363,Cash,222.12,Paid
4364,4364,Credit Card,0,Refunded
4365,4365,Credit Card,190.57,Paid
4366,4366,Credit Card,275.65,Paid
4367,4367,UPI,263.2,Paid
4368,4368,UPI,156.78,Paid
4369,4369,Debit Card,0,Failed
4370,4370,UPI,0,Cancelled
4371,4371,UPI,124.38,Paid
4372,4372,Credit Card,311.89,Paid
4373,4373,Debit Card,233.81,Paid
4374,4374,UPI,0,Cancelled
4375,4375,UPI,190.84,Paid
4376,4376,Credit Card,172.51,Paid
4377,4377,Cash,319.05,Paid
4378,4378,Credit Card,195.32,Paid
4379,4379,Cash,511.64,Paid
4380,4380,UPI,212.88,Paid
4381,4381,Credit Card,100.16,Paid
4382,4382,Debit Card,166.11,Paid
4383,4383,Cash,0,Cancelled
4384,4384,Cash,242.94,Paid
4385,4385,UPI,0,Cancelled
4386,4386,Debit Card,159.01,Paid
4387,4387,UPI,107.5,Paid
4388,4388,Wallet,156.24,Paid
4389,4389,UPI,149.14,Paid
4390,4390,Debit Card,209.14,Paid
4391,4391,UPI,98.51,Paid
4392,4392,Debit Card,433.93,Paid
4393,4393,Debit Card,0,Refunded
4394,4394,UPI,162.01,Paid
4395,4395,UPI,197.43,Paid
4396,4396,Debit Card,136.98,Paid
4397,4397,UPI,225.82,Paid
4398,4398,Wallet,111.77,Paid
4399,4399,UPI,116.39,Paid
4400,4400,UPI,0,Refunded
4401,4401,Debit Card,326.1,Paid
4402,4402,UPI,308.11,Paid
4403,4403,Credit Card,249.92,Paid
4404,4404,Credit Card,0,Refunded
4405,4405,UPI,0,Refunded
4406,4406,Wallet,334.46,Paid
4407,4407,UPI,144.07,Paid
4408,4408,UPI,231.37,Paid
4409,4409,Debit Card,250.96,Paid
4410,4410,Debit Card,0,Failed
4411,4411,Credit Card,266.05,Paid
4412,4412,UPI,343.45,Paid
4413,4413,Credit Card,275.22,Paid
4414,4414,UPI,277.88,Paid
4415,4415,UPI,225.98,Paid
4416,4416,Credit Card,136.92,Paid
4417,4417,Wallet,242.34,Paid
4418,4418,Debit Card,0,Failed
4419,4419,Cash,160.3,Paid
4420,4420,Debit Card,227.5,Paid
4421,4421,UPI,167.1,Paid
4422,4422,Cash,135.25,Paid
4423,4423,Cash,154.09,Paid
4424,4424,Debit Card,161.09,Paid
4425,4425,Credit Card,297.28,Paid
4426,4426,UPI,176.61,Paid
4427,4427,Credit Card,161.77,Paid
4428,4428,UPI,247.58,Paid
4429,4429,Wallet,192.56,Paid
4430,4430,UPI,0,Cancelled
4431,4431,Wallet,166.56,Paid
4432,4432,Credit Card,147.56,Paid
4433,4433,Cash,200.37,Paid
4434,4434,UPI,0,Refunded
4435,4435,Wallet,218.23,Paid
4436,4436,Cash,134.28,Paid
4437,4437,Debit Card,0,Refunded
4438,4438,Cash,0,Refunded
4439,4439,Credit Card,176.5,Paid
4440,4440,UPI,155.65,Paid
4441,4441,UPI,307.98,Paid
4442,4442,UPI,141.11,Paid
4443,4443,UPI,189.69,Paid
4444,4444,Credit Card,387.01,Paid
4445,4445,Wallet,256.61,Paid
4446,4446,UPI,92.72,Paid
4447,4447,Wallet,107.6,Paid
4448,4448,Cash,209.48,Paid
4449,4449,UPI,212.59,Paid
4450,4450,Cash,369.26,Paid
4451,4451,UPI,110.75,Paid
4452,4452,UPI,368.26,Paid
4453,4453,UPI,281.21,Paid
4454,4454,Credit Card,217.13,Paid
4455,4455,Credit Card,155.49,Paid
4456,4456,UPI,168.97,Paid
4457,4457,Debit Card,306.31,Paid
4458,4458,UPI,86.45,Paid
4459,4459,Debit Card,217.85,Paid
4460,4460,UPI,0,Refunded
4461,4461,UPI,215.57,Paid
4462,4462,Cash,0,Refunded
4463,4463,Wallet,0,Refunded
4464,4464,UPI,171.82,Paid
4465,4465,Cash,93.52,Paid
4466,4466,Credit Card,148.95,Paid
4467,4467,Wallet,201.2,Paid
4468,4468,UPI,364.72,Paid
4469,4469,Debit Card,0,Refunded
4470,4470,UPI,240.4,Paid
4471,4471,UPI,188.5,Paid
4472,4472,Credit Card,156.11,Paid
4473,4473,Credit Card,0,Cancelled
4474,4474,Debit Card,88.11,Paid
4475,4475,UPI,70.78,Paid
4476,4476,UPI,137.12,Paid
4477,4477,UPI,107.71,Paid
4478,4478,UPI,311.44,Paid
4479,4479,UPI,0,Cancelled
4480,4480,Cash,123.08,Paid
4481,4481,Debit Card,0,Cancelled
4482,4482,UPI,109.15,Paid
4483,4483,UPI,0,Cancelled
4484,4484,Debit Card,132.37,Paid
4485,4485,Debit Card,109.3,Paid
4486,4486,Credit Card,0,Refunded
4487,4487,Cash,164.66,Paid
4488,4488,Credit Card,452.57,Paid
4489,4489,UPI,98.37,Paid
4490,4490,Debit Card,86.82,Paid
4491,4491,UPI,83.26,Paid
4492,4492,Credit Card,401.31,Paid
4493,4493,UPI,194.4,Paid
4494,4494,Credit Card,156.01,Paid
4495,4495,UPI,219.41,Paid
4496,4496,Wallet,152.54,Paid
4497,4497,UPI,197.36,Paid
4498,4498,UPI,0,Refunded
4499,4499,UPI,179.39,Paid
4500,4500,UPI,136.01,Paid
4501,4501,Credit Card,0,Refunded
4502,4502,UPI,264.65,Paid
4503,4503,UPI,108.52,Paid
4504,4504,UPI,302.36,Paid
4505,4505,Wallet,228.22,Paid
4506,4506,UPI,91.13,Paid
4507,4507,UPI,433.49,Paid
4508,4508,UPI,165.53,Paid
4509,4509,Credit Card,312.67,Paid
4510,4510,Wallet,220.34,Paid
4511,4511,Credit Card,95.91,Paid
4512,4512,Wallet,135.56,Paid
4513,4513,UPI,149.72,Paid
4514,4514,Wallet,245.45,Paid
4515,4515,UPI,201.35,Paid
4516,4516,Credit Card,145.64,Paid
4517,4517,UPI,0,Refunded
4518,4518,UPI,0,Cancelled
4519,4519,UPI,147.02,Paid
4520,4520,UPI,129.56,Paid
4521,4521,Credit Card,184.21,Paid
4522,4522,Credit Card,0,Failed
4523,4523,Wallet,432.83,Paid
4524,4524,UPI,122.19,Paid
4525,4525,Credit Card,123.33,Paid
4526,4526,UPI,279.22,Paid
4527,4527,UPI,203.87,Paid
4528,4528,UPI,186.52,Paid
4529,4529,Cash,143.53,Paid
4530,4530,UPI,140.51,Paid
4531,4531,Debit Card,167.88,Paid
4532,4532,Credit Card,486.2,Paid
4533,4533,Cash,190.04,Paid
4534,4534,Debit Card,0,Refunded
4535,4535,UPI,124.12,Paid
4536,4536,Cash,252.93,Paid
4537,4537,UPI,268.81,Paid
4538,4538,UPI,209.68,Paid
4539,4539,Credit Card,82.58,Paid
4540,4540,Debit Card,179.21,Paid
4541,4541,Credit Card,166.23,Paid
4542,4542,Debit Card,190.53,Paid
4543,4543,UPI,215.34,Paid
4544,4544,Cash,149.25,Paid
4545,4545,Wallet,146.1,Paid
4546,4546,UPI,162.53,Paid
4547,4547,UPI,230.87,Paid
4548,4548,Credit Card,247.09,Paid
4549,4549,UPI,158.11,Paid
4550,4550,UPI,104.46,Paid
4551,4551,Debit Card,167.34,Paid
4552,4552,Credit Card,0,Failed
4553,4553,UPI,0,Cancelled
4554,4554,Credit Card,187.25,Paid
4555,4555,Wallet,103.44,Paid
4556,4556,Credit Card,145.93,Paid
4557,4557,Cash,241.02,Paid
4558,4558,Cash,149.66,Paid
4559,4559,UPI,162.83,Paid
4560,4560,UPI,0,Refunded
4561,4561,Credit Card,205.81,Paid
4562,4562,Credit Card,175.09,Paid
4563,4563,UPI,0,Refunded
4564,4564,UPI,109.24,Paid
4565,4565,UPI,0,Refunded
4566,4566,Credit Card,139.32,Paid
4567,4567,UPI,155.15,Paid
4568,4568,UPI,116.75,Paid
4569,4569,Cash,131.59,Paid
4570,4570,UPI,260.59,Paid
4571,4571,Wallet,130.51,Paid
4572,4572,UPI,105.87,Paid
4573,4573,UPI,221.72,Paid
4574,4574,UPI,69.02,Paid
4575,4575,UPI,110.75,Paid
4576,4576,UPI,0,Cancelled
4577,4577,Credit Card,99.84,Paid
4578,4578,UPI,202.1,Paid
4579,4579,Cash,0,Failed
4580,4580,UPI,0,Failed
4581,4581,UPI,150.13,Paid
4582,4582,UPI,399.17,Paid
4583,4583,UPI,172.96,Paid
4584,4584,UPI,87.08,Paid
4585,4585,UPI,122,Paid
4586,4586,Debit Card,230.99,Paid
4587,4587,UPI,0,Failed
4588,4588,UPI,153.45,Paid
4589,4589,UPI,0,Refunded
4590,4590,Cash,245.46,Paid
4591,4591,UPI,150.88,Paid
4592,4592,Credit Card,112.02,Paid
4593,4593,Credit Card,0,Cancelled
4594,4594,Wallet,222.18,Paid
4595,4595,UPI,139.7,Paid
4596,4596,Debit Card,0,Cancelled
4597,4597,Credit Card,258.67,Paid
4598,4598,Credit Card,106.39,Paid
4599,4599,Cash,0,Failed
4600,4600,UPI,0,Cancelled
4601,4601,Cash,169.14,Paid
4602,4602,UPI,318.13,Paid
4603,4603,Debit Card,133.45,Paid
4604,4604,UPI,135.83,Paid
4605,4605,Credit Card,154.43,Paid
4606,4606,UPI,257.82,Paid
4607,4607,Debit Card,196.86,Paid
4608,4608,UPI,344.5,Paid
4609,4609,Debit Card,202.63,Paid
4610,4610,Credit Card,123.54,Paid
4611,4611,UPI,165.68,Paid
4612,4612,Credit Card,285.57,Paid
4613,4613,UPI,186.07,Paid
4614,4614,Wallet,81.64,Paid
4615,4615,Credit Card,150.75,Paid
4616,4616,Credit Card,318.12,Paid
4617,4617,Cash,0,Failed
4618,4618,UPI,163.23,Paid
4619,4619,UPI,166.29,Paid
4620,4620,Credit Card,271.2,Paid
4621,4621,Cash,257.13,Paid
4622,4622,Credit Card,0,Cancelled
4623,4623,UPI,236.25,Paid
4624,4624,Cash,97.2,Paid
4625,4625,UPI,125.19,Paid
4626,4626,Cash,410.22,Paid
4627,4627,Wallet,151.08,Paid
4628,4628,Debit Card,136.86,Paid
4629,4629,UPI,125.45,Paid
4630,4630,UPI,216.11,Paid
4631,4631,Debit Card,127.04,Paid
4632,4632,UPI,174.2,Paid
4633,4633,Debit Card,146.26,Paid
4634,4634,UPI,126.16,Paid
4635,4635,UPI,217.88,Paid
4636,4636,Credit Card,264.03,Paid
4637,4637,Credit Card,115.28,Paid
4638,4638,Credit Card,0,Cancelled
4639,4639,UPI,351.48,Paid
4640,4640,Cash,75.51,Paid
4641,4641,UPI,196.39,Paid
4642,4642,UPI,159.88,Paid
4643,4643,UPI,287.49,Paid
4644,4644,UPI,0,Failed
4645,4645,UPI,0,Cancelled
4646,4646,Wallet,241.97,Paid
4647,4647,Wallet,124.1,Paid
4648,4648,Debit Card,391.44,Paid
4649,4649,UPI,170.97,Paid
4650,4650,UPI,169.55,Paid
4651,4651,Cash,105.23,Paid
4652,4652,UPI,223.57,Paid
4653,4653,UPI,282.8,Paid
4654,4654,UPI,0,Cancelled
4655,4655,Wallet,101.68,Paid
4656,4656,UPI,260.16,Paid
4657,4657,Credit Card,185.63,Paid
4658,4658,Cash,0,Cancelled
4659,4659,UPI,282.63,Paid
4660,4660,UPI,0,Refunded
4661,4661,UPI,155.27,Paid
4662,4662,Credit Card,162.7,Paid
4663,4663,UPI,77.89,Paid
4664,4664,Credit Card,0,Failed
4665,4665,UPI,356.12,Paid
4666,4666,Debit Card,219.58,Paid
4667,4667,UPI,166.58,Paid
4668,4668,UPI,0,Failed
4669,4669,Debit Card,0,Refunded
4670,4670,UPI,0,Refunded
4671,4671,Credit Card,0,Cancelled
4672,4672,UPI,105.31,Paid
4673,4673,UPI,253.76,Paid
4674,4674,UPI,280.19,Paid
4675,4675,UPI,286.59,Paid
4676,4676,Wallet,0,Refunded
4677,4677,UPI,0,Refunded
4678,4678,UPI,175.45,Paid
4679,4679,Wallet,174.43,Paid
4680,4680,UPI,0,Refunded
4681,4681,Debit Card,280.92,Paid
4682,4682,Cash,157.36,Paid
4683,4683,UPI,110.44,Paid
4684,4684,Credit Card,204.88,Paid
4685,4685,UPI,75.2,Paid
4686,4686,UPI,192.47,Paid
4687,4687,Cash,142.02,Paid
4688,4688,Cash,0,Refunded
4689,4689,UPI,151.74,Paid
4690,4690,UPI,262.94,Paid
4691,4691,Credit Card,0,Failed
4692,4692,UPI,215.06,Paid
4693,4693,Cash,192.38,Paid
4694,4694,Credit Card,0,Cancelled
4695,4695,UPI,285.25,Paid
4696,4696,UPI,0,Cancelled
4697,4697,Credit Card,181.99,Paid
4698,4698,Cash,272.14,Paid
4699,4699,Credit Card,375.01,Paid
4700,4700,UPI,185.39,Paid
4701,4701,Credit Card,156.34,Paid
4702,4702,UPI,150.23,Paid
4703,4703,Credit Card,0,Refunded
4704,4704,UPI,0,Refunded
4705,4705,UPI,162.76,Paid
4706,4706,Debit Card,0,Refunded
4707,4707,Credit Card,108.99,Paid
4708,4708,UPI,159.59,Paid
4709,4709,Wallet,0,Refunded
4710,4710,UPI,231.12,Paid
4711,4711,Cash,181.98,Paid
4712,4712,Cash,232.21,Paid
4713,4713,Credit Card,134.49,Paid
4714,4714,Credit Card,119.11,Paid
4715,4715,UPI,59.16,Paid
4716,4716,UPI,179.97,Paid
4717,4717,Credit Card,130.98,Paid
4718,4718,UPI,210.48,Paid
4719,4719,Cash,314.03,Paid
4720,4720,UPI,200.39,Paid
4721,4721,UPI,574.43,Paid
4722,4722,Wallet,332.1,Paid
4723,4723,UPI,179,Paid
4724,4724,Credit Card,213.66,Paid
4725,4725,Debit Card,223.3,Paid
4726,4726,UPI,93.05,Paid
4727,4727,Cash,0,Refunded
4728,4728,UPI,0,Refunded
4729,4729,Wallet,0,Cancelled
4730,4730,Credit Card,0,Refunded
4731,4731,UPI,216.85,Paid
4732,4732,UPI,256.37,Paid
4733,4733,Credit Card,397.84,Paid
4734,4734,Credit Card,346.66,Paid
4735,4735,Credit Card,0,Failed
4736,4736,Wallet,381.38,Paid
4737,4737,UPI,0,Failed
4738,4738,Credit Card,160.33,Paid
4739,4739,UPI,0,Cancelled
4740,4740,Credit Card,232.95,Paid
4741,4741,Debit Card,223.81,Paid
4742,4742,Debit Card,184.44,Paid
4743,4743,Credit Card,0,Cancelled
4744,4744,Cash,0,Cancelled
4745,4745,Wallet,170.41,Paid
4746,4746,Credit Card,162.31,Paid
4747,4747,UPI,171.14,Paid
4748,4748,Credit Card,0,Cancelled
4749,4749,Wallet,185.59,Paid
4750,4750,UPI,178.6,Paid
4751,4751,UPI,154.33,Paid
4752,4752,Credit Card,228.67,Paid
4753,4753,Wallet,208.59,Paid
4754,4754,Cash,193.22,Paid
4755,4755,UPI,0,Cancelled
4756,4756,Debit Card,0,Cancelled
4757,4757,UPI,113.41,Paid
4758,4758,Credit Card,0,Refunded
4759,4759,UPI,270.89,Paid
4760,4760,Credit Card,106.35,Paid
4761,4761,Debit Card,201.59,Paid
4762,4762,UPI,186.2,Paid
4763,4763,Debit Card,0,Refunded
4764,4764,UPI,239.78,Paid
4765,4765,UPI,217.61,Paid
4766,4766,Cash,526.76,Paid
4767,4767,Credit Card,264.41,Paid
4768,4768,Debit Card,0,Cancelled
4769,4769,Credit Card,354.97,Paid
4770,4770,Debit Card,216.71,Paid
4771,4771,Credit Card,0,Refunded
4772,4772,Credit Card,135.4,Paid
4773,4773,Cash,152.07,Paid
4774,4774,Credit Card,591.86,Paid
4775,4775,Cash,198.86,Paid
4776,4776,Credit Card,0,Refunded
4777,4777,Wallet,170.37,Paid
4778,4778,UPI,140.96,Paid
4779,4779,UPI,0,Failed
4780,4780,UPI,161.55,Paid
4781,4781,UPI,115.23,Paid
4782,4782,UPI,203.92,Paid
4783,4783,Credit Card,0,Refunded
4784,4784,UPI,207.19,Paid
4785,4785,Credit Card,243.52,Paid
4786,4786,Wallet,131.99,Paid
4787,4787,UPI,154.7,Paid
4788,4788,Debit Card,135.59,Paid
4789,4789,UPI,145.39,Paid
4790,4790,UPI,108.54,Paid
4791,4791,Cash,131.75,Paid
4792,4792,Credit Card,73.89,Paid
4793,4793,UPI,0,Cancelled
4794,4794,Credit Card,157.88,Paid
4795,4795,Wallet,186.61,Paid
4796,4796,Cash,234.58,Paid
4797,4797,Credit Card,424.4,Paid
4798,4798,Wallet,313.54,Paid
4799,4799,Cash,169.2,Paid
4800,4800,Credit Card,160.47,Paid
4801,4801,Credit Card,0,Cancelled
4802,4802,Wallet,222.73,Paid
4803,4803,UPI,180.17,Paid
4804,4804,UPI,202.17,Paid
4805,4805,Credit Card,0,Failed
4806,4806,UPI,302.24,Paid
4807,4807,UPI,135.46,Paid
4808,4808,Credit Card,0,Cancelled
4809,4809,Credit Card,233.99,Paid
4810,4810,Credit Card,224.91,Paid
4811,4811,UPI,259.32,Paid
4812,4812,Debit Card,0,Cancelled
4813,4813,Debit Card,228.7,Paid
4814,4814,UPI,0,Refunded
4815,4815,UPI,174.74,Paid
4816,4816,UPI,129.22,Paid
4817,4817,Debit Card,178.75,Paid
4818,4818,UPI,251.91,Paid
4819,4819,Wallet,182.85,Paid
4820,4820,Debit Card,183.43,Paid
4821,4821,Credit Card,116.01,Paid
4822,4822,UPI,116.15,Paid
4823,4823,UPI,295.23,Paid
4824,4824,Credit Card,0,Refunded
4825,4825,UPI,219.6,Paid
4826,4826,UPI,0,Failed
4827,4827,UPI,253.57,Paid
4828,4828,UPI,0,Cancelled
4829,4829,Credit Card,158.32,Paid
4830,4830,UPI,188.29,Paid
4831,4831,UPI,0,Refunded
4832,4832,Wallet,0,Cancelled
4833,4833,UPI,238.36,Paid
4834,4834,Cash,343.06,Paid
4835,4835,UPI,137.57,Paid
4836,4836,Cash,211.22,Paid
4837,4837,Credit Card,0,Refunded
4838,4838,Credit Card,93.95,Paid
4839,4839,Credit Card,0,Refunded
4840,4840,Debit Card,126.2,Paid
4841,4841,Cash,0,Cancelled
4842,4842,UPI,0,Refunded
4843,4843,UPI,322.83,Paid
4844,4844,Credit Card,286.5,Paid
4845,4845,Wallet,0,Cancelled
4846,4846,UPI,156.95,Paid
4847,4847,UPI,193.43,Paid
4848,4848,Debit Card,250.51,Paid
4849,4849,Wallet,249.5,Paid
4850,4850,Cash,0,Refunded
4851,4851,Wallet,158.15,Paid
4852,4852,Credit Card,0,Refunded
4853,4853,Debit Card,187.84,Paid
4854,4854,Cash,108.79,Paid
4855,4855,UPI,173.14,Paid
4856,4856,UPI,123.84,Paid
4857,4857,UPI,106.76,Paid
4858,4858,Wallet,225.91,Paid
4859,4859,UPI,143.95,Paid
4860,4860,UPI,0,Refunded
4861,4861,Cash,151.43,Paid
4862,4862,UPI,191.42,Paid
4863,4863,UPI,245.44,Paid
4864,4864,UPI,149.41,Paid
4865,4865,UPI,259.22,Paid
4866,4866,Credit Card,344.18,Paid
4867,4867,UPI,341.5,Paid
4868,4868,UPI,156.39,Paid
4869,4869,UPI,169.18,Paid
4870,4870,Cash,275,Paid
4871,4871,UPI,147.7,Paid
4872,4872,Credit Card,0,Refunded
4873,4873,UPI,487.38,Paid
4874,4874,UPI,147.86,Paid
4875,4875,UPI,88.24,Paid
4876,4876,Credit Card,0,Refunded
4877,4877,Cash,240.45,Paid
4878,4878,Credit Card,175.18,Paid
4879,4879,UPI,0,Failed
4880,4880,UPI,143.51,Paid
4881,4881,UPI,100.85,Paid
4882,4882,UPI,141.07,Paid
4883,4883,Credit Card,232.95,Paid
4884,4884,UPI,0,Refunded
4885,4885,Credit Card,188.55,Paid
4886,4886,UPI,137,Paid
4887,4887,UPI,290.26,Paid
4888,4888,Debit Card,0,Cancelled
4889,4889,Debit Card,208.37,Paid
4890,4890,Debit Card,145.54,Paid
4891,4891,UPI,125.66,Paid
4892,4892,Credit Card,163.98,Paid
4893,4893,UPI,182.76,Paid
4894,4894,Wallet,364.33,Paid
4895,4895,Cash,153.53,Paid
4896,4896,Wallet,223.06,Paid
4897,4897,Credit Card,267.07,Paid
4898,4898,Credit Card,256.91,Paid
4899,4899,Cash,136.5,Paid
4900,4900,UPI,0,Refunded
4901,4901,UPI,361.46,Paid
4902,4902,Credit Card,121.58,Paid
4903,4903,UPI,159.03,Paid
4904,4904,Debit Card,0,Failed
4905,4905,Credit Card,139.02,Paid
4906,4906,Debit Card,160.73,Paid
4907,4907,Credit Card,150.34,Paid
4908,4908,Credit Card,97.83,Paid
4909,4909,Wallet,0,Failed
4910,4910,UPI,215.47,Paid
4911,4911,Credit Card,242.53,Paid
4912,4912,UPI,0,Cancelled
4913,4913,UPI,255.49,Paid
4914,4914,UPI,0,Refunded
4915,4915,Cash,93.92,Paid
4916,4916,UPI,597.46,Paid
4917,4917,Debit Card,0,Refunded
4918,4918,Wallet,228.44,Paid
4919,4919,Cash,155.26,Paid
4920,4920,UPI,105.62,Paid
4921,4921,Credit Card,281.74,Paid
4922,4922,UPI,239.02,Paid
4923,4923,UPI,193.6,Paid
4924,4924,Cash,258.05,Paid
4925,4925,Debit Card,115.86,Paid
4926,4926,Cash,0,Failed
4927,4927,UPI,149.39,Paid
4928,4928,UPI,210.66,Paid
4929,4929,UPI,120.18,Paid
4930,4930,UPI,134.66,Paid
4931,4931,UPI,179.94,Paid
4932,4932,Debit Card,292.08,Paid
4933,4933,Wallet,0,Refunded
4934,4934,Cash,0,Refunded
4935,4935,UPI,230.24,Paid
4936,4936,UPI,330.66,Paid
4937,4937,UPI,195.62,Paid
4938,4938,UPI,104.84,Paid
4939,4939,Debit Card,258.48,Paid
4940,4940,Debit Card,278.81,Paid
4941,4941,Debit Card,174.3,Paid
4942,4942,Credit Card,341.45,Paid
4943,4943,UPI,0,Cancelled
4944,4944,UPI,146.76,Paid
4945,4945,Credit Card,318.03,Paid
4946,4946,Cash,132.11,Paid
4947,4947,UPI,0,Cancelled
4948,4948,UPI,0,Cancelled
4949,4949,Debit Card,265.26,Paid
4950,4950,UPI,162.42,Paid
4951,4951,Cash,0,Cancelled
4952,4952,Cash,408.59,Paid
4953,4953,Cash,0,Failed
4954,4954,Debit Card,124.49,Paid
4955,4955,UPI,139.36,Paid
4956,4956,Credit Card,173.98,Paid
4957,4957,Credit Card,192.42,Paid
4958,4958,Credit Card,87.37,Paid
4959,4959,Debit Card,160.7,Paid
4960,4960,Debit Card,0,Failed
4961,4961,Credit Card,401.58,Paid
4962,4962,Debit Card,254.74,Paid
4963,4963,UPI,362.29,Paid
4964,4964,Credit Card,130.75,Paid
4965,4965,Credit Card,168.06,Paid
4966,4966,UPI,116.53,Paid
4967,4967,Credit Card,140.96,Paid
4968,4968,Wallet,116.46,Paid
4969,4969,Debit Card,0,Refunded
4970,4970,Credit Card,211.89,Paid
4971,4971,Debit Card,0,Cancelled
4972,4972,UPI,190.47,Paid
4973,4973,UPI,207.83,Paid
4974,4974,Credit Card,0,Cancelled
4975,4975,Credit Card,212.56,Paid
4976,4976,Wallet,262.04,Paid
4977,4977,Wallet,114.62,Paid
4978,4978,UPI,294.19,Paid
4979,4979,UPI,257.35,Paid
4980,4980,UPI,0,Failed
4981,4981,Wallet,321.98,Paid
4982,4982,UPI,94.68,Paid
4983,4983,Credit Card,0,Cancelled
4984,4984,UPI,104.37,Paid
4985,4985,Credit Card,126.75,Paid
4986,4986,UPI,180.79,Paid
4987,4987,Debit Card,172.31,Paid
4988,4988,Credit Card,258.37,Paid
4989,4989,Credit Card,270.03,Paid
4990,4990,Credit Card,109.09,Paid
4991,4991,Debit Card,275.59,Paid
4992,4992,Credit Card,72.18,Paid
4993,4993,Cash,412.8,Paid
4994,4994,UPI,288.25,Paid
4995,4995,Wallet,216.73,Paid
4996,4996,Debit Card,261.05,Paid
4997,4997,UPI,0,Refunded
4998,4998,UPI,130.57,Paid
4999,4999,UPI,153.51,Paid
5000,5000,Debit Card,211.07,Paid
5001,5001,Wallet,211.12,Paid
5002,5002,Cash,184.83,Paid
5003,5003,Cash,0,Refunded
5004,5004,UPI,0,Refunded
5005,5005,Credit Card,0,Refunded
5006,5006,UPI,0,Refunded
5007,5007,UPI,0,Failed
5008,5008,Credit Card,270.22,Paid
5009,5009,Cash,221.08,Paid
5010,5010,UPI,0,Cancelled
5011,5011,Wallet,212.25,Paid
5012,5012,UPI,129.98,Paid
5013,5013,UPI,151.75,Paid
5014,5014,UPI,225.25,Paid
5015,5015,Credit Card,170.67,Paid
5016,5016,Credit Card,156.17,Paid
5017,5017,UPI,114.68,Paid
5018,5018,Wallet,0,Failed
5019,5019,Credit Card,147.07,Paid
5020,5020,Cash,0,Cancelled
5021,5021,Cash,286.99,Paid
5022,5022,UPI,231.31,Paid
5023,5023,UPI,264.4,Paid
5024,5024,Credit Card,148.65,Paid
5025,5025,UPI,95.73,Paid
5026,5026,UPI,0,Cancelled
5027,5027,UPI,131.53,Paid
5028,5028,Cash,0,Refunded
5029,5029,Debit Card,268.67,Paid
5030,5030,Credit Card,131.77,Paid
5031,5031,UPI,116.88,Paid
5032,5032,Wallet,222.77,Paid
5033,5033,UPI,270.38,Paid
5034,5034,Credit Card,158.06,Paid
5035,5035,UPI,119.05,Paid
5036,5036,UPI,149.51,Paid
5037,5037,Wallet,196.61,Paid
5038,5038,Debit Card,298.95,Paid
5039,5039,UPI,98.47,Paid
5040,5040,Credit Card,130.27,Paid
5041,5041,UPI,374.9,Paid
5042,5042,Debit Card,236.85,Paid
5043,5043,UPI,224.8,Paid
5044,5044,UPI,270.78,Paid
5045,5045,UPI,0,Refunded
5046,5046,Credit Card,116.1,Paid
5047,5047,UPI,207.19,Paid
5048,5048,Debit Card,184.07,Paid
5049,5049,Credit Card,0,Refunded
5050,5050,UPI,88.32,Paid
5051,5051,Debit Card,0,Refunded
5052,5052,Credit Card,271.54,Paid
5053,5053,Cash,140.75,Paid
5054,5054,Credit Card,0,Refunded
5055,5055,UPI,143.35,Paid
5056,5056,UPI,200.93,Paid
5057,5057,Credit Card,181.69,Paid
5058,5058,Cash,163.82,Paid
5059,5059,UPI,223.71,Paid
5060,5060,Wallet,285.33,Paid
5061,5061,Credit Card,184.96,Paid
5062,5062,UPI,0,Cancelled
5063,5063,Wallet,136.29,Paid
5064,5064,Wallet,156.12,Paid
5065,5065,UPI,344.58,Paid
5066,5066,Wallet,0,Refunded
5067,5067,UPI,174.59,Paid
5068,5068,Debit Card,92.48,Paid
5069,5069,UPI,0,Refunded
5070,5070,Credit Card,0,Cancelled
5071,5071,UPI,238.91,Paid
5072,5072,Debit Card,85.84,Paid
5073,5073,Cash,122.2,Paid
5074,5074,Debit Card,160.01,Paid
5075,5075,Wallet,0,Cancelled
5076,5076,UPI,0,Failed
5077,5077,Credit Card,192.09,Paid
5078,5078,Wallet,196.75,Paid
5079,5079,Credit Card,173.72,Paid
5080,5080,Cash,0,Refunded
5081,5081,UPI,227.06,Paid
5082,5082,Wallet,107.46,Paid
5083,5083,UPI,102.7,Paid
5084,5084,UPI,195.81,Paid
5085,5085,UPI,197.67,Paid
5086,5086,Cash,0,Refunded
5087,5087,UPI,335.18,Paid
5088,5088,Wallet,200.69,Paid
5089,5089,UPI,213.2,Paid
5090,5090,UPI,0,Failed
5091,5091,Credit Card,123.08,Paid
5092,5092,Cash,273.53,Paid
5093,5093,Wallet,0,Refunded
5094,5094,UPI,0,Failed
5095,5095,Cash,0,Refunded
5096,5096,UPI,264.75,Paid
5097,5097,Debit Card,186.44,Paid
5098,5098,UPI,110.09,Paid
5099,5099,UPI,161.66,Paid
5100,5100,Cash,262.88,Paid
5101,5101,UPI,545.14,Paid
5102,5102,Credit Card,187.83,Paid
5103,5103,Cash,154.04,Paid
5104,5104,UPI,179.62,Paid
5105,5105,Cash,0,Refunded
5106,5106,UPI,88.89,Paid
5107,5107,UPI,196.94,Paid
5108,5108,Debit Card,112.87,Paid
5109,5109,Cash,168.96,Paid
5110,5110,UPI,129.99,Paid
5111,5111,UPI,487.46,Paid
5112,5112,Credit Card,186.07,Paid
5113,5113,Credit Card,0,Refunded
5114,5114,UPI,140.38,Paid
5115,5115,Credit Card,170.81,Paid
5116,5116,Credit Card,219.22,Paid
5117,5117,UPI,72.1,Paid
5118,5118,Cash,200.69,Paid
5119,5119,Credit Card,425.23,Paid
5120,5120,Credit Card,203.56,Paid
5121,5121,Credit Card,0,Cancelled
5122,5122,Credit Card,0,Failed
5123,5123,UPI,0,Cancelled
5124,5124,UPI,113.82,Paid
5125,5125,Debit Card,234.85,Paid
5126,5126,Credit Card,0,Cancelled
5127,5127,Credit Card,165.21,Paid
5128,5128,Cash,0,Cancelled
5129,5129,Credit Card,154.75,Paid
5130,5130,UPI,186.13,Paid
5131,5131,Credit Card,137.36,Paid
5132,5132,Debit Card,194.29,Paid
5133,5133,Cash,0,Refunded
5134,5134,Credit Card,0,Cancelled
5135,5135,UPI,259.44,Paid
5136,5136,Cash,240.38,Paid
5137,5137,Credit Card,0,Cancelled
5138,5138,Wallet,247.76,Paid
5139,5139,Credit Card,143.15,Paid
5140,5140,Wallet,137.9,Paid
5141,5141,UPI,511.19,Paid
5142,5142,UPI,154.79,Paid
5143,5143,UPI,141.44,Paid
5144,5144,Wallet,0,Cancelled
5145,5145,Cash,218.89,Paid
5146,5146,Debit Card,369.38,Paid
5147,5147,Cash,162.69,Paid
5148,5148,Cash,164.71,Paid
5149,5149,UPI,121.37,Paid
5150,5150,UPI,184.33,Paid
5151,5151,UPI,137.95,Paid
5152,5152,UPI,94.05,Paid
5153,5153,Debit Card,89.91,Paid
5154,5154,Debit Card,404.35,Paid
5155,5155,Credit Card,202.37,Paid
5156,5156,UPI,84,Paid
5157,5157,UPI,247.04,Paid
5158,5158,UPI,274.45,Paid
5159,5159,UPI,0,Cancelled
5160,5160,Wallet,97.39,Paid
5161,5161,UPI,0,Refunded
5162,5162,Cash,245.93,Paid
5163,5163,UPI,0,Refunded
5164,5164,Credit Card,167.85,Paid
5165,5165,Credit Card,250.49,Paid
5166,5166,UPI,307.73,Paid
5167,5167,Cash,227.87,Paid
5168,5168,Cash,260.16,Paid
5169,5169,UPI,148.71,Paid
5170,5170,UPI,168.99,Paid
5171,5171,UPI,194.65,Paid
5172,5172,Cash,0,Refunded
5173,5173,Credit Card,211.82,Paid
5174,5174,UPI,314.57,Paid
5175,5175,UPI,254.51,Paid
5176,5176,Credit Card,96.85,Paid
5177,5177,UPI,450.22,Paid
5178,5178,UPI,136.42,Paid
5179,5179,UPI,0,Refunded
5180,5180,Cash,0,Cancelled
5181,5181,Cash,106.51,Paid
5182,5182,Cash,224.39,Paid
5183,5183,Debit Card,174.48,Paid
5184,5184,UPI,368.71,Paid
5185,5185,Credit Card,167.84,Paid
5186,5186,UPI,148.48,Paid
5187,5187,Wallet,252.21,Paid
5188,5188,Debit Card,261.4,Paid
5189,5189,UPI,215.89,Paid
5190,5190,Wallet,0,Refunded
5191,5191,UPI,181.49,Paid
5192,5192,UPI,175.71,Paid
5193,5193,Debit Card,126.59,Paid
5194,5194,UPI,188.69,Paid
5195,5195,UPI,259.18,Paid
5196,5196,UPI,289,Paid
5197,5197,Debit Card,145.49,Paid
5198,5198,UPI,127.04,Paid
5199,5199,Cash,0,Cancelled
5200,5200,Credit Card,184.56,Paid
5201,5201,UPI,122.14,Paid
5202,5202,Wallet,0,Failed
5203,5203,UPI,0,Cancelled
5204,5204,Debit Card,250.28,Paid
5205,5205,UPI,84.6,Paid
5206,5206,UPI,311.21,Paid
5207,5207,UPI,341.38,Paid
5208,5208,Wallet,191.55,Paid
5209,5209,Credit Card,189.28,Paid
5210,5210,Cash,114.36,Paid
5211,5211,UPI,104.39,Paid
5212,5212,Credit Card,308.46,Paid
5213,5213,Credit Card,106.84,Paid
5214,5214,Wallet,140.92,Paid
5215,5215,Debit Card,127.72,Paid
5216,5216,Wallet,190.52,Paid
5217,5217,Credit Card,203.33,Paid
5218,5218,Cash,140.2,Paid
5219,5219,UPI,231.39,Paid
5220,5220,Debit Card,145.6,Paid
5221,5221,Wallet,0,Refunded
5222,5222,Credit Card,0,Refunded
5223,5223,UPI,106.96,Paid
5224,5224,UPI,0,Refunded
5225,5225,Credit Card,313.47,Paid
5226,5226,UPI,612.74,Paid
5227,5227,UPI,0,Refunded
5228,5228,Credit Card,281.5,Paid
5229,5229,Cash,264.86,Paid
5230,5230,Credit Card,164.45,Paid
5231,5231,Credit Card,266.63,Paid
5232,5232,UPI,179.53,Paid
5233,5233,UPI,364.96,Paid
5234,5234,Credit Card,198.7,Paid
5235,5235,UPI,121.54,Paid
5236,5236,Credit Card,118.17,Paid
5237,5237,Credit Card,0,Cancelled
5238,5238,Debit Card,0,Cancelled
5239,5239,Credit Card,110.06,Paid
5240,5240,UPI,97.69,Paid
5241,5241,Credit Card,0,Failed
5242,5242,UPI,173.99,Paid
5243,5243,Debit Card,145.51,Paid
5244,5244,UPI,203.83,Paid
5245,5245,Cash,0,Cancelled
5246,5246,Debit Card,326.26,Paid
5247,5247,UPI,241.45,Paid
5248,5248,UPI,150.82,Paid
5249,5249,Debit Card,115.59,Paid
5250,5250,Debit Card,280.35,Paid
5251,5251,Credit Card,151.42,Paid
5252,5252,UPI,269.64,Paid
5253,5253,Credit Card,152.73,Paid
5254,5254,Wallet,365.73,Paid
5255,5255,UPI,0,Failed
5256,5256,Credit Card,0,Failed
5257,5257,Cash,254.75,Paid
5258,5258,UPI,225.9,Paid
5259,5259,Cash,314.07,Paid
5260,5260,Cash,124,Paid
5261,5261,Credit Card,183.77,Paid
5262,5262,Credit Card,498.21,Paid
5263,5263,Cash,147.54,Paid
5264,5264,Debit Card,104.12,Paid
5265,5265,Debit Card,0,Cancelled
5266,5266,UPI,137.62,Paid
5267,5267,UPI,213.88,Paid
5268,5268,Credit Card,286.4,Paid
5269,5269,UPI,0,Refunded
5270,5270,UPI,0,Refunded
5271,5271,Credit Card,443.57,Paid
5272,5272,Credit Card,111.34,Paid
5273,5273,Debit Card,178.12,Paid
5274,5274,UPI,171.3,Paid
5275,5275,UPI,478.69,Paid
5276,5276,Debit Card,246.93,Paid
5277,5277,UPI,359.4,Paid
5278,5278,UPI,161.74,Paid
5279,5279,Debit Card,203.99,Paid
5280,5280,Debit Card,152.53,Paid
5281,5281,UPI,147.03,Paid
5282,5282,Cash,0,Refunded
5283,5283,Cash,164.65,Paid
5284,5284,Credit Card,0,Cancelled
5285,5285,Cash,124.9,Paid
5286,5286,Wallet,0,Cancelled
5287,5287,Wallet,0,Cancelled
5288,5288,UPI,186.37,Paid
5289,5289,UPI,0,Failed
5290,5290,Debit Card,295.78,Paid
5291,5291,UPI,366.98,Paid
5292,5292,UPI,168.96,Paid
5293,5293,UPI,294.68,Paid
5294,5294,UPI,105.23,Paid
5295,5295,Credit Card,228.35,Paid
5296,5296,UPI,254.44,Paid
5297,5297,Debit Card,425.36,Paid
5298,5298,UPI,180.23,Paid
5299,5299,Credit Card,133.4,Paid
5300,5300,Wallet,102.73,Paid
5301,5301,Cash,0,Cancelled
5302,5302,Debit Card,276.98,Paid
5303,5303,Wallet,291.26,Paid
5304,5304,UPI,0,Refunded
5305,5305,UPI,194.4,Paid
5306,5306,UPI,337.77,Paid
5307,5307,Debit Card,214.07,Paid
5308,5308,Cash,196.52,Paid
5309,5309,Credit Card,0,Refunded
5310,5310,UPI,152.52,Paid
5311,5311,UPI,230.98,Paid
5312,5312,Credit Card,168.86,Paid
5313,5313,UPI,204.44,Paid
5314,5314,UPI,0,Cancelled
5315,5315,Credit Card,0,Refunded
5316,5316,UPI,0,Refunded
5317,5317,Cash,189.75,Paid
5318,5318,UPI,216.13,Paid
5319,5319,Cash,89.75,Paid
5320,5320,Credit Card,189.38,Paid
5321,5321,UPI,145.62,Paid
5322,5322,Wallet,248.45,Paid
5323,5323,Credit Card,0,Cancelled
5324,5324,UPI,209.87,Paid
5325,5325,UPI,201.07,Paid
5326,5326,UPI,193.59,Paid
5327,5327,Credit Card,132.69,Paid
5328,5328,Credit Card,120.26,Paid
5329,5329,Credit Card,291.73,Paid
5330,5330,Cash,283.57,Paid
5331,5331,UPI,192.16,Paid
5332,5332,UPI,269.91,Paid
5333,5333,Cash,153.4,Paid
5334,5334,UPI,114.57,Paid
5335,5335,UPI,335.68,Paid
5336,5336,Credit Card,133.68,Paid
5337,5337,UPI,0,Cancelled
5338,5338,Debit Card,167.33,Paid
5339,5339,UPI,207.74,Paid
5340,5340,Cash,0,Refunded
5341,5341,UPI,234.99,Paid
5342,5342,Credit Card,195.2,Paid
5343,5343,UPI,182.46,Paid
5344,5344,Wallet,125.69,Paid
5345,5345,UPI,0,Refunded
5346,5346,Credit Card,257.51,Paid
5347,5347,Credit Card,111.38,Paid
5348,5348,UPI,311.53,Paid
5349,5349,UPI,101.76,Paid
5350,5350,Credit Card,271.36,Paid
5351,5351,Credit Card,149.75,Paid
5352,5352,Credit Card,149.84,Paid
5353,5353,Credit Card,196.63,Paid
5354,5354,Debit Card,0,Refunded
5355,5355,Cash,298.96,Paid
5356,5356,UPI,193.84,Paid
5357,5357,Debit Card,132.23,Paid
5358,5358,Cash,0,Refunded
5359,5359,Debit Card,199.05,Paid
5360,5360,Cash,0,Cancelled
5361,5361,Credit Card,210.91,Paid
5362,5362,UPI,0,Refunded
5363,5363,Debit Card,144.44,Paid
5364,5364,Cash,122.6,Paid
5365,5365,UPI,226.16,Paid
5366,5366,Debit Card,0,Refunded
5367,5367,UPI,90.18,Paid
5368,5368,Credit Card,0,Cancelled
5369,5369,UPI,0,Cancelled
5370,5370,Credit Card,184.15,Paid
5371,5371,Cash,208.39,Paid
5372,5372,UPI,120.37,Paid
5373,5373,UPI,0,Cancelled
5374,5374,Debit Card,81.24,Paid
5375,5375,Cash,0,Failed
5376,5376,UPI,98.86,Paid
5377,5377,Credit Card,207.41,Paid
5378,5378,Debit Card,252.18,Paid
5379,5379,UPI,598.79,Paid
5380,5380,UPI,0,Refunded
5381,5381,Cash,181.41,Paid
5382,5382,Cash,340.55,Paid
5383,5383,UPI,134.5,Paid
5384,5384,Credit Card,185.72,Paid
5385,5385,Debit Card,251.75,Paid
5386,5386,UPI,494.31,Paid
5387,5387,Cash,0,Cancelled
5388,5388,UPI,157.48,Paid
5389,5389,Credit Card,93.78,Paid
5390,5390,UPI,205.2,Paid
5391,5391,Credit Card,312.11,Paid
5392,5392,Debit Card,128.41,Paid
5393,5393,Debit Card,380.55,Paid
5394,5394,UPI,115.7,Paid
5395,5395,UPI,181.83,Paid
5396,5396,UPI,169.98,Paid
5397,5397,Cash,88.32,Paid
5398,5398,Credit Card,0,Cancelled
5399,5399,Credit Card,165.97,Paid
5400,5400,Debit Card,94.89,Paid
5401,5401,Cash,229.28,Paid
5402,5402,Cash,191.45,Paid
5403,5403,Debit Card,0,Cancelled
5404,5404,UPI,232.07,Paid
5405,5405,UPI,552.46,Paid
5406,5406,Wallet,108.13,Paid
5407,5407,Debit Card,161,Paid
5408,5408,Cash,70.54,Paid
5409,5409,Credit Card,0,Refunded
5410,5410,UPI,179.55,Paid
5411,5411,UPI,207.12,Paid
5412,5412,Wallet,138.88,Paid
5413,5413,UPI,237.82,Paid
5414,5414,UPI,127.79,Paid
5415,5415,Wallet,95.62,Paid
5416,5416,Credit Card,179.67,Paid
5417,5417,UPI,232.58,Paid
5418,5418,Credit Card,0,Failed
5419,5419,Debit Card,469.91,Paid
5420,5420,Credit Card,0,Refunded
5421,5421,Credit Card,215.68,Paid
5422,5422,Credit Card,185.19,Paid
5423,5423,UPI,0,Cancelled
5424,5424,UPI,241.17,Paid
5425,5425,UPI,0,Refunded
5426,5426,Debit Card,177.34,Paid
5427,5427,UPI,253.08,Paid
5428,5428,Credit Card,74.28,Paid
5429,5429,UPI,0,Refunded
5430,5430,Credit Card,0,Refunded
5431,5431,UPI,406.44,Paid
5432,5432,Cash,170.63,Paid
5433,5433,Credit Card,234.12,Paid
5434,5434,UPI,0,Cancelled
5435,5435,UPI,191.33,Paid
5436,5436,UPI,132.66,Paid
5437,5437,Cash,136.83,Paid
5438,5438,Credit Card,191.73,Paid
5439,5439,Credit Card,117.34,Paid
5440,5440,Credit Card,0,Cancelled
5441,5441,UPI,148.02,Paid
5442,5442,Cash,0,Refunded
5443,5443,Cash,184.12,Paid
5444,5444,Cash,190.01,Paid
5445,5445,Wallet,232.73,Paid
5446,5446,UPI,136.25,Paid
5447,5447,Debit Card,0,Refunded
5448,5448,UPI,150.59,Paid
5449,5449,Cash,210.5,Paid
5450,5450,Credit Card,153.27,Paid
5451,5451,UPI,288.31,Paid
5452,5452,UPI,0,Refunded
5453,5453,Debit Card,266.12,Paid
5454,5454,Credit Card,415.63,Paid
5455,5455,UPI,107.73,Paid
5456,5456,UPI,241.52,Paid
5457,5457,Credit Card,107.45,Paid
5458,5458,UPI,147.23,Paid
5459,5459,Debit Card,264.28,Paid
5460,5460,Debit Card,162.16,Paid
5461,5461,UPI,0,Refunded
5462,5462,Credit Card,119.62,Paid
5463,5463,Credit Card,372.8,Paid
5464,5464,Debit Card,0,Refunded
5465,5465,Credit Card,0,Cancelled
5466,5466,UPI,0,Cancelled
5467,5467,Credit Card,0,Refunded
5468,5468,Credit Card,475.9,Paid
5469,5469,UPI,696.81,Paid
5470,5470,UPI,203.65,Paid
5471,5471,UPI,228,Paid
5472,5472,UPI,0,Cancelled
5473,5473,Credit Card,193.49,Paid
5474,5474,UPI,141.04,Paid
5475,5475,UPI,163.96,Paid
5476,5476,UPI,307.51,Paid
5477,5477,Debit Card,0,Cancelled
5478,5478,Credit Card,289.74,Paid
5479,5479,UPI,175.92,Paid
5480,5480,UPI,0,Refunded
5481,5481,UPI,138.74,Paid
5482,5482,Wallet,205.65,Paid
5483,5483,Credit Card,113.72,Paid
5484,5484,Wallet,147.43,Paid
5485,5485,Wallet,0,Cancelled
5486,5486,Credit Card,137.17,Paid
5487,5487,UPI,144.37,Paid
5488,5488,Cash,144.87,Paid
5489,5489,Credit Card,0,Cancelled
5490,5490,UPI,172.71,Paid
5491,5491,Credit Card,0,Cancelled
5492,5492,Debit Card,98.18,Paid
5493,5493,Credit Card,207.97,Paid
5494,5494,Credit Card,0,Refunded
5495,5495,Wallet,278.52,Paid
5496,5496,UPI,347.24,Paid
5497,5497,Credit Card,226.91,Paid
5498,5498,UPI,352.38,Paid
5499,5499,Credit Card,120.73,Paid
5500,5500,UPI,361.8,Paid
5501,5501,UPI,185.47,Paid
5502,5502,UPI,0,Refunded
5503,5503,Debit Card,97.9,Paid
5504,5504,Credit Card,207.47,Paid
5505,5505,UPI,0,Cancelled
5506,5506,UPI,261.73,Paid
5507,5507,Cash,221.92,Paid
5508,5508,UPI,86.7,Paid
5509,5509,Cash,310.91,Paid
5510,5510,Debit Card,152.02,Paid
5511,5511,UPI,201.29,Paid
5512,5512,Credit Card,299.54,Paid
5513,5513,UPI,145.54,Paid
5514,5514,UPI,172.46,Paid
5515,5515,UPI,194.56,Paid
5516,5516,Wallet,101.8,Paid
5517,5517,Credit Card,397.69,Paid
5518,5518,UPI,180.4,Paid
5519,5519,UPI,177.58,Paid
5520,5520,UPI,0,Cancelled
5521,5521,Cash,0,Refunded
5522,5522,Debit Card,0,Refunded
5523,5523,Credit Card,115.02,Paid
5524,5524,Cash,330.45,Paid
5525,5525,Credit Card,113.4,Paid
5526,5526,Cash,196.48,Paid
5527,5527,UPI,168.03,Paid
5528,5528,Wallet,342.52,Paid
5529,5529,Wallet,413.52,Paid
5530,5530,Credit Card,144.98,Paid
5531,5531,Credit Card,0,Failed
5532,5532,Credit Card,159.23,Paid
5533,5533,Credit Card,0,Refunded
5534,5534,UPI,140.27,Paid
5535,5535,UPI,0,Failed
5536,5536,Debit Card,132.16,Paid
5537,5537,Credit Card,0,Failed
5538,5538,UPI,202.42,Paid
5539,5539,UPI,110.95,Paid
5540,5540,Wallet,104.45,Paid
5541,5541,Debit Card,182.52,Paid
5542,5542,UPI,0,Cancelled
5543,5543,Debit Card,0,Refunded
5544,5544,UPI,341.81,Paid
5545,5545,Credit Card,167.02,Paid
5546,5546,Credit Card,387.3,Paid
5547,5547,UPI,0,Cancelled
5548,5548,Debit Card,164.76,Paid
5549,5549,Credit Card,153.62,Paid
5550,5550,Cash,189.34,Paid
5551,5551,Cash,167.84,Paid
5552,5552,Debit Card,142.3,Paid
5553,5553,UPI,267.84,Paid
5554,5554,UPI,298.56,Paid
5555,5555,UPI,0,Refunded
5556,5556,Cash,241,Paid
5557,5557,Credit Card,415.53,Paid
5558,5558,Wallet,177.38,Paid
5559,5559,Debit Card,355.71,Paid
5560,5560,Credit Card,196.37,Paid
5561,5561,Cash,0,Cancelled
5562,5562,Credit Card,0,Failed
5563,5563,Cash,0,Refunded
5564,5564,Credit Card,0,Cancelled
5565,5565,Credit Card,139.74,Paid
5566,5566,UPI,152.7,Paid
5567,5567,Cash,131.67,Paid
5568,5568,UPI,0,Refunded
5569,5569,Wallet,176.05,Paid
5570,5570,UPI,208.89,Paid
5571,5571,Credit Card,164.93,Paid
5572,5572,Credit Card,140.82,Paid
5573,5573,UPI,215.6,Paid
5574,5574,Credit Card,0,Cancelled
5575,5575,Credit Card,295.52,Paid
5576,5576,UPI,0,Refunded
5577,5577,Cash,260.74,Paid
5578,5578,Debit Card,275.92,Paid
5579,5579,Debit Card,0,Refunded
5580,5580,Wallet,0,Refunded
5581,5581,Cash,193.4,Paid
5582,5582,Credit Card,326.88,Paid
5583,5583,UPI,141.71,Paid
5584,5584,Credit Card,193.45,Paid
5585,5585,UPI,158.57,Paid
5586,5586,Credit Card,0,Refunded
5587,5587,Credit Card,234.02,Paid
5588,5588,Debit Card,126,Paid
5589,5589,UPI,192.17,Paid
5590,5590,Credit Card,0,Cancelled
5591,5591,Debit Card,0,Cancelled
5592,5592,UPI,164.84,Paid
5593,5593,Debit Card,145.64,Paid
5594,5594,Wallet,0,Failed
5595,5595,Cash,139.15,Paid
5596,5596,UPI,399.88,Paid
5597,5597,Credit Card,0,Refunded
5598,5598,UPI,0,Failed
5599,5599,UPI,353.61,Paid
5600,5600,Debit Card,259.64,Paid
5601,5601,Cash,152.73,Paid
5602,5602,Debit Card,90.28,Paid
5603,5603,UPI,125.88,Paid
5604,5604,UPI,237.09,Paid
5605,5605,Credit Card,83.86,Paid
5606,5606,Cash,95,Paid
5607,5607,UPI,226.44,Paid
5608,5608,Credit Card,87.1,Paid
5609,5609,Credit Card,212.63,Paid
5610,5610,UPI,149.49,Paid
5611,5611,Credit Card,150.66,Paid
5612,5612,Credit Card,441.44,Paid
5613,5613,UPI,0,Refunded
5614,5614,UPI,145.17,Paid
5615,5615,Debit Card,0,Refunded
5616,5616,UPI,75.13,Paid
5617,5617,Debit Card,110.06,Paid
5618,5618,Cash,131.62,Paid
5619,5619,UPI,123.16,Paid
5620,5620,Wallet,0,Failed
5621,5621,Wallet,0,Cancelled
5622,5622,UPI,0,Cancelled
5623,5623,UPI,212.97,Paid
5624,5624,Wallet,121.89,Paid
5625,5625,UPI,101.94,Paid
5626,5626,UPI,146.24,Paid
5627,5627,Credit Card,96.74,Paid
5628,5628,UPI,0,Refunded
5629,5629,UPI,0,Cancelled
5630,5630,Wallet,129.97,Paid
5631,5631,Cash,235.71,Paid
5632,5632,UPI,238.66,Paid
5633,5633,Wallet,171.69,Paid
5634,5634,Debit Card,94.87,Paid
5635,5635,Wallet,0,Failed
5636,5636,UPI,127.9,Paid
5637,5637,UPI,201.58,Paid
5638,5638,UPI,247.29,Paid
5639,5639,Wallet,127.32,Paid
5640,5640,Credit Card,0,Cancelled
5641,5641,Credit Card,135.11,Paid
5642,5642,Credit Card,0,Refunded
5643,5643,Cash,396.06,Paid
5644,5644,Cash,187.44,Paid
5645,5645,Wallet,131.69,Paid
5646,5646,Credit Card,133.55,Paid
5647,5647,Credit Card,247.94,Paid
5648,5648,UPI,105.09,Paid
5649,5649,UPI,231.68,Paid
5650,5650,UPI,139.91,Paid
5651,5651,Credit Card,0,Refunded
5652,5652,UPI,0,Cancelled
5653,5653,Credit Card,242.25,Paid
5654,5654,UPI,0,Cancelled
5655,5655,Wallet,107.14,Paid
5656,5656,UPI,184.21,Paid
5657,5657,UPI,254.27,Paid
5658,5658,Credit Card,0,Failed
5659,5659,Wallet,150.62,Paid
5660,5660,UPI,116.18,Paid
5661,5661,Cash,286.05,Paid
5662,5662,UPI,167.06,Paid
5663,5663,UPI,145.53,Paid
5664,5664,UPI,311.21,Paid
5665,5665,UPI,405.87,Paid
5666,5666,Debit Card,0,Refunded
5667,5667,Credit Card,0,Refunded
5668,5668,Cash,0,Cancelled
5669,5669,UPI,122.88,Paid
5670,5670,Credit Card,380.45,Paid
5671,5671,Credit Card,249.71,Paid
5672,5672,Credit Card,84.7,Paid
5673,5673,UPI,0,Cancelled
5674,5674,UPI,337.47,Paid
5675,5675,Cash,0,Refunded
5676,5676,UPI,395.63,Paid
5677,5677,UPI,0,Refunded
5678,5678,UPI,133.56,Paid
5679,5679,Debit Card,151.18,Paid
5680,5680,Wallet,111.45,Paid
5681,5681,Debit Card,225.06,Paid
5682,5682,UPI,128.8,Paid
5683,5683,Credit Card,178.96,Paid
5684,5684,Credit Card,226.26,Paid
5685,5685,Credit Card,0,Cancelled
5686,5686,UPI,303.35,Paid
5687,5687,Debit Card,139.21,Paid
5688,5688,UPI,273.47,Paid
5689,5689,Debit Card,375,Paid
5690,5690,UPI,120.48,Paid
5691,5691,Wallet,324.54,Paid
5692,5692,UPI,180.94,Paid
5693,5693,UPI,237.32,Paid
5694,5694,Wallet,138.64,Paid
5695,5695,Credit Card,145.18,Paid
5696,5696,Credit Card,134.32,Paid
5697,5697,UPI,171.34,Paid
5698,5698,Credit Card,100.99,Paid
5699,5699,Credit Card,157.65,Paid
5700,5700,UPI,134.96,Paid
5701,5701,UPI,127.82,Paid
5702,5702,Wallet,164.89,Paid
5703,5703,UPI,0,Cancelled
5704,5704,Credit Card,141.11,Paid
5705,5705,Cash,146.74,Paid
5706,5706,Debit Card,245.49,Paid
5707,5707,Wallet,179.67,Paid
5708,5708,Debit Card,131.94,Paid
5709,5709,UPI,0,Cancelled
5710,5710,UPI,0,Refunded
5711,5711,Wallet,199.05,Paid
5712,5712,Wallet,221.1,Paid
5713,5713,Credit Card,0,Refunded
5714,5714,Credit Card,0,Refunded
5715,5715,Credit Card,127.2,Paid
5716,5716,Cash,216.38,Paid
5717,5717,Credit Card,197.67,Paid
5718,5718,Credit Card,192.79,Paid
5719,5719,UPI,233.47,Paid
5720,5720,Credit Card,0,Cancelled
5721,5721,UPI,146.55,Paid
5722,5722,UPI,0,Refunded
5723,5723,Credit Card,130.87,Paid
5724,5724,Debit Card,228.14,Paid
5725,5725,UPI,258.67,Paid
5726,5726,UPI,89,Paid
5727,5727,Debit Card,492.22,Paid
5728,5728,Credit Card,184.35,Paid
5729,5729,Cash,0,Failed
5730,5730,UPI,0,Refunded
5731,5731,Debit Card,218.09,Paid
5732,5732,UPI,127.1,Paid
5733,5733,UPI,178.38,Paid
5734,5734,Credit Card,0,Cancelled
5735,5735,Cash,121.05,Paid
5736,5736,UPI,122.15,Paid
5737,5737,UPI,179.23,Paid
5738,5738,Credit Card,125.9,Paid
5739,5739,UPI,247.64,Paid
5740,5740,UPI,0,Cancelled
5741,5741,Credit Card,0,Refunded
5742,5742,UPI,135.27,Paid
5743,5743,UPI,301.15,Paid
5744,5744,Credit Card,148.23,Paid
5745,5745,UPI,0,Failed
5746,5746,Credit Card,108.14,Paid
5747,5747,Debit Card,353.89,Paid
5748,5748,Credit Card,99.03,Paid
5749,5749,Credit Card,397.87,Paid
5750,5750,UPI,256.15,Paid
5751,5751,UPI,204.67,Paid
5752,5752,UPI,207.61,Paid
5753,5753,Credit Card,200.16,Paid
5754,5754,Credit Card,263.64,Paid
5755,5755,Cash,148.04,Paid
5756,5756,UPI,93.77,Paid
5757,5757,Wallet,134.6,Paid
5758,5758,UPI,138.3,Paid
5759,5759,Credit Card,0,Refunded
5760,5760,Debit Card,95.2,Paid
5761,5761,Debit Card,273.01,Paid
5762,5762,Debit Card,201.27,Paid
5763,5763,UPI,276.48,Paid
5764,5764,Debit Card,125.24,Paid
5765,5765,UPI,144.02,Paid
5766,5766,UPI,241.53,Paid
5767,5767,Credit Card,318.26,Paid
5768,5768,UPI,0,Cancelled
5769,5769,UPI,0,Failed
5770,5770,Cash,0,Refunded
5771,5771,Wallet,144.34,Paid
5772,5772,Debit Card,0,Refunded
5773,5773,UPI,134.47,Paid
5774,5774,UPI,200.88,Paid
5775,5775,UPI,212.16,Paid
5776,5776,UPI,192.15,Paid
5777,5777,Cash,0,Refunded
5778,5778,UPI,113.23,Paid
5779,5779,UPI,153.09,Paid
5780,5780,Wallet,144.27,Paid
5781,5781,Credit Card,0,Cancelled
5782,5782,Wallet,214.48,Paid
5783,5783,UPI,0,Failed
5784,5784,Debit Card,151.21,Paid
5785,5785,UPI,94.26,Paid
5786,5786,UPI,116.38,Paid
5787,5787,UPI,114.44,Paid
5788,5788,UPI,169.3,Paid
5789,5789,UPI,186.37,Paid
5790,5790,UPI,112.47,Paid
5791,5791,Wallet,333.22,Paid
5792,5792,UPI,139.82,Paid
5793,5793,Wallet,115.45,Paid
5794,5794,UPI,155.55,Paid
5795,5795,Credit Card,180.42,Paid
5796,5796,UPI,84.5,Paid
5797,5797,UPI,106.95,Paid
5798,5798,UPI,113.82,Paid
5799,5799,Debit Card,155.76,Paid
5800,5800,Debit Card,149.12,Paid
5801,5801,Credit Card,0,Cancelled
5802,5802,Credit Card,158.14,Paid
5803,5803,UPI,0,Failed
5804,5804,Cash,175.86,Paid
5805,5805,Credit Card,131.14,Paid
5806,5806,UPI,172.61,Paid
5807,5807,UPI,0,Refunded
5808,5808,Debit Card,129.55,Paid
5809,5809,UPI,261.98,Paid
5810,5810,Credit Card,0,Cancelled
5811,5811,Credit Card,176.91,Paid
5812,5812,UPI,193.17,Paid
5813,5813,Debit Card,107.48,Paid
5814,5814,Credit Card,273.52,Paid
5815,5815,UPI,140.94,Paid
5816,5816,Credit Card,120.61,Paid
5817,5817,UPI,167.44,Paid
5818,5818,Wallet,126.85,Paid
5819,5819,Credit Card,165.15,Paid
5820,5820,UPI,147.63,Paid
5821,5821,Credit Card,137.42,Paid
5822,5822,UPI,142.92,Paid
5823,5823,Credit Card,271.75,Paid
5824,5824,Debit Card,145.98,Paid
5825,5825,Credit Card,128.26,Paid
5826,5826,Credit Card,128.8,Paid
5827,5827,UPI,0,Refunded
5828,5828,UPI,427.49,Paid
5829,5829,UPI,161.53,Paid
5830,5830,Cash,187.82,Paid
5831,5831,UPI,101.11,Paid
5832,5832,Wallet,0,Cancelled
5833,5833,Credit Card,216.99,Paid
5834,5834,Cash,160.87,Paid
5835,5835,UPI,318.07,Paid
5836,5836,Cash,267.21,Paid
5837,5837,Wallet,221.81,Paid
5838,5838,Wallet,197.27,Paid
5839,5839,UPI,156.41,Paid
5840,5840,Debit Card,96.39,Paid
5841,5841,UPI,114.47,Paid
5842,5842,UPI,164.3,Paid
5843,5843,UPI,205.67,Paid
5844,5844,Debit Card,195.77,Paid
5845,5845,UPI,0,Cancelled
5846,5846,UPI,206.57,Paid
5847,5847,Credit Card,0,Cancelled
5848,5848,UPI,150.4,Paid
5849,5849,Debit Card,0,Cancelled
5850,5850,Credit Card,86.41,Paid
5851,5851,UPI,341.83,Paid
5852,5852,UPI,0,Refunded
5853,5853,UPI,0,Failed
5854,5854,UPI,165,Paid
5855,5855,UPI,206.1,Paid
5856,5856,UPI,125.68,Paid
5857,5857,UPI,0,Refunded
5858,5858,Cash,274.53,Paid
5859,5859,Cash,171.37,Paid
5860,5860,Debit Card,110.82,Paid
5861,5861,Debit Card,83.26,Paid
5862,5862,UPI,292.64,Paid
5863,5863,UPI,208.39,Paid
5864,5864,UPI,0,Failed
5865,5865,Credit Card,109.95,Paid
5866,5866,Cash,243.09,Paid
5867,5867,Wallet,207.3,Paid
5868,5868,Debit Card,132.49,Paid
5869,5869,UPI,128.37,Paid
5870,5870,Cash,197.06,Paid
5871,5871,Debit Card,124.02,Paid
5872,5872,UPI,183.52,Paid
5873,5873,UPI,212.35,Paid
5874,5874,Cash,117.01,Paid
5875,5875,Cash,93.46,Paid
5876,5876,Debit Card,163.72,Paid
5877,5877,Credit Card,353.32,Paid
5878,5878,Wallet,120.9,Paid
5879,5879,UPI,158.61,Paid
5880,5880,UPI,0,Refunded
5881,5881,Credit Card,114.72,Paid
5882,5882,Debit Card,272.51,Paid
5883,5883,UPI,108.33,Paid
5884,5884,Credit Card,200.3,Paid
5885,5885,UPI,257.89,Paid
5886,5886,Credit Card,111.52,Paid
5887,5887,UPI,183.06,Paid
5888,5888,Debit Card,110.37,Paid
5889,5889,UPI,117.69,Paid
5890,5890,Debit Card,223.35,Paid
5891,5891,Credit Card,250.71,Paid
5892,5892,Debit Card,150.14,Paid
5893,5893,Credit Card,0,Failed
5894,5894,UPI,0,Cancelled
5895,5895,UPI,0,Cancelled
5896,5896,Cash,0,Failed
5897,5897,Credit Card,262.45,Paid
5898,5898,Credit Card,0,Failed
5899,5899,Credit Card,111.76,Paid
5900,5900,Credit Card,127.09,Paid
5901,5901,Credit Card,0,Refunded
5902,5902,UPI,189.62,Paid
5903,5903,Cash,0,Cancelled
5904,5904,UPI,396.59,Paid
5905,5905,UPI,217.52,Paid
5906,5906,UPI,167.75,Paid
5907,5907,UPI,91.1,Paid
5908,5908,UPI,180.06,Paid
5909,5909,Cash,0,Refunded
5910,5910,Cash,97.75,Paid
5911,5911,Debit Card,232.67,Paid
5912,5912,Cash,171.87,Paid
5913,5913,UPI,163.72,Paid
5914,5914,UPI,79.27,Paid
5915,5915,Cash,442.81,Paid
5916,5916,Credit Card,153.63,Paid
5917,5917,Wallet,113.08,Paid
5918,5918,Cash,342.42,Paid
5919,5919,UPI,229.57,Paid
5920,5920,UPI,244.7,Paid
5921,5921,Cash,215.34,Paid
5922,5922,Credit Card,0,Cancelled
5923,5923,Credit Card,196.56,Paid
5924,5924,Credit Card,237.61,Paid
5925,5925,Debit Card,150.04,Paid
5926,5926,UPI,275.92,Paid
5927,5927,UPI,152.37,Paid
5928,5928,Credit Card,348.44,Paid
5929,5929,Cash,0,Cancelled
5930,5930,UPI,372.41,Paid
5931,5931,Cash,273.32,Paid
5932,5932,Credit Card,99.9,Paid
5933,5933,Credit Card,250.26,Paid
5934,5934,Credit Card,0,Refunded
5935,5935,UPI,87.1,Paid
5936,5936,Credit Card,0,Refunded
5937,5937,UPI,147.59,Paid
5938,5938,UPI,157.24,Paid
5939,5939,Cash,176.86,Paid
5940,5940,UPI,197.69,Paid
5941,5941,UPI,157.96,Paid
5942,5942,Cash,121.6,Paid
5943,5943,UPI,157.19,Paid
5944,5944,Credit Card,117.6,Paid
5945,5945,Wallet,114.9,Paid
5946,5946,Wallet,206.45,Paid
5947,5947,Credit Card,0,Refunded
5948,5948,Credit Card,240.95,Paid
5949,5949,Credit Card,201.66,Paid
5950,5950,Debit Card,95.32,Paid
5951,5951,Debit Card,227.34,Paid
5952,5952,UPI,131.11,Paid
5953,5953,UPI,387.32,Paid
5954,5954,Credit Card,146.73,Paid
5955,5955,UPI,314.24,Paid
5956,5956,Credit Card,122.96,Paid
5957,5957,Cash,99.85,Paid
5958,5958,Credit Card,0,Cancelled
5959,5959,UPI,225.74,Paid
5960,5960,Credit Card,354.91,Paid
5961,5961,UPI,119.24,Paid
5962,5962,UPI,0,Refunded
5963,5963,UPI,172.76,Paid
5964,5964,Credit Card,146.44,Paid
5965,5965,UPI,0,Failed
5966,5966,UPI,252.05,Paid
5967,5967,UPI,123.43,Paid
5968,5968,UPI,176.89,Paid
5969,5969,UPI,0,Failed
5970,5970,UPI,0,Failed
5971,5971,Credit Card,127.35,Paid
5972,5972,UPI,202.27,Paid
5973,5973,Cash,252.61,Paid
5974,5974,Wallet,176.51,Paid
5975,5975,UPI,130.21,Paid
5976,5976,Debit Card,283.5,Paid
5977,5977,Cash,0,Failed
5978,5978,Cash,224.03,Paid
5979,5979,Credit Card,70.07,Paid
5980,5980,Credit Card,99.46,Paid
5981,5981,UPI,590.25,Paid
5982,5982,UPI,248.86,Paid
5983,5983,Wallet,162.64,Paid
5984,5984,UPI,216.06,Paid
5985,5985,UPI,126.95,Paid
5986,5986,Credit Card,244.69,Paid
5987,5987,UPI,0,Cancelled
5988,5988,Debit Card,104.8,Paid
5989,5989,UPI,313.45,Paid
5990,5990,Cash,129.43,Paid
5991,5991,Wallet,164.24,Paid
5992,5992,Debit Card,108.52,Paid
5993,5993,Credit Card,116.96,Paid
5994,5994,Credit Card,0,Refunded
5995,5995,UPI,155.68,Paid
5996,5996,UPI,203.25,Paid
5997,5997,Credit Card,204.11,Paid
5998,5998,UPI,136.68,Paid
5999,5999,UPI,196.59,Paid
6000,6000,Credit Card,199.9,Paid
6001,6001,UPI,0,Cancelled
6002,6002,UPI,0,Cancelled
6003,6003,Cash,325.55,Paid
6004,6004,Debit Card,104.59,Paid
6005,6005,Credit Card,223.79,Paid
6006,6006,Wallet,0,Refunded
6007,6007,Debit Card,142.64,Paid
6008,6008,Debit Card,162.51,Paid
6009,6009,UPI,632.47,Paid
6010,6010,Debit Card,301.74,Paid
6011,6011,Credit Card,368.56,Paid
6012,6012,Credit Card,0,Refunded
6013,6013,UPI,0,Failed
6014,6014,Debit Card,219.94,Paid
6015,6015,Debit Card,263.87,Paid
6016,6016,UPI,0,Cancelled
6017,6017,UPI,206.04,Paid
6018,6018,Cash,167.74,Paid
6019,6019,Credit Card,109.59,Paid
6020,6020,UPI,0,Refunded
6021,6021,UPI,211.71,Paid
6022,6022,Credit Card,154.88,Paid
6023,6023,Cash,0,Cancelled
6024,6024,Credit Card,202.24,Paid
6025,6025,UPI,0,Cancelled
6026,6026,Cash,176.77,Paid
6027,6027,UPI,243.49,Paid
6028,6028,Debit Card,310.18,Paid
6029,6029,UPI,224.72,Paid
6030,6030,Debit Card,139.24,Paid
6031,6031,Cash,0,Refunded
6032,6032,Cash,331.08,Paid
6033,6033,UPI,0,Cancelled
6034,6034,Credit Card,181.48,Paid
6035,6035,Credit Card,94.48,Paid
6036,6036,Cash,116.7,Paid
6037,6037,Wallet,146.99,Paid
6038,6038,Wallet,215.75,Paid
6039,6039,UPI,0,Cancelled
6040,6040,Debit Card,255.99,Paid
6041,6041,Wallet,117.5,Paid
6042,6042,UPI,114.08,Paid
6043,6043,Wallet,110.12,Paid
6044,6044,Cash,205.76,Paid
6045,6045,Credit Card,179.01,Paid
6046,6046,Cash,90.56,Paid
6047,6047,Debit Card,224.6,Paid
6048,6048,Credit Card,170.48,Paid
6049,6049,UPI,167.38,Paid
6050,6050,Credit Card,315.86,Paid
6051,6051,Debit Card,0,Refunded
6052,6052,Credit Card,131.34,Paid
6053,6053,Credit Card,155.23,Paid
6054,6054,Cash,170.6,Paid
6055,6055,Wallet,0,Refunded
6056,6056,Debit Card,95.68,Paid
6057,6057,UPI,213.36,Paid
6058,6058,Cash,247.32,Paid
6059,6059,Cash,289.07,Paid
6060,6060,Debit Card,296.92,Paid
6061,6061,UPI,113.21,Paid
6062,6062,Credit Card,351.87,Paid
6063,6063,UPI,187.01,Paid
6064,6064,UPI,97.27,Paid
6065,6065,Debit Card,127.92,Paid
6066,6066,Debit Card,108.85,Paid
6067,6067,UPI,0,Cancelled
6068,6068,Credit Card,314.08,Paid
6069,6069,Credit Card,0,Refunded
6070,6070,Cash,106.06,Paid
6071,6071,UPI,0,Cancelled
6072,6072,Cash,86.79,Paid
6073,6073,UPI,178.54,Paid
6074,6074,Credit Card,571.39,Paid
6075,6075,Credit Card,230.18,Paid
6076,6076,Debit Card,160.01,Paid
6077,6077,Debit Card,107.71,Paid
6078,6078,Debit Card,321.69,Paid
6079,6079,Wallet,161.01,Paid
6080,6080,Debit Card,75.44,Paid
6081,6081,Debit Card,123.73,Paid
6082,6082,UPI,147.71,Paid
6083,6083,UPI,212.49,Paid
6084,6084,Credit Card,0,Cancelled
6085,6085,UPI,172.87,Paid
6086,6086,Debit Card,288.77,Paid
6087,6087,UPI,0,Refunded
6088,6088,UPI,389.36,Paid
6089,6089,UPI,141.78,Paid
6090,6090,UPI,0,Refunded
6091,6091,Credit Card,178.93,Paid
6092,6092,Credit Card,148.08,Paid
6093,6093,Credit Card,0,Refunded
6094,6094,UPI,0,Refunded
6095,6095,Credit Card,439.29,Paid
6096,6096,UPI,144.54,Paid
6097,6097,UPI,327.92,Paid
6098,6098,UPI,295.02,Paid
6099,6099,Credit Card,114.47,Paid
6100,6100,Cash,125.39,Paid
6101,6101,Debit Card,0,Cancelled
6102,6102,Credit Card,0,Cancelled
6103,6103,Credit Card,91.04,Paid
6104,6104,Debit Card,289.7,Paid
6105,6105,Credit Card,216.11,Paid
6106,6106,UPI,169.84,Paid
6107,6107,Credit Card,95.01,Paid
6108,6108,Credit Card,655.15,Paid
6109,6109,Credit Card,140.62,Paid
6110,6110,UPI,0,Refunded
6111,6111,Wallet,218.04,Paid
6112,6112,UPI,99.28,Paid
6113,6113,Wallet,317.95,Paid
6114,6114,Cash,350.47,Paid
6115,6115,UPI,0,Failed
6116,6116,Cash,227.72,Paid
6117,6117,UPI,220.26,Paid
6118,6118,UPI,185.48,Paid
6119,6119,Credit Card,135.05,Paid
6120,6120,UPI,0,Cancelled
6121,6121,UPI,167,Paid
6122,6122,UPI,103.11,Paid
6123,6123,UPI,158.56,Paid
6124,6124,Wallet,183.3,Paid
6125,6125,Credit Card,191.56,Paid
6126,6126,Wallet,260.85,Paid
6127,6127,UPI,266.14,Paid
6128,6128,Credit Card,0,Refunded
6129,6129,Debit Card,210.88,Paid
6130,6130,UPI,122.66,Paid
6131,6131,UPI,0,Cancelled
6132,6132,Credit Card,116.25,Paid
6133,6133,Credit Card,227.27,Paid
6134,6134,UPI,138.4,Paid
6135,6135,UPI,267.23,Paid
6136,6136,Cash,213.31,Paid
6137,6137,Wallet,109.37,Paid
6138,6138,Debit Card,101.07,Paid
6139,6139,Credit Card,529.76,Paid
6140,6140,UPI,0,Refunded
6141,6141,UPI,107.73,Paid
6142,6142,Credit Card,0,Failed
6143,6143,Cash,127.36,Paid
6144,6144,Debit Card,134.54,Paid
6145,6145,Debit Card,156.72,Paid
6146,6146,UPI,103.92,Paid
6147,6147,UPI,298.28,Paid
6148,6148,Cash,0,Cancelled
6149,6149,UPI,120.81,Paid
6150,6150,UPI,137.37,Paid
6151,6151,Debit Card,299.34,Paid
6152,6152,Debit Card,519.37,Paid
6153,6153,Debit Card,101.22,Paid
6154,6154,UPI,0,Cancelled
6155,6155,UPI,0,Refunded
6156,6156,Cash,247.37,Paid
6157,6157,UPI,145.95,Paid
6158,6158,Credit Card,155.33,Paid
6159,6159,Cash,164.21,Paid
6160,6160,UPI,208.34,Paid
6161,6161,UPI,0,Cancelled
6162,6162,UPI,0,Cancelled
6163,6163,Credit Card,0,Cancelled
6164,6164,Credit Card,201.3,Paid
6165,6165,UPI,226.48,Paid
6166,6166,UPI,124.19,Paid
6167,6167,Debit Card,189.04,Paid
6168,6168,Credit Card,223.86,Paid
6169,6169,UPI,195.29,Paid
6170,6170,Credit Card,114.8,Paid
6171,6171,Debit Card,212.31,Paid
6172,6172,UPI,258.99,Paid
6173,6173,UPI,0,Refunded
6174,6174,Credit Card,121.95,Paid
6175,6175,Credit Card,235.71,Paid
6176,6176,Credit Card,0,Failed
6177,6177,UPI,201.49,Paid
6178,6178,UPI,198.12,Paid
6179,6179,UPI,225.86,Paid
6180,6180,Cash,226.48,Paid
6181,6181,UPI,173.25,Paid
6182,6182,Cash,0,Cancelled
6183,6183,Wallet,0,Cancelled
6184,6184,UPI,102.08,Paid
6185,6185,Credit Card,125.67,Paid
6186,6186,Credit Card,0,Refunded
6187,6187,Credit Card,107.9,Paid
6188,6188,UPI,127.37,Paid
6189,6189,Wallet,0,Failed
6190,6190,Debit Card,0,Refunded
6191,6191,UPI,0,Cancelled
6192,6192,UPI,106.66,Paid
6193,6193,Cash,139.65,Paid
6194,6194,UPI,0,Cancelled
6195,6195,UPI,146.51,Paid
6196,6196,Debit Card,0,Cancelled
6197,6197,UPI,148.4,Paid
6198,6198,Debit Card,0,Refunded
6199,6199,UPI,130.63,Paid
6200,6200,UPI,80.33,Paid
6201,6201,UPI,152.03,Paid
6202,6202,UPI,107.94,Paid
6203,6203,Credit Card,87.52,Paid
6204,6204,Wallet,175.4,Paid
6205,6205,Debit Card,0,Cancelled
6206,6206,Credit Card,187.27,Paid
6207,6207,Wallet,126.78,Paid
6208,6208,UPI,137.64,Paid
6209,6209,Cash,0,Cancelled
6210,6210,UPI,176.25,Paid
6211,6211,UPI,184.83,Paid
6212,6212,Credit Card,0,Cancelled
6213,6213,UPI,109.1,Paid
6214,6214,UPI,133.11,Paid
6215,6215,Debit Card,147.56,Paid
6216,6216,Credit Card,230.41,Paid
6217,6217,Credit Card,175.04,Paid
6218,6218,UPI,0,Failed
6219,6219,UPI,0,Cancelled
6220,6220,Debit Card,149,Paid
6221,6221,Credit Card,344.54,Paid
6222,6222,UPI,124.55,Paid
6223,6223,Credit Card,100.76,Paid
6224,6224,UPI,77.57,Paid
6225,6225,UPI,0,Cancelled
6226,6226,Wallet,114.41,Paid
6227,6227,Wallet,124.69,Paid
6228,6228,Credit Card,131.32,Paid
6229,6229,Credit Card,247.1,Paid
6230,6230,UPI,132.7,Paid
6231,6231,Cash,137.59,Paid
6232,6232,Credit Card,127.65,Paid
6233,6233,Wallet,238.29,Paid
6234,6234,UPI,155.79,Paid
6235,6235,UPI,159.13,Paid
6236,6236,Wallet,0,Failed
6237,6237,Credit Card,0,Cancelled
6238,6238,Credit Card,188.66,Paid
6239,6239,UPI,141.88,Paid
6240,6240,UPI,0,Failed
6241,6241,Cash,217.39,Paid
6242,6242,UPI,93.42,Paid
6243,6243,Credit Card,183.79,Paid
6244,6244,Cash,125.52,Paid
6245,6245,Debit Card,87.27,Paid
6246,6246,Debit Card,358.28,Paid
6247,6247,UPI,0,Failed
6248,6248,Credit Card,213.77,Paid
6249,6249,UPI,210.49,Paid
6250,6250,UPI,0,Failed
6251,6251,Debit Card,0,Cancelled
6252,6252,Debit Card,0,Cancelled
6253,6253,UPI,0,Refunded
6254,6254,Wallet,324.85,Paid
6255,6255,UPI,0,Refunded
6256,6256,Credit Card,172.39,Paid
6257,6257,UPI,144.14,Paid
6258,6258,UPI,159.11,Paid
6259,6259,Wallet,171.95,Paid
6260,6260,Credit Card,0,Refunded
6261,6261,UPI,131.26,Paid
6262,6262,UPI,292.52,Paid
6263,6263,UPI,114.5,Paid
6264,6264,Wallet,159.83,Paid
6265,6265,Credit Card,186.06,Paid
6266,6266,Credit Card,104.89,Paid
6267,6267,Debit Card,0,Cancelled
6268,6268,UPI,115.68,Paid
6269,6269,UPI,173.22,Paid
6270,6270,UPI,206.21,Paid
6271,6271,UPI,168.71,Paid
6272,6272,Credit Card,179.15,Paid
6273,6273,Cash,127.14,Paid
6274,6274,UPI,209.28,Paid
6275,6275,Credit Card,161.29,Paid
6276,6276,Debit Card,113.23,Paid
6277,6277,Wallet,111.12,Paid
6278,6278,Cash,181.83,Paid
6279,6279,Credit Card,321.29,Paid
6280,6280,Wallet,172.06,Paid
6281,6281,Wallet,0,Refunded
6282,6282,UPI,153.88,Paid
6283,6283,Debit Card,352.15,Paid
6284,6284,Debit Card,239.12,Paid
6285,6285,Debit Card,431.13,Paid
6286,6286,Wallet,88.16,Paid
6287,6287,UPI,0,Cancelled
6288,6288,UPI,0,Failed
6289,6289,Credit Card,0,Refunded
6290,6290,UPI,0,Cancelled
6291,6291,UPI,116.05,Paid
6292,6292,UPI,239.12,Paid
6293,6293,Debit Card,258.03,Paid
6294,6294,Debit Card,0,Refunded
6295,6295,UPI,569.41,Paid
6296,6296,Debit Card,135.6,Paid
6297,6297,UPI,170.06,Paid
6298,6298,UPI,0,Refunded
6299,6299,Credit Card,220.25,Paid
6300,6300,Credit Card,170.26,Paid
6301,6301,Debit Card,0,Failed
6302,6302,Credit Card,169.93,Paid
6303,6303,Wallet,0,Cancelled
6304,6304,UPI,228.31,Paid
6305,6305,Cash,280.48,Paid
6306,6306,Debit Card,0,Refunded
6307,6307,Wallet,119.04,Paid
6308,6308,UPI,269.5,Paid
6309,6309,UPI,369.6,Paid
6310,6310,Wallet,218.88,Paid
6311,6311,Credit Card,199.2,Paid
6312,6312,UPI,140.92,Paid
6313,6313,Debit Card,393.22,Paid
6314,6314,Credit Card,0,Refunded
6315,6315,Credit Card,317.05,Paid
6316,6316,UPI,103.92,Paid
6317,6317,Debit Card,183.04,Paid
6318,6318,Debit Card,246.72,Paid
6319,6319,UPI,0,Cancelled
6320,6320,Debit Card,140.31,Paid
6321,6321,UPI,0,Cancelled
6322,6322,UPI,123.97,Paid
6323,6323,Credit Card,118.91,Paid
6324,6324,Wallet,148.79,Paid
6325,6325,Credit Card,186.56,Paid
6326,6326,UPI,124.95,Paid
6327,6327,Debit Card,198.66,Paid
6328,6328,Credit Card,115.99,Paid
6329,6329,Wallet,0,Cancelled
6330,6330,UPI,64.47,Paid
6331,6331,Debit Card,354.16,Paid
6332,6332,UPI,123.03,Paid
6333,6333,Cash,100.2,Paid
6334,6334,Debit Card,0,Failed
6335,6335,Credit Card,183.3,Paid
6336,6336,UPI,245.14,Paid
6337,6337,Debit Card,110.94,Paid
6338,6338,Credit Card,315.07,Paid
6339,6339,Debit Card,144.17,Paid
6340,6340,Debit Card,319.8,Paid
6341,6341,Debit Card,0,Failed
6342,6342,UPI,238.79,Paid
6343,6343,Credit Card,187.66,Paid
6344,6344,Credit Card,110.45,Paid
6345,6345,Debit Card,141.13,Paid
6346,6346,UPI,0,Failed
6347,6347,Cash,0,Cancelled
6348,6348,UPI,222.98,Paid
6349,6349,Wallet,125.13,Paid
6350,6350,UPI,255.8,Paid
6351,6351,Credit Card,146.48,Paid
6352,6352,Credit Card,95.25,Paid
6353,6353,Credit Card,0,Cancelled
6354,6354,Credit Card,221.83,Paid
6355,6355,Debit Card,126.77,Paid
6356,6356,UPI,0,Cancelled
6357,6357,Wallet,147.64,Paid
6358,6358,UPI,0,Failed
6359,6359,Credit Card,123.55,Paid
6360,6360,Credit Card,0,Refunded
6361,6361,Credit Card,172.03,Paid
6362,6362,Debit Card,96.21,Paid
6363,6363,Credit Card,122.24,Paid
6364,6364,UPI,119.56,Paid
6365,6365,UPI,290.5,Paid
6366,6366,Cash,0,Refunded
6367,6367,Credit Card,0,Refunded
6368,6368,Debit Card,126.87,Paid
6369,6369,Cash,268.68,Paid
6370,6370,Credit Card,119.56,Paid
6371,6371,UPI,191.1,Paid
6372,6372,UPI,413.89,Paid
6373,6373,UPI,0,Refunded
6374,6374,Credit Card,179.42,Paid
6375,6375,UPI,146.81,Paid
6376,6376,UPI,228.29,Paid
6377,6377,Credit Card,0,Cancelled
6378,6378,UPI,163.66,Paid
6379,6379,Cash,182.76,Paid
6380,6380,UPI,188.28,Paid
6381,6381,Debit Card,160.76,Paid
6382,6382,UPI,108.56,Paid
6383,6383,Cash,109.16,Paid
6384,6384,UPI,167.76,Paid
6385,6385,Credit Card,92.37,Paid
6386,6386,UPI,0,Refunded
6387,6387,UPI,124.1,Paid
6388,6388,UPI,205.38,Paid
6389,6389,UPI,233.16,Paid
6390,6390,Cash,127.25,Paid
6391,6391,Debit Card,149.26,Paid
6392,6392,UPI,171.3,Paid
6393,6393,Cash,144.18,Paid
6394,6394,UPI,0,Refunded
6395,6395,Debit Card,0,Cancelled
6396,6396,Credit Card,110.21,Paid
6397,6397,UPI,168.47,Paid
6398,6398,UPI,0,Failed
6399,6399,UPI,168.67,Paid
6400,6400,Credit Card,151.68,Paid
6401,6401,UPI,0,Cancelled
6402,6402,Wallet,0,Refunded
6403,6403,UPI,246.04,Paid
6404,6404,Credit Card,182.6,Paid
6405,6405,UPI,222.61,Paid
6406,6406,UPI,0,Failed
6407,6407,Cash,0,Refunded
6408,6408,UPI,176.36,Paid
6409,6409,UPI,157.07,Paid
6410,6410,UPI,187.01,Paid
6411,6411,UPI,177.79,Paid
6412,6412,Credit Card,0,Refunded
6413,6413,Cash,140.68,Paid
6414,6414,Debit Card,183.19,Paid
6415,6415,Cash,150.22,Paid
6416,6416,UPI,143.92,Paid
6417,6417,UPI,120.29,Paid
6418,6418,UPI,154.64,Paid
6419,6419,Debit Card,0,Refunded
6420,6420,UPI,147.15,Paid
6421,6421,UPI,0,Refunded
6422,6422,UPI,141.26,Paid
6423,6423,UPI,223.49,Paid
6424,6424,Debit Card,101.17,Paid
6425,6425,Credit Card,0,Cancelled
6426,6426,UPI,84.98,Paid
6427,6427,Wallet,178.94,Paid
6428,6428,Credit Card,0,Refunded
6429,6429,UPI,113.81,Paid
6430,6430,UPI,0,Cancelled
6431,6431,Credit Card,0,Cancelled
6432,6432,UPI,216.15,Paid
6433,6433,UPI,134.65,Paid
6434,6434,Credit Card,189.55,Paid
6435,6435,Credit Card,456.69,Paid
6436,6436,UPI,0,Cancelled
6437,6437,Cash,0,Refunded
6438,6438,UPI,110.99,Paid
6439,6439,Credit Card,189.01,Paid
6440,6440,Credit Card,81.04,Paid
6441,6441,Debit Card,91.82,Paid
6442,6442,UPI,240.15,Paid
6443,6443,Credit Card,123.08,Paid
6444,6444,Credit Card,151.1,Paid
6445,6445,Cash,159.21,Paid
6446,6446,UPI,241.81,Paid
6447,6447,Credit Card,301.08,Paid
6448,6448,Credit Card,0,Cancelled
6449,6449,Debit Card,104.12,Paid
6450,6450,UPI,0,Cancelled
6451,6451,Debit Card,132.73,Paid
6452,6452,UPI,0,Refunded
6453,6453,Wallet,0,Cancelled
6454,6454,UPI,194.68,Paid
6455,6455,Credit Card,153.43,Paid
6456,6456,UPI,0,Refunded
6457,6457,Cash,258.53,Paid
6458,6458,UPI,0,Refunded
6459,6459,UPI,0,Refunded
6460,6460,Credit Card,194.64,Paid
6461,6461,UPI,175.88,Paid
6462,6462,Wallet,158.15,Paid
6463,6463,Credit Card,0,Cancelled
6464,6464,Cash,127.11,Paid
6465,6465,Cash,228.02,Paid
6466,6466,UPI,151.5,Paid
6467,6467,Credit Card,171.74,Paid
6468,6468,Cash,274.15,Paid
6469,6469,Debit Card,107.6,Paid
6470,6470,Debit Card,184.83,Paid
6471,6471,Credit Card,226.9,Paid
6472,6472,Wallet,0,Refunded
6473,6473,UPI,140.35,Paid
6474,6474,Cash,0,Refunded
6475,6475,Debit Card,0,Failed
6476,6476,Credit Card,297.57,Paid
6477,6477,Debit Card,138.56,Paid
6478,6478,Debit Card,174.26,Paid
6479,6479,UPI,366.37,Paid
6480,6480,UPI,175.16,Paid
6481,6481,UPI,0,Refunded
6482,6482,UPI,162.47,Paid
6483,6483,Credit Card,0,Refunded
6484,6484,Cash,174.35,Paid
6485,6485,UPI,296.88,Paid
6486,6486,Credit Card,0,Cancelled
6487,6487,Wallet,220.46,Paid
6488,6488,Debit Card,122.92,Paid
6489,6489,Credit Card,163.74,Paid
6490,6490,UPI,147.08,Paid
6491,6491,UPI,118.99,Paid
6492,6492,UPI,172.23,Paid
6493,6493,Debit Card,155.46,Paid
6494,6494,UPI,111.02,Paid
6495,6495,Credit Card,0,Refunded
6496,6496,UPI,400.24,Paid
6497,6497,UPI,192.91,Paid
6498,6498,Cash,229.3,Paid
6499,6499,Credit Card,199.64,Paid
6500,6500,Debit Card,202.43,Paid
6501,6501,UPI,386.48,Paid
6502,6502,Cash,154.27,Paid
6503,6503,Wallet,204.33,Paid
6504,6504,UPI,143.78,Paid
6505,6505,Credit Card,0,Refunded
6506,6506,Debit Card,258.63,Paid
6507,6507,Cash,212.65,Paid
6508,6508,Debit Card,167.8,Paid
6509,6509,Wallet,187.94,Paid
6510,6510,Debit Card,0,Refunded
6511,6511,UPI,119.19,Paid
6512,6512,UPI,0,Refunded
6513,6513,Wallet,302.13,Paid
6514,6514,UPI,76.98,Paid
6515,6515,UPI,0,Refunded
6516,6516,Credit Card,160.21,Paid
6517,6517,UPI,0,Refunded
6518,6518,Debit Card,104.3,Paid
6519,6519,Cash,92.48,Paid
6520,6520,Wallet,163.52,Paid
6521,6521,Wallet,120.25,Paid
6522,6522,UPI,100.65,Paid
6523,6523,Wallet,166.71,Paid
6524,6524,Credit Card,152.47,Paid
6525,6525,Cash,149.56,Paid
6526,6526,Debit Card,93.92,Paid
6527,6527,UPI,0,Refunded
6528,6528,Credit Card,289.26,Paid
6529,6529,Wallet,172.21,Paid
6530,6530,Credit Card,121.05,Paid
6531,6531,Credit Card,0,Refunded
6532,6532,Credit Card,135.6,Paid
6533,6533,Wallet,0,Refunded
6534,6534,UPI,0,Cancelled
6535,6535,UPI,307.73,Paid
6536,6536,UPI,85.83,Paid
6537,6537,Wallet,0,Refunded
6538,6538,UPI,151.14,Paid
6539,6539,Debit Card,262.62,Paid
6540,6540,UPI,0,Cancelled
6541,6541,UPI,216.64,Paid
6542,6542,UPI,0,Cancelled
6543,6543,UPI,0,Refunded
6544,6544,UPI,254.96,Paid
6545,6545,Wallet,112.62,Paid
6546,6546,Wallet,164.87,Paid
6547,6547,UPI,244.16,Paid
6548,6548,Wallet,0,Refunded
6549,6549,Cash,0,Cancelled
6550,6550,Wallet,247.43,Paid
6551,6551,Debit Card,189.08,Paid
6552,6552,Credit Card,258.16,Paid
6553,6553,UPI,83.14,Paid
6554,6554,UPI,271.36,Paid
6555,6555,UPI,0,Refunded
6556,6556,Debit Card,326.33,Paid
6557,6557,UPI,0,Refunded
6558,6558,UPI,245.5,Paid
6559,6559,Debit Card,187.13,Paid
6560,6560,UPI,170.35,Paid
6561,6561,UPI,0,Cancelled
6562,6562,UPI,177.84,Paid
6563,6563,Cash,240.13,Paid
6564,6564,Cash,160.93,Paid
6565,6565,Credit Card,173.08,Paid
6566,6566,Credit Card,345.18,Paid
6567,6567,UPI,146.35,Paid
6568,6568,UPI,98.4,Paid
6569,6569,UPI,110.03,Paid
6570,6570,Debit Card,197.3,Paid
6571,6571,Cash,0,Refunded
6572,6572,UPI,120.58,Paid
6573,6573,Cash,338.69,Paid
6574,6574,UPI,227.72,Paid
6575,6575,UPI,217.99,Paid
6576,6576,UPI,124.78,Paid
6577,6577,UPI,0,Cancelled
6578,6578,UPI,148.81,Paid
6579,6579,UPI,193.37,Paid
6580,6580,UPI,169.65,Paid
6581,6581,Credit Card,224.46,Paid
6582,6582,Debit Card,0,Cancelled
6583,6583,Debit Card,0,Cancelled
6584,6584,Debit Card,135.83,Paid
6585,6585,Credit Card,373.49,Paid
6586,6586,UPI,0,Refunded
6587,6587,UPI,79.48,Paid
6588,6588,Credit Card,179.31,Paid
6589,6589,UPI,0,Refunded
6590,6590,Credit Card,87.49,Paid
6591,6591,UPI,182.35,Paid
6592,6592,Credit Card,0,Refunded
6593,6593,Debit Card,487.01,Paid
6594,6594,UPI,139.18,Paid
6595,6595,Cash,127.12,Paid
6596,6596,UPI,267.97,Paid
6597,6597,Debit Card,121.01,Paid
6598,6598,Debit Card,302.45,Paid
6599,6599,UPI,352.81,Paid
6600,6600,UPI,0,Refunded
6601,6601,UPI,184.37,Paid
6602,6602,Credit Card,0,Refunded
6603,6603,Wallet,317.98,Paid
6604,6604,Credit Card,0,Refunded
6605,6605,Debit Card,127.95,Paid
6606,6606,UPI,137.49,Paid
6607,6607,Debit Card,314.94,Paid
6608,6608,UPI,165.6,Paid
6609,6609,UPI,201.19,Paid
6610,6610,Credit Card,176.05,Paid
6611,6611,Credit Card,0,Failed
6612,6612,Credit Card,0,Failed
6613,6613,Credit Card,0,Cancelled
6614,6614,Credit Card,130.95,Paid
6615,6615,Credit Card,0,Cancelled
6616,6616,Debit Card,0,Refunded
6617,6617,UPI,283.69,Paid
6618,6618,Cash,107.55,Paid
6619,6619,UPI,356.59,Paid
6620,6620,Cash,216.69,Paid
6621,6621,UPI,98.94,Paid
6622,6622,Credit Card,184.9,Paid
6623,6623,Cash,113.11,Paid
6624,6624,UPI,243.51,Paid
6625,6625,Wallet,138.7,Paid
6626,6626,Cash,130.76,Paid
6627,6627,UPI,0,Refunded
6628,6628,Credit Card,0,Refunded
6629,6629,UPI,166.36,Paid
6630,6630,Credit Card,140.42,Paid
6631,6631,Wallet,144.8,Paid
6632,6632,Wallet,561.66,Paid
6633,6633,UPI,233.42,Paid
6634,6634,UPI,136.92,Paid
6635,6635,UPI,0,Refunded
6636,6636,Credit Card,169.11,Paid
6637,6637,Cash,409.45,Paid
6638,6638,UPI,200.6,Paid
6639,6639,UPI,119.77,Paid
6640,6640,Wallet,179.09,Paid
6641,6641,Credit Card,211.47,Paid
6642,6642,Credit Card,164.61,Paid
6643,6643,UPI,197.11,Paid
6644,6644,UPI,458.69,Paid
6645,6645,Credit Card,166.4,Paid
6646,6646,Credit Card,163.19,Paid
6647,6647,Cash,0,Cancelled
6648,6648,Cash,173.64,Paid
6649,6649,Credit Card,184.9,Paid
6650,6650,UPI,184.32,Paid
6651,6651,Cash,149.81,Paid
6652,6652,Credit Card,240.27,Paid
6653,6653,UPI,166.86,Paid
6654,6654,Credit Card,108.27,Paid
6655,6655,Credit Card,332.89,Paid
6656,6656,UPI,239.62,Paid
6657,6657,UPI,0,Cancelled
6658,6658,UPI,97.24,Paid
6659,6659,Debit Card,227.56,Paid
6660,6660,UPI,525.64,Paid
6661,6661,Cash,176.29,Paid
6662,6662,UPI,193.46,Paid
6663,6663,Credit Card,87.18,Paid
6664,6664,Debit Card,248.85,Paid
6665,6665,Cash,0,Refunded
6666,6666,Cash,149.57,Paid
6667,6667,Credit Card,130.9,Paid
6668,6668,UPI,220.09,Paid
6669,6669,UPI,226.97,Paid
6670,6670,Credit Card,0,Cancelled
6671,6671,Credit Card,177.88,Paid
6672,6672,Cash,0,Failed
6673,6673,Credit Card,189.34,Paid
6674,6674,Debit Card,136.05,Paid
6675,6675,Debit Card,0,Refunded
6676,6676,UPI,138.63,Paid
6677,6677,Cash,92.28,Paid
6678,6678,Credit Card,176.88,Paid
6679,6679,UPI,191.95,Paid
6680,6680,Credit Card,100.84,Paid
6681,6681,Cash,251.87,Paid
6682,6682,Debit Card,293.14,Paid
6683,6683,UPI,561.99,Paid
6684,6684,Debit Card,173.75,Paid
6685,6685,UPI,110.18,Paid
6686,6686,Credit Card,191.88,Paid
6687,6687,UPI,0,Cancelled
6688,6688,Credit Card,296.53,Paid
6689,6689,UPI,133.75,Paid
6690,6690,Cash,338.53,Paid
6691,6691,Debit Card,185.93,Paid
6692,6692,Credit Card,94.5,Paid
6693,6693,Cash,324.24,Paid
6694,6694,UPI,390.12,Paid
6695,6695,Cash,0,Cancelled
6696,6696,UPI,0,Cancelled
6697,6697,Debit Card,0,Cancelled
6698,6698,UPI,218.12,Paid
6699,6699,UPI,302.53,Paid
6700,6700,Cash,176.98,Paid
6701,6701,Credit Card,323.89,Paid
6702,6702,UPI,209.23,Paid
6703,6703,Debit Card,0,Refunded
6704,6704,Cash,143.26,Paid
6705,6705,UPI,0,Refunded
6706,6706,UPI,0,Refunded
6707,6707,UPI,169.4,Paid
6708,6708,Debit Card,170.57,Paid
6709,6709,Debit Card,202.73,Paid
6710,6710,Cash,109.45,Paid
6711,6711,UPI,153.36,Paid
6712,6712,UPI,0,Refunded
6713,6713,Credit Card,126.51,Paid
6714,6714,UPI,214.46,Paid
6715,6715,Credit Card,193.09,Paid
6716,6716,Wallet,95.09,Paid
6717,6717,UPI,195.72,Paid
6718,6718,Credit Card,170.33,Paid
6719,6719,Cash,0,Cancelled
6720,6720,UPI,241.7,Paid
6721,6721,Credit Card,179.45,Paid
6722,6722,Cash,295.97,Paid
6723,6723,UPI,91.23,Paid
6724,6724,UPI,190.47,Paid
6725,6725,UPI,136.37,Paid
6726,6726,Debit Card,97.06,Paid
6727,6727,UPI,138.33,Paid
6728,6728,Credit Card,130.99,Paid
6729,6729,UPI,253.84,Paid
6730,6730,UPI,250.24,Paid
6731,6731,Debit Card,0,Cancelled
6732,6732,UPI,299.72,Paid
6733,6733,Cash,170.08,Paid
6734,6734,Debit Card,330.67,Paid
6735,6735,Debit Card,186.37,Paid
6736,6736,Cash,190.38,Paid
6737,6737,Cash,307.98,Paid
6738,6738,Credit Card,263.04,Paid
6739,6739,UPI,0,Cancelled
6740,6740,Credit Card,144.28,Paid
6741,6741,UPI,0,Cancelled
6742,6742,UPI,305.57,Paid
6743,6743,Credit Card,189.65,Paid
6744,6744,Credit Card,0,Refunded
6745,6745,Credit Card,0,Cancelled
6746,6746,Cash,302.82,Paid
6747,6747,Credit Card,181.39,Paid
6748,6748,Wallet,106.96,Paid
6749,6749,UPI,316.71,Paid
6750,6750,UPI,140.78,Paid
6751,6751,UPI,103,Paid
6752,6752,Credit Card,0,Refunded
6753,6753,UPI,238.65,Paid
6754,6754,Debit Card,134.76,Paid
6755,6755,UPI,0,Refunded
6756,6756,Debit Card,172.17,Paid
6757,6757,UPI,218.59,Paid
6758,6758,UPI,96.06,Paid
6759,6759,Wallet,433.12,Paid
6760,6760,UPI,180.03,Paid
6761,6761,Cash,379.73,Paid
6762,6762,UPI,134.05,Paid
6763,6763,UPI,200.96,Paid
6764,6764,Cash,137.77,Paid
6765,6765,Credit Card,177.18,Paid
6766,6766,Credit Card,0,Cancelled
6767,6767,Debit Card,291.41,Paid
6768,6768,Credit Card,162.65,Paid
6769,6769,Debit Card,211.04,Paid
6770,6770,Credit Card,185.33,Paid
6771,6771,UPI,170.53,Paid
6772,6772,Credit Card,216.56,Paid
6773,6773,UPI,0,Refunded
6774,6774,Credit Card,215.25,Paid
6775,6775,UPI,112.41,Paid
6776,6776,UPI,0,Refunded
6777,6777,Debit Card,155.03,Paid
6778,6778,UPI,166.92,Paid
6779,6779,UPI,113.32,Paid
6780,6780,Cash,386.74,Paid
6781,6781,Cash,0,Refunded
6782,6782,Cash,217.64,Paid
6783,6783,Debit Card,0,Cancelled
6784,6784,Cash,253.51,Paid
6785,6785,UPI,229.55,Paid
6786,6786,UPI,200,Paid
6787,6787,Debit Card,245.05,Paid
6788,6788,UPI,376.01,Paid
6789,6789,UPI,453.92,Paid
6790,6790,Credit Card,0,Cancelled
6791,6791,UPI,150.14,Paid
6792,6792,Credit Card,231.73,Paid
6793,6793,Cash,99.18,Paid
6794,6794,Debit Card,395.08,Paid
6795,6795,Credit Card,221.63,Paid
6796,6796,Credit Card,465.46,Paid
6797,6797,UPI,149.05,Paid
6798,6798,Debit Card,0,Refunded
6799,6799,Wallet,335.13,Paid
6800,6800,Credit Card,235.41,Paid
6801,6801,Cash,233.32,Paid
6802,6802,UPI,127.74,Paid
6803,6803,UPI,155.12,Paid
6804,6804,UPI,142.74,Paid
6805,6805,Credit Card,176.48,Paid
6806,6806,UPI,0,Cancelled
6807,6807,Cash,153.12,Paid
6808,6808,Debit Card,113.17,Paid
6809,6809,Credit Card,320.3,Paid
6810,6810,UPI,0,Cancelled
6811,6811,UPI,292.39,Paid
6812,6812,Debit Card,0,Refunded
6813,6813,UPI,0,Failed
6814,6814,Debit Card,89.04,Paid
6815,6815,Cash,0,Failed
6816,6816,Cash,211.55,Paid
6817,6817,UPI,194.31,Paid
6818,6818,Cash,146.6,Paid
6819,6819,UPI,278.23,Paid
6820,6820,Credit Card,120.34,Paid
6821,6821,Credit Card,282.59,Paid
6822,6822,UPI,216.68,Paid
6823,6823,Credit Card,0,Refunded
6824,6824,Cash,90.87,Paid
6825,6825,Debit Card,503.45,Paid
6826,6826,UPI,0,Refunded
6827,6827,Cash,256.65,Paid
6828,6828,Debit Card,228.33,Paid
6829,6829,UPI,115.56,Paid
6830,6830,Debit Card,258.49,Paid
6831,6831,UPI,229.94,Paid
6832,6832,Credit Card,411.09,Paid
6833,6833,Wallet,170.54,Paid
6834,6834,Credit Card,144.07,Paid
6835,6835,UPI,175.27,Paid
6836,6836,Wallet,120.74,Paid
6837,6837,Cash,149.83,Paid
6838,6838,UPI,141.37,Paid
6839,6839,UPI,0,Cancelled
6840,6840,Wallet,0,Refunded
6841,6841,UPI,0,Refunded
6842,6842,Debit Card,204.19,Paid
6843,6843,Wallet,0,Refunded
6844,6844,UPI,219.81,Paid
6845,6845,Wallet,322.04,Paid
6846,6846,Credit Card,124.89,Paid
6847,6847,UPI,0,Cancelled
6848,6848,UPI,152.33,Paid
6849,6849,Credit Card,142.21,Paid
6850,6850,Debit Card,113.86,Paid
6851,6851,Credit Card,196.6,Paid
6852,6852,Credit Card,552.06,Paid
6853,6853,Credit Card,74.72,Paid
6854,6854,Credit Card,165.57,Paid
6855,6855,UPI,335.35,Paid
6856,6856,Credit Card,145.25,Paid
6857,6857,Cash,137.24,Paid
6858,6858,UPI,217.67,Paid
6859,6859,Wallet,162.83,Paid
6860,6860,Wallet,180.81,Paid
6861,6861,UPI,476.72,Paid
6862,6862,Credit Card,220.55,Paid
6863,6863,Credit Card,0,Refunded
6864,6864,Cash,231.13,Paid
6865,6865,UPI,130.1,Paid
6866,6866,UPI,375.86,Paid
6867,6867,Debit Card,112.65,Paid
6868,6868,UPI,0,Refunded
6869,6869,Cash,450.58,Paid
6870,6870,Cash,117.68,Paid
6871,6871,UPI,0,Refunded
6872,6872,UPI,133.79,Paid
6873,6873,Credit Card,240.87,Paid
6874,6874,Credit Card,182.85,Paid
6875,6875,Credit Card,212.57,Paid
6876,6876,UPI,0,Cancelled
6877,6877,UPI,120.86,Paid
6878,6878,Cash,0,Cancelled
6879,6879,Debit Card,0,Refunded
6880,6880,UPI,154.94,Paid
6881,6881,UPI,229.63,Paid
6882,6882,Cash,207.55,Paid
6883,6883,UPI,300.21,Paid
6884,6884,UPI,404.66,Paid
6885,6885,Wallet,174.82,Paid
6886,6886,Cash,237.02,Paid
6887,6887,UPI,0,Cancelled
6888,6888,Debit Card,97.91,Paid
6889,6889,Credit Card,171.65,Paid
6890,6890,Credit Card,0,Refunded
6891,6891,UPI,165.83,Paid
6892,6892,Debit Card,187.73,Paid
6893,6893,Cash,168.22,Paid
6894,6894,Debit Card,132.41,Paid
6895,6895,Wallet,368.17,Paid
6896,6896,UPI,271.67,Paid
6897,6897,Wallet,233.19,Paid
6898,6898,Cash,0,Refunded
6899,6899,UPI,141.12,Paid
6900,6900,UPI,257.37,Paid
6901,6901,UPI,152.4,Paid
6902,6902,UPI,163.93,Paid
6903,6903,Cash,146.24,Paid
6904,6904,UPI,0,Cancelled
6905,6905,Credit Card,339.07,Paid
6906,6906,UPI,101.9,Paid
6907,6907,Credit Card,169.95,Paid
6908,6908,UPI,426.88,Paid
6909,6909,Cash,168.28,Paid
6910,6910,Credit Card,124.1,Paid
6911,6911,Credit Card,159.85,Paid
6912,6912,UPI,181.27,Paid
6913,6913,UPI,186.06,Paid
6914,6914,Debit Card,209.64,Paid
6915,6915,UPI,284.96,Paid
6916,6916,Credit Card,0,Refunded
6917,6917,Wallet,190.41,Paid
6918,6918,UPI,203.99,Paid
6919,6919,UPI,287.1,Paid
6920,6920,UPI,179.23,Paid
6921,6921,UPI,156.82,Paid
6922,6922,Wallet,239.13,Paid
6923,6923,Debit Card,201.89,Paid
6924,6924,Credit Card,234.65,Paid
6925,6925,UPI,0,Refunded
6926,6926,Cash,213.14,Paid
6927,6927,UPI,277.5,Paid
6928,6928,UPI,137.91,Paid
6929,6929,UPI,0,Cancelled
6930,6930,UPI,210.38,Paid
6931,6931,Credit Card,193.27,Paid
6932,6932,UPI,0,Failed
6933,6933,Credit Card,261.94,Paid
6934,6934,Debit Card,153.76,Paid
6935,6935,Credit Card,187.27,Paid
6936,6936,Credit Card,0,Refunded
6937,6937,UPI,0,Refunded
6938,6938,Debit Card,0,Cancelled
6939,6939,Wallet,252.57,Paid
6940,6940,UPI,0,Refunded
6941,6941,Credit Card,127.22,Paid
6942,6942,Wallet,161.73,Paid
6943,6943,UPI,294.21,Paid
6944,6944,UPI,232.83,Paid
6945,6945,UPI,181.36,Paid
6946,6946,Credit Card,172.67,Paid
6947,6947,UPI,0,Refunded
6948,6948,UPI,347.9,Paid
6949,6949,Credit Card,180.82,Paid
6950,6950,UPI,0,Cancelled
6951,6951,UPI,255.61,Paid
6952,6952,UPI,294.56,Paid
6953,6953,Credit Card,146.93,Paid
6954,6954,Wallet,225.45,Paid
6955,6955,Wallet,177.58,Paid
6956,6956,UPI,175.51,Paid
6957,6957,Debit Card,0,Cancelled
6958,6958,Cash,176.55,Paid
6959,6959,Credit Card,246.98,Paid
6960,6960,Debit Card,159,Paid
6961,6961,UPI,97.6,Paid
6962,6962,Credit Card,288.62,Paid
6963,6963,Credit Card,0,Refunded
6964,6964,UPI,283.74,Paid
6965,6965,UPI,214.44,Paid
6966,6966,UPI,0,Failed
6967,6967,Cash,297.46,Paid
6968,6968,Cash,172.32,Paid
6969,6969,Cash,257.6,Paid
6970,6970,UPI,243.06,Paid
6971,6971,Cash,0,Cancelled
6972,6972,UPI,300.51,Paid
6973,6973,Cash,278.48,Paid
6974,6974,UPI,95.49,Paid
6975,6975,Debit Card,0,Refunded
6976,6976,Debit Card,0,Refunded
6977,6977,UPI,100.42,Paid
6978,6978,UPI,169.65,Paid
6979,6979,Credit Card,173.23,Paid
6980,6980,Credit Card,121.32,Paid
6981,6981,Cash,0,Refunded
6982,6982,Credit Card,0,Cancelled
6983,6983,UPI,0,Failed
6984,6984,Debit Card,194.58,Paid
6985,6985,Wallet,0,Refunded
6986,6986,Debit Card,0,Cancelled
6987,6987,Credit Card,218.69,Paid
6988,6988,Cash,167.36,Paid
6989,6989,Credit Card,441.83,Paid
6990,6990,UPI,283.86,Paid
6991,6991,UPI,0,Cancelled
6992,6992,UPI,173.51,Paid
6993,6993,Debit Card,429.28,Paid
6994,6994,Debit Card,0,Refunded
6995,6995,Credit Card,118.7,Paid
6996,6996,Credit Card,0,Failed
6997,6997,Debit Card,197.02,Paid
6998,6998,Wallet,412.14,Paid
6999,6999,UPI,104.84,Paid
7000,7000,Credit Card,387.5,Paid
7001,7001,Cash,352.24,Paid
7002,7002,UPI,0,Cancelled
7003,7003,UPI,398.92,Paid
7004,7004,Cash,278.44,Paid
7005,7005,Wallet,101.65,Paid
7006,7006,Debit Card,121.25,Paid
7007,7007,Credit Card,0,Refunded
7008,7008,Credit Card,108.37,Paid
7009,7009,Debit Card,129.7,Paid
7010,7010,Wallet,143.11,Paid
7011,7011,UPI,159.93,Paid
7012,7012,UPI,208.33,Paid
7013,7013,Wallet,225.5,Paid
7014,7014,Credit Card,102,Paid
7015,7015,UPI,0,Refunded
7016,7016,Cash,0,Cancelled
7017,7017,UPI,0,Refunded
7018,7018,Credit Card,0,Cancelled
7019,7019,Debit Card,0,Refunded
7020,7020,Cash,222.33,Paid
7021,7021,UPI,205.15,Paid
7022,7022,Debit Card,108.45,Paid
7023,7023,Cash,0,Cancelled
7024,7024,Credit Card,123.62,Paid
7025,7025,UPI,155.16,Paid
7026,7026,Debit Card,312.46,Paid
7027,7027,Cash,86.59,Paid
7028,7028,Wallet,150.01,Paid
7029,7029,Debit Card,134.82,Paid
7030,7030,UPI,105.75,Paid
7031,7031,UPI,274.37,Paid
7032,7032,UPI,346.32,Paid
7033,7033,UPI,369.53,Paid
7034,7034,UPI,146.3,Paid
7035,7035,UPI,107.29,Paid
7036,7036,UPI,118.23,Paid
7037,7037,Credit Card,206.43,Paid
7038,7038,UPI,118.22,Paid
7039,7039,Wallet,0,Failed
7040,7040,UPI,312.16,Paid
7041,7041,Credit Card,377.39,Paid
7042,7042,Wallet,0,Cancelled
7043,7043,Debit Card,180.15,Paid
7044,7044,Cash,121.92,Paid
7045,7045,Wallet,106.12,Paid
7046,7046,Cash,0,Refunded
7047,7047,Cash,123.56,Paid
7048,7048,Cash,220.61,Paid
7049,7049,Credit Card,84.82,Paid
7050,7050,UPI,365.09,Paid
7051,7051,Cash,226.72,Paid
7052,7052,Cash,405.67,Paid
7053,7053,Credit Card,225.41,Paid
7054,7054,Debit Card,183.92,Paid
7055,7055,Cash,152.7,Paid
7056,7056,Credit Card,117.51,Paid
7057,7057,Credit Card,273.11,Paid
7058,7058,Cash,173.24,Paid
7059,7059,Credit Card,246.58,Paid
7060,7060,Cash,182.85,Paid
7061,7061,Cash,287.07,Paid
7062,7062,UPI,252.07,Paid
7063,7063,Wallet,200.17,Paid
7064,7064,Cash,224.49,Paid
7065,7065,Debit Card,146.83,Paid
7066,7066,UPI,0,Failed
7067,7067,UPI,83.82,Paid
7068,7068,UPI,84.38,Paid
7069,7069,UPI,139.76,Paid
7070,7070,Cash,0,Cancelled
7071,7071,Debit Card,0,Failed
7072,7072,UPI,219.4,Paid
7073,7073,UPI,161.42,Paid
7074,7074,UPI,267.47,Paid
7075,7075,UPI,202.58,Paid
7076,7076,Credit Card,281.73,Paid
7077,7077,UPI,0,Cancelled
7078,7078,UPI,145.82,Paid
7079,7079,UPI,95.83,Paid
7080,7080,Credit Card,242.21,Paid
7081,7081,Debit Card,157.13,Paid
7082,7082,Debit Card,114.41,Paid
7083,7083,Credit Card,215.19,Paid
7084,7084,Wallet,159.37,Paid
7085,7085,Debit Card,154.84,Paid
7086,7086,Credit Card,104.23,Paid
7087,7087,Credit Card,0,Cancelled
7088,7088,Credit Card,120.37,Paid
7089,7089,UPI,233.19,Paid
7090,7090,Cash,162.99,Paid
7091,7091,Credit Card,144.94,Paid
7092,7092,Credit Card,0,Cancelled
7093,7093,UPI,0,Cancelled
7094,7094,UPI,201.48,Paid
7095,7095,Wallet,252.58,Paid
7096,7096,UPI,122.02,Paid
7097,7097,UPI,0,Failed
7098,7098,Credit Card,115.08,Paid
7099,7099,UPI,249.49,Paid
7100,7100,UPI,87.99,Paid
7101,7101,Wallet,0,Cancelled
7102,7102,Credit Card,186.17,Paid
7103,7103,Credit Card,183.5,Paid
7104,7104,Credit Card,372.95,Paid
7105,7105,Debit Card,0,Refunded
7106,7106,Debit Card,146.62,Paid
7107,7107,Credit Card,0,Refunded
7108,7108,UPI,137.57,Paid
7109,7109,UPI,259.39,Paid
7110,7110,Credit Card,0,Refunded
7111,7111,Debit Card,0,Cancelled
7112,7112,UPI,136.6,Paid
7113,7113,Cash,74.1,Paid
7114,7114,Cash,155.91,Paid
7115,7115,UPI,221,Paid
7116,7116,UPI,140.06,Paid
7117,7117,UPI,215.71,Paid
7118,7118,UPI,130.62,Paid
7119,7119,UPI,177.02,Paid
7120,7120,UPI,163.56,Paid
7121,7121,Cash,120.32,Paid
7122,7122,UPI,212.97,Paid
7123,7123,Debit Card,86.75,Paid
7124,7124,UPI,356.5,Paid
7125,7125,Credit Card,217.56,Paid
7126,7126,Cash,151.94,Paid
7127,7127,UPI,184.79,Paid
7128,7128,UPI,115.98,Paid
7129,7129,Debit Card,163.47,Paid
7130,7130,UPI,446.22,Paid
7131,7131,UPI,259.29,Paid
7132,7132,Wallet,71.93,Paid
7133,7133,UPI,0,Cancelled
7134,7134,Cash,215.14,Paid
7135,7135,UPI,0,Cancelled
7136,7136,Credit Card,129.1,Paid
7137,7137,Cash,189.77,Paid
7138,7138,UPI,166.22,Paid
7139,7139,Debit Card,258.04,Paid
7140,7140,UPI,0,Refunded
7141,7141,UPI,209.97,Paid
7142,7142,UPI,505.35,Paid
7143,7143,UPI,252.05,Paid
7144,7144,UPI,310.61,Paid
7145,7145,Debit Card,0,Refunded
7146,7146,UPI,213.26,Paid
7147,7147,Credit Card,0,Refunded
7148,7148,Credit Card,0,Cancelled
7149,7149,UPI,222.53,Paid
7150,7150,UPI,180.7,Paid
7151,7151,UPI,272.89,Paid
7152,7152,Credit Card,100.41,Paid
7153,7153,UPI,0,Cancelled
7154,7154,UPI,92.78,Paid
7155,7155,Wallet,247.62,Paid
7156,7156,Wallet,0,Failed
7157,7157,UPI,157.87,Paid
7158,7158,Debit Card,383.61,Paid
7159,7159,UPI,175.63,Paid
7160,7160,Cash,0,Cancelled
7161,7161,UPI,144,Paid
7162,7162,Debit Card,282.21,Paid
7163,7163,Debit Card,208.72,Paid
7164,7164,UPI,138.9,Paid
7165,7165,UPI,327.62,Paid
7166,7166,Credit Card,150.85,Paid
7167,7167,UPI,81.62,Paid
7168,7168,Wallet,0,Cancelled
7169,7169,Credit Card,101.78,Paid
7170,7170,UPI,199.63,Paid
7171,7171,UPI,0,Refunded
7172,7172,UPI,168.57,Paid
7173,7173,Debit Card,0,Cancelled
7174,7174,Wallet,159.78,Paid
7175,7175,Credit Card,259.93,Paid
7176,7176,Debit Card,263.1,Paid
7177,7177,Credit Card,507.78,Paid
7178,7178,UPI,163.45,Paid
7179,7179,UPI,358.96,Paid
7180,7180,Cash,235.9,Paid
7181,7181,Debit Card,97.86,Paid
7182,7182,Cash,228.14,Paid
7183,7183,UPI,143.13,Paid
7184,7184,UPI,112.69,Paid
7185,7185,UPI,104.83,Paid
7186,7186,UPI,126.3,Paid
7187,7187,Cash,101.16,Paid
7188,7188,Cash,126.22,Paid
7189,7189,Credit Card,181.02,Paid
7190,7190,UPI,464.87,Paid
7191,7191,Wallet,0,Refunded
7192,7192,UPI,204.11,Paid
7193,7193,Debit Card,149.84,Paid
7194,7194,UPI,0,Refunded
7195,7195,UPI,371.13,Paid
7196,7196,Cash,99.45,Paid
7197,7197,UPI,162.77,Paid
7198,7198,Credit Card,101.11,Paid
7199,7199,UPI,169.92,Paid
7200,7200,UPI,202.04,Paid
7201,7201,Wallet,205.15,Paid
7202,7202,Credit Card,107.38,Paid
7203,7203,Credit Card,193.35,Paid
7204,7204,Debit Card,331.51,Paid
7205,7205,Debit Card,162.58,Paid
7206,7206,UPI,394.72,Paid
7207,7207,UPI,286.79,Paid
7208,7208,UPI,262.25,Paid
7209,7209,Wallet,0,Cancelled
7210,7210,UPI,198.66,Paid
7211,7211,Credit Card,281.33,Paid
7212,7212,Credit Card,185.78,Paid
7213,7213,Cash,213.25,Paid
7214,7214,UPI,201.64,Paid
7215,7215,UPI,216.19,Paid
7216,7216,Debit Card,154.09,Paid
7217,7217,Wallet,0,Cancelled
7218,7218,Wallet,353.73,Paid
7219,7219,UPI,0,Refunded
7220,7220,UPI,138.05,Paid
7221,7221,Credit Card,229.47,Paid
7222,7222,UPI,0,Failed
7223,7223,Credit Card,107.73,Paid
7224,7224,Wallet,0,Cancelled
7225,7225,Cash,118.83,Paid
7226,7226,UPI,153.88,Paid
7227,7227,UPI,198.34,Paid
7228,7228,UPI,228.87,Paid
7229,7229,UPI,153.75,Paid
7230,7230,UPI,140.19,Paid
7231,7231,Debit Card,215.47,Paid
7232,7232,UPI,243.17,Paid
7233,7233,UPI,101.01,Paid
7234,7234,UPI,671.91,Paid
7235,7235,Cash,689.39,Paid
7236,7236,Cash,302.26,Paid
7237,7237,UPI,203.6,Paid
7238,7238,Credit Card,0,Cancelled
7239,7239,Credit Card,228.32,Paid
7240,7240,UPI,125.68,Paid
7241,7241,UPI,205.05,Paid
7242,7242,Credit Card,0,Refunded
7243,7243,Credit Card,129.01,Paid
7244,7244,UPI,253.28,Paid
7245,7245,Cash,109.39,Paid
7246,7246,UPI,284.21,Paid
7247,7247,Wallet,264.45,Paid
7248,7248,Debit Card,0,Cancelled
7249,7249,Cash,0,Cancelled
7250,7250,Credit Card,159.49,Paid
7251,7251,UPI,147.14,Paid
7252,7252,Credit Card,0,Cancelled
7253,7253,Credit Card,85.65,Paid
7254,7254,UPI,145.95,Paid
7255,7255,Wallet,139.48,Paid
7256,7256,UPI,154.68,Paid
7257,7257,UPI,178.21,Paid
7258,7258,Credit Card,0,Cancelled
7259,7259,UPI,373.11,Paid
7260,7260,Cash,154.81,Paid
7261,7261,UPI,122.58,Paid
7262,7262,UPI,237.68,Paid
7263,7263,Debit Card,277.09,Paid
7264,7264,UPI,167.68,Paid
7265,7265,Credit Card,89.9,Paid
7266,7266,Credit Card,0,Failed
7267,7267,Wallet,398.05,Paid
7268,7268,UPI,0,Refunded
7269,7269,UPI,265.51,Paid
7270,7270,UPI,175.93,Paid
7271,7271,UPI,105.76,Paid
7272,7272,UPI,235.59,Paid
7273,7273,Debit Card,279.17,Paid
7274,7274,Debit Card,205.96,Paid
7275,7275,Debit Card,199.22,Paid
7276,7276,Credit Card,193.98,Paid
7277,7277,Debit Card,335.69,Paid
7278,7278,UPI,244.9,Paid
7279,7279,Credit Card,209.99,Paid
7280,7280,Debit Card,183.61,Paid
7281,7281,Credit Card,97.6,Paid
7282,7282,Debit Card,112.93,Paid
7283,7283,UPI,168.12,Paid
7284,7284,Credit Card,280.73,Paid
7285,7285,Cash,344.41,Paid
7286,7286,UPI,0,Refunded
7287,7287,Cash,223.58,Paid
7288,7288,Wallet,0,Cancelled
7289,7289,UPI,149.32,Paid
7290,7290,UPI,0,Cancelled
7291,7291,UPI,232.45,Paid
7292,7292,Credit Card,0,Cancelled
7293,7293,Debit Card,162.89,Paid
7294,7294,UPI,156.5,Paid
7295,7295,Debit Card,168.43,Paid
7296,7296,UPI,195.69,Paid
7297,7297,UPI,0,Cancelled
7298,7298,Credit Card,73.13,Paid
7299,7299,UPI,0,Cancelled
7300,7300,UPI,122.75,Paid
7301,7301,Credit Card,233.46,Paid
7302,7302,Debit Card,73.63,Paid
7303,7303,Cash,0,Cancelled
7304,7304,Wallet,264.95,Paid
7305,7305,Credit Card,170.51,Paid
7306,7306,Credit Card,236.02,Paid
7307,7307,Debit Card,208,Paid
7308,7308,Wallet,0,Refunded
7309,7309,UPI,342.82,Paid
7310,7310,UPI,188.79,Paid
7311,7311,Credit Card,101.57,Paid
7312,7312,UPI,0,Cancelled
7313,7313,Credit Card,329.31,Paid
7314,7314,Debit Card,127.34,Paid
7315,7315,Debit Card,304.68,Paid
7316,7316,Cash,226.95,Paid
7317,7317,Wallet,181.43,Paid
7318,7318,Cash,284.9,Paid
7319,7319,UPI,0,Cancelled
7320,7320,UPI,0,Refunded
7321,7321,UPI,95.05,Paid
7322,7322,UPI,180.11,Paid
7323,7323,Debit Card,378.06,Paid
7324,7324,UPI,256.99,Paid
7325,7325,UPI,213.35,Paid
7326,7326,Debit Card,120.37,Paid
7327,7327,Credit Card,228.54,Paid
7328,7328,UPI,300.28,Paid
7329,7329,Debit Card,0,Refunded
7330,7330,UPI,152.85,Paid
7331,7331,Credit Card,142.04,Paid
7332,7332,Credit Card,140.86,Paid
7333,7333,Credit Card,288.07,Paid
7334,7334,UPI,320.07,Paid
7335,7335,Credit Card,130.7,Paid
7336,7336,UPI,0,Refunded
7337,7337,Cash,214.59,Paid
7338,7338,UPI,168.22,Paid
7339,7339,Credit Card,253.56,Paid
7340,7340,Wallet,0,Cancelled
7341,7341,UPI,176.99,Paid
7342,7342,Debit Card,131.27,Paid
7343,7343,UPI,321.61,Paid
7344,7344,Cash,99.69,Paid
7345,7345,UPI,0,Cancelled
7346,7346,Cash,155.52,Paid
7347,7347,Cash,248.25,Paid
7348,7348,UPI,204.65,Paid
7349,7349,UPI,149.04,Paid
7350,7350,Cash,0,Refunded
7351,7351,UPI,176.9,Paid
7352,7352,UPI,262.01,Paid
7353,7353,UPI,0,Refunded
7354,7354,UPI,242.23,Paid
7355,7355,Debit Card,510.68,Paid
7356,7356,Credit Card,385.36,Paid
7357,7357,Debit Card,175.81,Paid
7358,7358,UPI,223.9,Paid
7359,7359,Credit Card,124.53,Paid
7360,7360,UPI,219.51,Paid
7361,7361,Credit Card,0,Refunded
7362,7362,Credit Card,109.24,Paid
7363,7363,Cash,214.86,Paid
7364,7364,Wallet,167.84,Paid
7365,7365,Cash,0,Cancelled
7366,7366,Wallet,143.47,Paid
7367,7367,UPI,0,Cancelled
7368,7368,Cash,314.45,Paid
7369,7369,UPI,0,Cancelled
7370,7370,Credit Card,178.65,Paid
7371,7371,UPI,102.7,Paid
7372,7372,Debit Card,239.46,Paid
7373,7373,UPI,0,Failed
7374,7374,UPI,127.36,Paid
7375,7375,Credit Card,118.85,Paid
7376,7376,UPI,142.04,Paid
7377,7377,Credit Card,0,Failed
7378,7378,Cash,189.93,Paid
7379,7379,Credit Card,133.54,Paid
7380,7380,Credit Card,72.75,Paid
7381,7381,Wallet,255.35,Paid
7382,7382,UPI,0,Cancelled
7383,7383,Cash,0,Cancelled
7384,7384,Credit Card,185.82,Paid
7385,7385,Debit Card,113.88,Paid
7386,7386,UPI,0,Refunded
7387,7387,Credit Card,0,Refunded
7388,7388,Cash,135.64,Paid
7389,7389,Credit Card,180.76,Paid
7390,7390,Debit Card,258.67,Paid
7391,7391,Credit Card,84.98,Paid
7392,7392,UPI,178.25,Paid
7393,7393,Debit Card,175.24,Paid
7394,7394,Debit Card,186.49,Paid
7395,7395,Credit Card,128.95,Paid
7396,7396,UPI,116.69,Paid
7397,7397,Debit Card,164.72,Paid
7398,7398,Debit Card,143.22,Paid
7399,7399,UPI,125.78,Paid
7400,7400,UPI,171.71,Paid
7401,7401,Wallet,115.26,Paid
7402,7402,Wallet,0,Cancelled
7403,7403,UPI,192.04,Paid
7404,7404,Wallet,182.4,Paid
7405,7405,Credit Card,0,Cancelled
7406,7406,UPI,311.6,Paid
7407,7407,UPI,0,Refunded
7408,7408,UPI,202.9,Paid
7409,7409,Cash,249.93,Paid
7410,7410,Debit Card,282.95,Paid
7411,7411,Cash,153.1,Paid
7412,7412,Credit Card,135.24,Paid
7413,7413,Credit Card,0,Refunded
7414,7414,UPI,0,Refunded
7415,7415,UPI,194.81,Paid
7416,7416,Credit Card,164.56,Paid
7417,7417,Debit Card,109.99,Paid
7418,7418,Credit Card,297.4,Paid
7419,7419,Credit Card,225.34,Paid
7420,7420,Cash,240.01,Paid
7421,7421,Credit Card,234.91,Paid
7422,7422,UPI,254.69,Paid
7423,7423,Credit Card,92.07,Paid
7424,7424,Debit Card,225.22,Paid
7425,7425,Cash,126.08,Paid
7426,7426,Credit Card,162.47,Paid
7427,7427,Cash,0,Refunded
7428,7428,Wallet,170.34,Paid
7429,7429,UPI,193.43,Paid
7430,7430,Debit Card,105.4,Paid
7431,7431,Wallet,321.21,Paid
7432,7432,Credit Card,599.02,Paid
7433,7433,UPI,386.33,Paid
7434,7434,Credit Card,223.42,Paid
7435,7435,Cash,0,Cancelled
7436,7436,Cash,253.88,Paid
7437,7437,Credit Card,232.15,Paid
7438,7438,Wallet,149.69,Paid
7439,7439,Debit Card,0,Cancelled
7440,7440,UPI,125.16,Paid
7441,7441,UPI,132.25,Paid
7442,7442,Credit Card,151.35,Paid
7443,7443,Debit Card,328.28,Paid
7444,7444,Debit Card,166.44,Paid
7445,7445,Credit Card,196.56,Paid
7446,7446,UPI,453.74,Paid
7447,7447,Credit Card,0,Refunded
7448,7448,UPI,250.98,Paid
7449,7449,UPI,227.92,Paid
7450,7450,UPI,64.21,Paid
7451,7451,UPI,219.95,Paid
7452,7452,UPI,0,Cancelled
7453,7453,Wallet,193.51,Paid
7454,7454,Wallet,133.58,Paid
7455,7455,UPI,0,Refunded
7456,7456,UPI,360.65,Paid
7457,7457,Credit Card,133.82,Paid
7458,7458,Wallet,180.56,Paid
7459,7459,Debit Card,0,Refunded
7460,7460,Debit Card,0,Refunded
7461,7461,UPI,197.03,Paid
7462,7462,Debit Card,455.93,Paid
7463,7463,Credit Card,0,Cancelled
7464,7464,Debit Card,128.93,Paid
7465,7465,Cash,0,Failed
7466,7466,Debit Card,120.06,Paid
7467,7467,UPI,238.02,Paid
7468,7468,Credit Card,122.21,Paid
7469,7469,Debit Card,306.75,Paid
7470,7470,Cash,194.79,Paid
7471,7471,UPI,0,Failed
7472,7472,Credit Card,126.51,Paid
7473,7473,Wallet,0,Refunded
7474,7474,Debit Card,233.29,Paid
7475,7475,Credit Card,173.3,Paid
7476,7476,Debit Card,0,Refunded
7477,7477,Credit Card,137.14,Paid
7478,7478,UPI,247.85,Paid
7479,7479,UPI,135.05,Paid
7480,7480,Cash,133.88,Paid
7481,7481,Credit Card,292.64,Paid
7482,7482,Credit Card,0,Cancelled
7483,7483,UPI,0,Refunded
7484,7484,UPI,210.97,Paid
7485,7485,UPI,446.64,Paid
7486,7486,Wallet,161.52,Paid
7487,7487,Wallet,196.42,Paid
7488,7488,Debit Card,107.92,Paid
7489,7489,UPI,0,Cancelled
7490,7490,Credit Card,200.15,Paid
7491,7491,Credit Card,135.42,Paid
7492,7492,Wallet,0,Cancelled
7493,7493,UPI,169.05,Paid
7494,7494,Debit Card,0,Failed
7495,7495,Wallet,195.4,Paid
7496,7496,Wallet,357.54,Paid
7497,7497,UPI,0,Failed
7498,7498,UPI,183.34,Paid
7499,7499,UPI,0,Failed
7500,7500,UPI,0,Refunded
7501,7501,UPI,241.07,Paid
7502,7502,Wallet,313.3,Paid
7503,7503,Wallet,244,Paid
7504,7504,UPI,0,Refunded
7505,7505,UPI,381.45,Paid
7506,7506,Debit Card,268.18,Paid
7507,7507,Cash,118.8,Paid
7508,7508,Debit Card,218.67,Paid
7509,7509,UPI,0,Cancelled
7510,7510,Credit Card,0,Refunded
7511,7511,Debit Card,0,Refunded
7512,7512,Cash,127.95,Paid
7513,7513,Debit Card,290.62,Paid
7514,7514,UPI,173.53,Paid
7515,7515,UPI,323.77,Paid
7516,7516,Cash,159.63,Paid
7517,7517,Credit Card,0,Failed
7518,7518,UPI,0,Cancelled
7519,7519,Cash,0,Refunded
7520,7520,Cash,0,Cancelled
7521,7521,Credit Card,0,Cancelled
7522,7522,Cash,163.74,Paid
7523,7523,UPI,0,Refunded
7524,7524,Cash,124.54,Paid
7525,7525,Wallet,142.86,Paid
7526,7526,UPI,110.95,Paid
7527,7527,Cash,195.41,Paid
7528,7528,Debit Card,308.32,Paid
7529,7529,Cash,174.56,Paid
7530,7530,UPI,235.2,Paid
7531,7531,Wallet,0,Refunded
7532,7532,Cash,0,Refunded
7533,7533,UPI,293.27,Paid
7534,7534,Debit Card,194.57,Paid
7535,7535,Credit Card,271.17,Paid
7536,7536,UPI,175.64,Paid
7537,7537,UPI,178.49,Paid
7538,7538,Wallet,0,Cancelled
7539,7539,UPI,145.72,Paid
7540,7540,Credit Card,118.23,Paid
7541,7541,Credit Card,161.84,Paid
7542,7542,UPI,125.95,Paid
7543,7543,Debit Card,176.37,Paid
7544,7544,Debit Card,530.16,Paid
7545,7545,UPI,0,Cancelled
7546,7546,Wallet,254.35,Paid
7547,7547,Wallet,123.5,Paid
7548,7548,Debit Card,139.05,Paid
7549,7549,Debit Card,196.88,Paid
7550,7550,UPI,145.43,Paid
7551,7551,Credit Card,384.64,Paid
7552,7552,UPI,188.56,Paid
7553,7553,Debit Card,230.84,Paid
7554,7554,Cash,253.22,Paid
7555,7555,UPI,75.3,Paid
7556,7556,UPI,124.88,Paid
7557,7557,Cash,126.13,Paid
7558,7558,Credit Card,310.47,Paid
7559,7559,Cash,161.49,Paid
7560,7560,UPI,193.85,Paid
7561,7561,UPI,179.54,Paid
7562,7562,UPI,111.57,Paid
7563,7563,UPI,181.99,Paid
7564,7564,Credit Card,106.49,Paid
7565,7565,Cash,0,Refunded
7566,7566,UPI,160.58,Paid
7567,7567,Debit Card,0,Refunded
7568,7568,Credit Card,0,Refunded
7569,7569,UPI,0,Refunded
7570,7570,UPI,296.27,Paid
7571,7571,UPI,249.33,Paid
7572,7572,Debit Card,225.69,Paid
7573,7573,UPI,125.95,Paid
7574,7574,Credit Card,442.12,Paid
7575,7575,UPI,0,Refunded
7576,7576,UPI,154.04,Paid
7577,7577,UPI,100.29,Paid
7578,7578,Credit Card,114.33,Paid
7579,7579,Cash,286.6,Paid
7580,7580,UPI,467.77,Paid
7581,7581,Cash,69.32,Paid
7582,7582,Cash,183.94,Paid
7583,7583,UPI,185.05,Paid
7584,7584,Cash,0,Cancelled
7585,7585,Cash,0,Cancelled
7586,7586,Debit Card,183.81,Paid
7587,7587,Cash,0,Cancelled
7588,7588,UPI,110.73,Paid
7589,7589,UPI,243.18,Paid
7590,7590,UPI,231,Paid
7591,7591,Debit Card,117.05,Paid
7592,7592,Debit Card,133.76,Paid
7593,7593,Cash,96.56,Paid
7594,7594,UPI,163.91,Paid
7595,7595,Credit Card,252.93,Paid
7596,7596,UPI,270.07,Paid
7597,7597,Wallet,202.92,Paid
7598,7598,UPI,151.95,Paid
7599,7599,Credit Card,0,Cancelled
7600,7600,Credit Card,105.52,Paid
7601,7601,UPI,160.28,Paid
7602,7602,UPI,190.13,Paid
7603,7603,Debit Card,216.78,Paid
7604,7604,UPI,221.27,Paid
7605,7605,Debit Card,244.84,Paid
7606,7606,Debit Card,103.03,Paid
7607,7607,Debit Card,290.11,Paid
7608,7608,UPI,148.22,Paid
7609,7609,Wallet,193.68,Paid
7610,7610,Debit Card,0,Failed
7611,7611,Credit Card,0,Cancelled
7612,7612,UPI,150.52,Paid
7613,7613,UPI,261.33,Paid
7614,7614,Debit Card,0,Cancelled
7615,7615,UPI,153.52,Paid
7616,7616,Cash,348.76,Paid
7617,7617,Wallet,142.53,Paid
7618,7618,UPI,119.2,Paid
7619,7619,Credit Card,0,Cancelled
7620,7620,UPI,236.34,Paid
7621,7621,UPI,173.34,Paid
7622,7622,Credit Card,0,Refunded
7623,7623,Debit Card,0,Refunded
7624,7624,Credit Card,266.85,Paid
7625,7625,Debit Card,150.1,Paid
7626,7626,Wallet,223.38,Paid
7627,7627,UPI,168.82,Paid
7628,7628,Credit Card,0,Failed
7629,7629,Debit Card,125.86,Paid
7630,7630,UPI,144.78,Paid
7631,7631,UPI,254.06,Paid
7632,7632,UPI,121.6,Paid
7633,7633,Credit Card,114.01,Paid
7634,7634,Credit Card,218.59,Paid
7635,7635,UPI,188.86,Paid
7636,7636,Credit Card,214.31,Paid
7637,7637,Wallet,0,Cancelled
7638,7638,Cash,253.23,Paid
7639,7639,UPI,226.51,Paid
7640,7640,Wallet,216.82,Paid
7641,7641,UPI,342.34,Paid
7642,7642,Credit Card,90.8,Paid
7643,7643,Debit Card,166.07,Paid
7644,7644,Credit Card,160.98,Paid
7645,7645,Cash,135.79,Paid
7646,7646,Credit Card,108.61,Paid
7647,7647,UPI,220.33,Paid
7648,7648,Credit Card,0,Cancelled
7649,7649,Wallet,92.21,Paid
7650,7650,Debit Card,0,Refunded
7651,7651,UPI,0,Cancelled
7652,7652,UPI,251.85,Paid
7653,7653,Credit Card,332.37,Paid
7654,7654,UPI,435.12,Paid
7655,7655,Credit Card,261.84,Paid
7656,7656,UPI,129.36,Paid
7657,7657,Cash,0,Refunded
7658,7658,UPI,181.77,Paid
7659,7659,Wallet,97.62,Paid
7660,7660,UPI,200.45,Paid
7661,7661,Credit Card,225.76,Paid
7662,7662,Credit Card,147,Paid
7663,7663,Debit Card,155.85,Paid
7664,7664,UPI,302.17,Paid
7665,7665,Credit Card,247.74,Paid
7666,7666,UPI,186.06,Paid
7667,7667,Debit Card,180.78,Paid
7668,7668,UPI,164.55,Paid
7669,7669,Wallet,116.62,Paid
7670,7670,Credit Card,0,Cancelled
7671,7671,Debit Card,0,Cancelled
7672,7672,UPI,263.83,Paid
7673,7673,Cash,192.72,Paid
7674,7674,UPI,262.01,Paid
7675,7675,UPI,226.64,Paid
7676,7676,Debit Card,0,Failed
7677,7677,UPI,162.49,Paid
7678,7678,UPI,117.54,Paid
7679,7679,UPI,180.9,Paid
7680,7680,UPI,239.61,Paid
7681,7681,Credit Card,141.75,Paid
7682,7682,Wallet,240.35,Paid
7683,7683,UPI,185.86,Paid
7684,7684,Debit Card,130.34,Paid
7685,7685,UPI,236.49,Paid
7686,7686,Debit Card,169.3,Paid
7687,7687,Credit Card,120.98,Paid
7688,7688,Debit Card,104.46,Paid
7689,7689,Credit Card,247.81,Paid
7690,7690,Debit Card,153.02,Paid
7691,7691,Credit Card,173.22,Paid
7692,7692,Debit Card,205.07,Paid
7693,7693,Credit Card,144.69,Paid
7694,7694,UPI,215.47,Paid
7695,7695,Debit Card,171.42,Paid
7696,7696,Credit Card,220.52,Paid
7697,7697,UPI,259.2,Paid
7698,7698,Wallet,78.85,Paid
7699,7699,UPI,87.9,Paid
7700,7700,Debit Card,161.4,Paid
7701,7701,UPI,116.64,Paid
7702,7702,UPI,0,Cancelled
7703,7703,Cash,183.8,Paid
7704,7704,Debit Card,152.26,Paid
7705,7705,UPI,180.3,Paid
7706,7706,Debit Card,263.49,Paid
7707,7707,UPI,98.97,Paid
7708,7708,UPI,148.38,Paid
7709,7709,UPI,81.13,Paid
7710,7710,Wallet,423.35,Paid
7711,7711,UPI,0,Cancelled
7712,7712,Credit Card,117.22,Paid
7713,7713,Debit Card,0,Cancelled
7714,7714,UPI,132.37,Paid
7715,7715,Wallet,167.05,Paid
7716,7716,Credit Card,215.02,Paid
7717,7717,Cash,112.5,Paid
7718,7718,Credit Card,158.53,Paid
7719,7719,Cash,230.91,Paid
7720,7720,Cash,111.03,Paid
7721,7721,UPI,0,Refunded
7722,7722,UPI,373.06,Paid
7723,7723,UPI,148.5,Paid
7724,7724,Credit Card,206.84,Paid
7725,7725,UPI,261.46,Paid
7726,7726,Credit Card,170.19,Paid
7727,7727,Cash,258.65,Paid
7728,7728,Cash,0,Refunded
7729,7729,Wallet,99.03,Paid
7730,7730,UPI,234.19,Paid
7731,7731,Cash,152.01,Paid
7732,7732,UPI,0,Failed
7733,7733,Wallet,202.11,Paid
7734,7734,UPI,272.84,Paid
7735,7735,Wallet,0,Cancelled
7736,7736,UPI,0,Cancelled
7737,7737,Debit Card,195.52,Paid
7738,7738,UPI,0,Cancelled
7739,7739,UPI,213.46,Paid
7740,7740,Debit Card,128.32,Paid
7741,7741,Credit Card,308.74,Paid
7742,7742,Cash,0,Cancelled
7743,7743,Debit Card,305.31,Paid
7744,7744,Credit Card,193.98,Paid
7745,7745,Debit Card,0,Failed
7746,7746,UPI,567.76,Paid
7747,7747,Debit Card,310.32,Paid
7748,7748,Cash,369.45,Paid
7749,7749,Debit Card,260.07,Paid
7750,7750,UPI,517.27,Paid
7751,7751,Credit Card,0,Cancelled
7752,7752,UPI,173.66,Paid
7753,7753,Credit Card,338.68,Paid
7754,7754,UPI,187.98,Paid
7755,7755,Credit Card,249.22,Paid
7756,7756,Cash,155.45,Paid
7757,7757,UPI,153.1,Paid
7758,7758,Wallet,125.28,Paid
7759,7759,UPI,0,Refunded
7760,7760,Credit Card,91.81,Paid
7761,7761,Debit Card,196.89,Paid
7762,7762,Cash,0,Cancelled
7763,7763,Debit Card,0,Refunded
7764,7764,Cash,525.51,Paid
7765,7765,Cash,0,Failed
7766,7766,UPI,230.14,Paid
7767,7767,UPI,336.23,Paid
7768,7768,UPI,295.41,Paid
7769,7769,UPI,244.18,Paid
7770,7770,UPI,116.67,Paid
7771,7771,Debit Card,198.87,Paid
7772,7772,Debit Card,284.81,Paid
7773,7773,Debit Card,304.38,Paid
7774,7774,UPI,276.49,Paid
7775,7775,UPI,188.32,Paid
7776,7776,Credit Card,169.6,Paid
7777,7777,Cash,121.95,Paid
7778,7778,Cash,358.58,Paid
7779,7779,UPI,70.18,Paid
7780,7780,UPI,372.7,Paid
7781,7781,Credit Card,247.85,Paid
7782,7782,UPI,331.61,Paid
7783,7783,UPI,0,Cancelled
7784,7784,UPI,166.82,Paid
7785,7785,Debit Card,189.78,Paid
7786,7786,Wallet,172.57,Paid
7787,7787,UPI,192.91,Paid
7788,7788,UPI,301.23,Paid
7789,7789,UPI,179.82,Paid
7790,7790,Credit Card,0,Refunded
7791,7791,UPI,142.9,Paid
7792,7792,UPI,135.05,Paid
7793,7793,UPI,0,Failed
7794,7794,UPI,202.25,Paid
7795,7795,Credit Card,252.26,Paid
7796,7796,Debit Card,0,Refunded
7797,7797,Wallet,134.37,Paid
7798,7798,UPI,102.37,Paid
7799,7799,Credit Card,0,Refunded
7800,7800,Debit Card,215.83,Paid
7801,7801,UPI,0,Refunded
7802,7802,Credit Card,252.03,Paid
7803,7803,UPI,238.73,Paid
7804,7804,Wallet,87.31,Paid
7805,7805,UPI,346.05,Paid
7806,7806,Debit Card,308.34,Paid
7807,7807,UPI,135.04,Paid
7808,7808,UPI,316.93,Paid
7809,7809,Debit Card,208.9,Paid
7810,7810,UPI,228.74,Paid
7811,7811,UPI,240.84,Paid
7812,7812,UPI,102.04,Paid
7813,7813,UPI,169.72,Paid
7814,7814,UPI,0,Cancelled
7815,7815,UPI,277.18,Paid
7816,7816,Wallet,288.88,Paid
7817,7817,UPI,0,Failed
7818,7818,Credit Card,273.88,Paid
7819,7819,UPI,162.34,Paid
7820,7820,UPI,206.72,Paid
7821,7821,Debit Card,0,Refunded
7822,7822,UPI,351.09,Paid
7823,7823,UPI,0,Failed
7824,7824,UPI,0,Refunded
7825,7825,Cash,450.29,Paid
7826,7826,Credit Card,466.8,Paid
7827,7827,Debit Card,141.99,Paid
7828,7828,UPI,208.98,Paid
7829,7829,Credit Card,188.82,Paid
7830,7830,UPI,0,Cancelled
7831,7831,UPI,207.27,Paid
7832,7832,Credit Card,173.74,Paid
7833,7833,Credit Card,149.21,Paid
7834,7834,UPI,166.26,Paid
7835,7835,Debit Card,183.97,Paid
7836,7836,Cash,140.39,Paid
7837,7837,Credit Card,516.39,Paid
7838,7838,Debit Card,492.59,Paid
7839,7839,Cash,0,Cancelled
7840,7840,Wallet,260.48,Paid
7841,7841,Credit Card,217.12,Paid
7842,7842,UPI,319.66,Paid
7843,7843,UPI,184.89,Paid
7844,7844,Debit Card,147.42,Paid
7845,7845,Cash,229.79,Paid
7846,7846,UPI,0,Refunded
7847,7847,Credit Card,238.81,Paid
7848,7848,Debit Card,0,Refunded
7849,7849,Wallet,210.04,Paid
7850,7850,UPI,0,Cancelled
7851,7851,UPI,175.8,Paid
7852,7852,Wallet,185.18,Paid
7853,7853,UPI,255.68,Paid
7854,7854,UPI,0,Cancelled
7855,7855,Credit Card,0,Cancelled
7856,7856,UPI,92.01,Paid
7857,7857,Wallet,287.38,Paid
7858,7858,Credit Card,122.33,Paid
7859,7859,UPI,0,Refunded
7860,7860,UPI,0,Refunded
7861,7861,UPI,0,Failed
7862,7862,Cash,0,Cancelled
7863,7863,UPI,0,Refunded
7864,7864,UPI,123.46,Paid
7865,7865,Debit Card,0,Failed
7866,7866,Cash,154.35,Paid
7867,7867,Credit Card,0,Cancelled
7868,7868,Wallet,243.91,Paid
7869,7869,Credit Card,206.25,Paid
7870,7870,UPI,319.37,Paid
7871,7871,Wallet,245.95,Paid
7872,7872,UPI,114.2,Paid
7873,7873,Debit Card,108.61,Paid
7874,7874,Credit Card,221.21,Paid
7875,7875,UPI,136.97,Paid
7876,7876,UPI,151.53,Paid
7877,7877,UPI,147.85,Paid
7878,7878,Debit Card,0,Cancelled
7879,7879,UPI,112.66,Paid
7880,7880,Wallet,201.28,Paid
7881,7881,Cash,182.9,Paid
7882,7882,Credit Card,168.41,Paid
7883,7883,Credit Card,218.98,Paid
7884,7884,Debit Card,175.57,Paid
7885,7885,Wallet,313.85,Paid
7886,7886,Wallet,210.58,Paid
7887,7887,Cash,114.21,Paid
7888,7888,UPI,327.45,Paid
7889,7889,Wallet,99.12,Paid
7890,7890,Debit Card,0,Cancelled
7891,7891,Credit Card,203.76,Paid
7892,7892,UPI,172.65,Paid
7893,7893,UPI,178.78,Paid
7894,7894,Credit Card,101.27,Paid
7895,7895,Debit Card,93.72,Paid
7896,7896,Debit Card,362.09,Paid
7897,7897,Credit Card,175.65,Paid
7898,7898,Cash,213.25,Paid
7899,7899,Credit Card,143.15,Paid
7900,7900,Credit Card,155.58,Paid
7901,7901,UPI,210,Paid
7902,7902,UPI,0,Cancelled
7903,7903,Cash,133.01,Paid
7904,7904,UPI,144.99,Paid
7905,7905,Cash,109.18,Paid
7906,7906,UPI,333.48,Paid
7907,7907,Credit Card,81.53,Paid
7908,7908,UPI,298.26,Paid
7909,7909,UPI,0,Cancelled
7910,7910,UPI,176.77,Paid
7911,7911,Debit Card,150.29,Paid
7912,7912,Debit Card,212.16,Paid
7913,7913,Debit Card,0,Refunded
7914,7914,Cash,557.75,Paid
7915,7915,UPI,399.17,Paid
7916,7916,UPI,111.94,Paid
7917,7917,Wallet,139.63,Paid
7918,7918,UPI,452.4,Paid
7919,7919,UPI,0,Cancelled
7920,7920,Wallet,105.38,Paid
7921,7921,Credit Card,182.08,Paid
7922,7922,Wallet,0,Refunded
7923,7923,Cash,121.82,Paid
7924,7924,Wallet,144.74,Paid
7925,7925,Debit Card,136.84,Paid
7926,7926,UPI,265.96,Paid
7927,7927,Debit Card,246.32,Paid
7928,7928,UPI,151.21,Paid
7929,7929,UPI,0,Refunded
7930,7930,UPI,0,Refunded
7931,7931,UPI,162.51,Paid
7932,7932,UPI,111.02,Paid
7933,7933,UPI,178.33,Paid
7934,7934,Wallet,237.38,Paid
7935,7935,UPI,172.68,Paid
7936,7936,Wallet,100.21,Paid
7937,7937,Credit Card,271.7,Paid
7938,7938,Debit Card,0,Cancelled
7939,7939,UPI,107.87,Paid
7940,7940,Cash,133.21,Paid
7941,7941,Credit Card,175.64,Paid
7942,7942,UPI,220.18,Paid
7943,7943,Credit Card,0,Cancelled
7944,7944,Debit Card,0,Refunded
7945,7945,UPI,194.77,Paid
7946,7946,UPI,116.18,Paid
7947,7947,UPI,186.77,Paid
7948,7948,Credit Card,145.86,Paid
7949,7949,Credit Card,187.85,Paid
7950,7950,Debit Card,77.15,Paid
7951,7951,Wallet,83.39,Paid
7952,7952,UPI,142.68,Paid
7953,7953,Credit Card,192.61,Paid
7954,7954,Credit Card,145.25,Paid
7955,7955,UPI,255.39,Paid
7956,7956,Debit Card,309.31,Paid
7957,7957,Credit Card,247.28,Paid
7958,7958,UPI,420.64,Paid
7959,7959,Credit Card,159.16,Paid
7960,7960,Debit Card,0,Cancelled
7961,7961,Wallet,0,Cancelled
7962,7962,UPI,0,Cancelled
7963,7963,Credit Card,379.1,Paid
7964,7964,UPI,221.03,Paid
7965,7965,UPI,395.96,Paid
7966,7966,Credit Card,119.01,Paid
7967,7967,UPI,164.56,Paid
7968,7968,UPI,121.98,Paid
7969,7969,Cash,420.62,Paid
7970,7970,Credit Card,139.38,Paid
7971,7971,Wallet,0,Cancelled
7972,7972,UPI,429.13,Paid
7973,7973,UPI,0,Failed
7974,7974,UPI,117.63,Paid
7975,7975,Credit Card,184.15,Paid
7976,7976,Cash,172.79,Paid
7977,7977,Credit Card,241.8,Paid
7978,7978,Cash,450.97,Paid
7979,7979,Credit Card,327.67,Paid
7980,7980,UPI,145.62,Paid
7981,7981,Cash,189.86,Paid
7982,7982,UPI,151.24,Paid
7983,7983,Debit Card,279.11,Paid
7984,7984,UPI,186.69,Paid
7985,7985,UPI,0,Cancelled
7986,7986,UPI,131.94,Paid
7987,7987,Wallet,198.95,Paid
7988,7988,Credit Card,216.47,Paid
7989,7989,Debit Card,0,Refunded
7990,7990,Debit Card,90.34,Paid
7991,7991,Credit Card,100.96,Paid
7992,7992,UPI,378.74,Paid
7993,7993,UPI,272.45,Paid
7994,7994,UPI,414.46,Paid
7995,7995,Cash,323.7,Paid
7996,7996,Debit Card,0,Cancelled
7997,7997,Credit Card,286.21,Paid
7998,7998,UPI,0,Refunded
7999,7999,UPI,0,Failed
8000,8000,Credit Card,221.75,Paid
8001,8001,UPI,146.55,Paid
8002,8002,Credit Card,116.38,Paid
8003,8003,Credit Card,0,Refunded
8004,8004,UPI,366.32,Paid
8005,8005,Wallet,149.19,Paid
8006,8006,UPI,143.18,Paid
8007,8007,Credit Card,0,Failed
8008,8008,Cash,0,Refunded
8009,8009,UPI,156.88,Paid
8010,8010,Credit Card,136.52,Paid
8011,8011,Credit Card,187.01,Paid
8012,8012,Cash,230.26,Paid
8013,8013,Cash,0,Cancelled
8014,8014,Cash,250.76,Paid
8015,8015,Credit Card,305.63,Paid
8016,8016,UPI,130.02,Paid
8017,8017,UPI,297.13,Paid
8018,8018,Debit Card,126.08,Paid
8019,8019,UPI,170.57,Paid
8020,8020,UPI,176.63,Paid
8021,8021,Debit Card,208.97,Paid
8022,8022,Debit Card,587.71,Paid
8023,8023,Cash,157.75,Paid
8024,8024,UPI,159.61,Paid
8025,8025,UPI,201.13,Paid
8026,8026,Debit Card,202.53,Paid
8027,8027,UPI,187.89,Paid
8028,8028,UPI,170.24,Paid
8029,8029,UPI,339.71,Paid
8030,8030,UPI,193.42,Paid
8031,8031,Cash,0,Cancelled
8032,8032,Cash,190.41,Paid
8033,8033,UPI,211.81,Paid
8034,8034,Credit Card,162.05,Paid
8035,8035,Debit Card,194.94,Paid
8036,8036,Wallet,331.5,Paid
8037,8037,UPI,473.88,Paid
8038,8038,UPI,271.78,Paid
8039,8039,Wallet,317.71,Paid
8040,8040,Credit Card,153.5,Paid
8041,8041,Debit Card,0,Cancelled
8042,8042,UPI,130.51,Paid
8043,8043,UPI,0,Cancelled
8044,8044,Cash,410.37,Paid
8045,8045,Debit Card,373.81,Paid
8046,8046,Cash,247.16,Paid
8047,8047,UPI,177.51,Paid
8048,8048,UPI,259.23,Paid
8049,8049,UPI,356.18,Paid
8050,8050,Cash,147.04,Paid
8051,8051,UPI,113.09,Paid
8052,8052,Debit Card,255.91,Paid
8053,8053,UPI,136.91,Paid
8054,8054,Credit Card,0,Failed
8055,8055,Credit Card,170.91,Paid
8056,8056,UPI,0,Cancelled
8057,8057,Debit Card,158.67,Paid
8058,8058,Debit Card,0,Refunded
8059,8059,Debit Card,326.7,Paid
8060,8060,Cash,140.62,Paid
8061,8061,UPI,131.52,Paid
8062,8062,UPI,153.52,Paid
8063,8063,Debit Card,243.92,Paid
8064,8064,Debit Card,99.41,Paid
8065,8065,Wallet,0,Refunded
8066,8066,UPI,171.61,Paid
8067,8067,Credit Card,171.82,Paid
8068,8068,UPI,211.26,Paid
8069,8069,UPI,92.63,Paid
8070,8070,Credit Card,258.78,Paid
8071,8071,Credit Card,470.88,Paid
8072,8072,UPI,0,Failed
8073,8073,UPI,225.83,Paid
8074,8074,UPI,198.83,Paid
8075,8075,UPI,115.03,Paid
8076,8076,UPI,0,Cancelled
8077,8077,Cash,87.75,Paid
8078,8078,Credit Card,0,Refunded
8079,8079,Debit Card,180.67,Paid
8080,8080,Debit Card,171.93,Paid
8081,8081,UPI,167.26,Paid
8082,8082,UPI,167.27,Paid
8083,8083,UPI,113.45,Paid
8084,8084,Cash,152.13,Paid
8085,8085,Debit Card,193.35,Paid
8086,8086,UPI,0,Refunded
8087,8087,UPI,0,Refunded
8088,8088,Credit Card,0,Failed
8089,8089,Credit Card,0,Cancelled
8090,8090,Cash,123.22,Paid
8091,8091,UPI,131.84,Paid
8092,8092,Wallet,0,Refunded
8093,8093,Cash,160.23,Paid
8094,8094,Credit Card,176.73,Paid
8095,8095,UPI,250.71,Paid
8096,8096,Credit Card,268.4,Paid
8097,8097,Credit Card,178.17,Paid
8098,8098,UPI,247.16,Paid
8099,8099,Wallet,276.46,Paid
8100,8100,Credit Card,0,Failed
8101,8101,Credit Card,223.08,Paid
8102,8102,Credit Card,0,Refunded
8103,8103,Credit Card,147.01,Paid
8104,8104,UPI,0,Refunded
8105,8105,Debit Card,225.6,Paid
8106,8106,UPI,157.62,Paid
8107,8107,Cash,0,Cancelled
8108,8108,UPI,110.3,Paid
8109,8109,UPI,0,Refunded
8110,8110,UPI,131.21,Paid
8111,8111,Credit Card,115.67,Paid
8112,8112,Credit Card,255.74,Paid
8113,8113,Credit Card,265.37,Paid
8114,8114,Credit Card,184.12,Paid
8115,8115,Debit Card,0,Refunded
8116,8116,UPI,0,Cancelled
8117,8117,UPI,0,Cancelled
8118,8118,UPI,98.51,Paid
8119,8119,UPI,0,Refunded
8120,8120,UPI,101.59,Paid
8121,8121,Cash,0,Cancelled
8122,8122,Credit Card,438.13,Paid
8123,8123,Credit Card,200.64,Paid
8124,8124,Debit Card,0,Failed
8125,8125,UPI,0,Failed
8126,8126,Cash,312.35,Paid
8127,8127,Credit Card,0,Refunded
8128,8128,Credit Card,153.11,Paid
8129,8129,UPI,271.14,Paid
8130,8130,Credit Card,156.71,Paid
8131,8131,UPI,166.38,Paid
8132,8132,UPI,106.84,Paid
8133,8133,UPI,128.98,Paid
8134,8134,Cash,133.8,Paid
8135,8135,Cash,149.47,Paid
8136,8136,Credit Card,105.39,Paid
8137,8137,Wallet,181.81,Paid
8138,8138,Wallet,139.76,Paid
8139,8139,Debit Card,311.21,Paid
8140,8140,UPI,153.22,Paid
8141,8141,UPI,202.4,Paid
8142,8142,Debit Card,121.79,Paid
8143,8143,UPI,241.74,Paid
8144,8144,UPI,0,Cancelled
8145,8145,Cash,160.99,Paid
8146,8146,UPI,142.25,Paid
8147,8147,Debit Card,87.2,Paid
8148,8148,Credit Card,155.39,Paid
8149,8149,Credit Card,0,Refunded
8150,8150,Debit Card,301.55,Paid
8151,8151,Credit Card,159.95,Paid
8152,8152,Credit Card,124.01,Paid
8153,8153,Credit Card,271.55,Paid
8154,8154,Credit Card,168.66,Paid
8155,8155,Wallet,0,Refunded
8156,8156,UPI,0,Cancelled
8157,8157,UPI,171.58,Paid
8158,8158,UPI,0,Failed
8159,8159,Cash,256.38,Paid
8160,8160,Credit Card,0,Refunded
8161,8161,Wallet,0,Refunded
8162,8162,Debit Card,368.13,Paid
8163,8163,UPI,272.91,Paid
8164,8164,Credit Card,261.52,Paid
8165,8165,UPI,287.87,Paid
8166,8166,Credit Card,157.11,Paid
8167,8167,UPI,0,Cancelled
8168,8168,UPI,0,Cancelled
8169,8169,Credit Card,0,Refunded
8170,8170,UPI,0,Cancelled
8171,8171,Debit Card,0,Refunded
8172,8172,Credit Card,249.37,Paid
8173,8173,Cash,85.02,Paid
8174,8174,UPI,189.28,Paid
8175,8175,Debit Card,328.02,Paid
8176,8176,UPI,78.07,Paid
8177,8177,Credit Card,323.59,Paid
8178,8178,Cash,0,Cancelled
8179,8179,Cash,0,Refunded
8180,8180,Credit Card,134.94,Paid
8181,8181,Credit Card,0,Cancelled
8182,8182,Debit Card,204.59,Paid
8183,8183,Credit Card,0,Refunded
8184,8184,Cash,108.2,Paid
8185,8185,Credit Card,494.86,Paid
8186,8186,UPI,0,Failed
8187,8187,Debit Card,215.48,Paid
8188,8188,UPI,147.3,Paid
8189,8189,Cash,118.11,Paid
8190,8190,UPI,170.88,Paid
8191,8191,UPI,0,Cancelled
8192,8192,UPI,173.8,Paid
8193,8193,UPI,0,Refunded
8194,8194,Credit Card,204.68,Paid
8195,8195,Debit Card,93.13,Paid
8196,8196,Debit Card,256.19,Paid
8197,8197,Cash,204.71,Paid
8198,8198,UPI,241.14,Paid
8199,8199,Debit Card,124.04,Paid
8200,8200,Credit Card,235.38,Paid
8201,8201,Wallet,127.75,Paid
8202,8202,Cash,259.48,Paid
8203,8203,UPI,234.52,Paid
8204,8204,Cash,276.76,Paid
8205,8205,Cash,230.49,Paid
8206,8206,Cash,133,Paid
8207,8207,Credit Card,206.83,Paid
8208,8208,Cash,458.78,Paid
8209,8209,UPI,308.74,Paid
8210,8210,UPI,273.94,Paid
8211,8211,Credit Card,209.33,Paid
8212,8212,UPI,0,Refunded
8213,8213,Debit Card,0,Cancelled
8214,8214,UPI,67.28,Paid
8215,8215,Cash,190.98,Paid
8216,8216,UPI,138.33,Paid
8217,8217,Debit Card,0,Cancelled
8218,8218,UPI,239.42,Paid
8219,8219,UPI,0,Refunded
8220,8220,UPI,230.69,Paid
8221,8221,UPI,241.34,Paid
8222,8222,UPI,473.93,Paid
8223,8223,Credit Card,269.16,Paid
8224,8224,Cash,557.25,Paid
8225,8225,UPI,265.74,Paid
8226,8226,UPI,0,Refunded
8227,8227,Cash,0,Refunded
8228,8228,UPI,127.79,Paid
8229,8229,UPI,488.32,Paid
8230,8230,Debit Card,114.09,Paid
8231,8231,UPI,195.71,Paid
8232,8232,Credit Card,0,Cancelled
8233,8233,Credit Card,180.4,Paid
8234,8234,Credit Card,376.66,Paid
8235,8235,UPI,0,Cancelled
8236,8236,UPI,0,Cancelled
8237,8237,Credit Card,194.62,Paid
8238,8238,UPI,257.79,Paid
8239,8239,UPI,218.06,Paid
8240,8240,Credit Card,178.16,Paid
8241,8241,Wallet,0,Failed
8242,8242,Wallet,247.74,Paid
8243,8243,Cash,180.07,Paid
8244,8244,UPI,107.82,Paid
8245,8245,Debit Card,0,Cancelled
8246,8246,Wallet,0,Cancelled
8247,8247,Debit Card,0,Refunded
8248,8248,Credit Card,247.86,Paid
8249,8249,UPI,0,Cancelled
8250,8250,Debit Card,68.7,Paid
8251,8251,Debit Card,469.88,Paid
8252,8252,UPI,205.57,Paid
8253,8253,UPI,0,Refunded
8254,8254,Credit Card,0,Cancelled
8255,8255,UPI,419.18,Paid
8256,8256,Wallet,170.33,Paid
8257,8257,UPI,0,Refunded
8258,8258,Wallet,201.95,Paid
8259,8259,UPI,0,Refunded
8260,8260,Credit Card,188.4,Paid
8261,8261,Wallet,242.9,Paid
8262,8262,UPI,195.67,Paid
8263,8263,Debit Card,217.09,Paid
8264,8264,Credit Card,179.4,Paid
8265,8265,Credit Card,159.4,Paid
8266,8266,UPI,416.34,Paid
8267,8267,Credit Card,148.16,Paid
8268,8268,Debit Card,0,Cancelled
8269,8269,UPI,262.98,Paid
8270,8270,Wallet,166.67,Paid
8271,8271,Cash,0,Refunded
8272,8272,Credit Card,319.09,Paid
8273,8273,Credit Card,383.5,Paid
8274,8274,Debit Card,154.8,Paid
8275,8275,UPI,0,Failed
8276,8276,Credit Card,0,Refunded
8277,8277,UPI,82.16,Paid
8278,8278,Credit Card,0,Refunded
8279,8279,Cash,132.98,Paid
8280,8280,Credit Card,118.26,Paid
8281,8281,Cash,0,Cancelled
8282,8282,UPI,184.34,Paid
8283,8283,Debit Card,0,Refunded
8284,8284,Cash,276.75,Paid
8285,8285,UPI,300.24,Paid
8286,8286,Credit Card,0,Refunded
8287,8287,Cash,226.53,Paid
8288,8288,Wallet,0,Cancelled
8289,8289,Debit Card,0,Cancelled
8290,8290,Debit Card,0,Failed
8291,8291,UPI,345.39,Paid
8292,8292,Wallet,386.28,Paid
8293,8293,UPI,0,Refunded
8294,8294,Credit Card,180.43,Paid
8295,8295,UPI,157.59,Paid
8296,8296,Wallet,0,Cancelled
8297,8297,Debit Card,182.6,Paid
8298,8298,Cash,0,Cancelled
8299,8299,Credit Card,126.16,Paid
8300,8300,Debit Card,145.55,Paid
8301,8301,Debit Card,334.34,Paid
8302,8302,Cash,119.74,Paid
8303,8303,UPI,0,Cancelled
8304,8304,Credit Card,279.02,Paid
8305,8305,Debit Card,0,Cancelled
8306,8306,Wallet,102.45,Paid
8307,8307,Debit Card,259.25,Paid
8308,8308,Credit Card,173.14,Paid
8309,8309,Credit Card,366,Paid
8310,8310,UPI,253.75,Paid
8311,8311,UPI,168.57,Paid
8312,8312,Wallet,219.02,Paid
8313,8313,UPI,163.36,Paid
8314,8314,Debit Card,127.79,Paid
8315,8315,Debit Card,0,Cancelled
8316,8316,Cash,221.89,Paid
8317,8317,UPI,188.67,Paid
8318,8318,Cash,307.22,Paid
8319,8319,Credit Card,178.68,Paid
8320,8320,UPI,135.33,Paid
8321,8321,UPI,146.72,Paid
8322,8322,UPI,0,Cancelled
8323,8323,Debit Card,0,Refunded
8324,8324,Debit Card,306.26,Paid
8325,8325,Credit Card,0,Refunded
8326,8326,UPI,845.92,Paid
8327,8327,Wallet,209.24,Paid
8328,8328,UPI,69.17,Paid
8329,8329,UPI,61.88,Paid
8330,8330,UPI,185.76,Paid
8331,8331,Credit Card,328.48,Paid
8332,8332,Credit Card,0,Cancelled
8333,8333,Credit Card,164.8,Paid
8334,8334,UPI,333.46,Paid
8335,8335,UPI,472.89,Paid
8336,8336,UPI,0,Failed
8337,8337,Wallet,239.55,Paid
8338,8338,Credit Card,89.14,Paid
8339,8339,UPI,119.65,Paid
8340,8340,UPI,192.21,Paid
8341,8341,Cash,274.75,Paid
8342,8342,UPI,172.75,Paid
8343,8343,UPI,131.85,Paid
8344,8344,Wallet,84.44,Paid
8345,8345,UPI,137.59,Paid
8346,8346,Cash,340.68,Paid
8347,8347,Debit Card,256.41,Paid
8348,8348,UPI,71.61,Paid
8349,8349,Wallet,232.51,Paid
8350,8350,Wallet,0,Failed
8351,8351,UPI,139.39,Paid
8352,8352,UPI,240.5,Paid
8353,8353,UPI,189.01,Paid
8354,8354,Wallet,0,Refunded
8355,8355,Cash,0,Cancelled
8356,8356,Debit Card,247.76,Paid
8357,8357,Cash,239.18,Paid
8358,8358,UPI,124.78,Paid
8359,8359,UPI,473.67,Paid
8360,8360,Debit Card,0,Refunded
8361,8361,Wallet,114.78,Paid
8362,8362,UPI,256.55,Paid
8363,8363,UPI,245.07,Paid
8364,8364,Wallet,140.91,Paid
8365,8365,Debit Card,0,Refunded
8366,8366,UPI,345.83,Paid
8367,8367,Credit Card,0,Refunded
8368,8368,Credit Card,81.95,Paid
8369,8369,Debit Card,372.76,Paid
8370,8370,Credit Card,228.06,Paid
8371,8371,UPI,117.96,Paid
8372,8372,Cash,205,Paid
8373,8373,Debit Card,332.54,Paid
8374,8374,Debit Card,170.84,Paid
8375,8375,UPI,155.38,Paid
8376,8376,Credit Card,111.53,Paid
8377,8377,Credit Card,137.32,Paid
8378,8378,UPI,179.7,Paid
8379,8379,Wallet,0,Refunded
8380,8380,Credit Card,185.06,Paid
8381,8381,UPI,266.84,Paid
8382,8382,Cash,162.26,Paid
8383,8383,UPI,319.48,Paid
8384,8384,Cash,257.59,Paid
8385,8385,Wallet,0,Cancelled
8386,8386,Debit Card,316.5,Paid
8387,8387,Credit Card,139.08,Paid
8388,8388,UPI,132.8,Paid
8389,8389,Debit Card,413.66,Paid
8390,8390,Cash,144.48,Paid
8391,8391,UPI,0,Cancelled
8392,8392,Debit Card,163.23,Paid
8393,8393,Credit Card,0,Cancelled
8394,8394,Debit Card,157.71,Paid
8395,8395,UPI,181.85,Paid
8396,8396,UPI,313.85,Paid
8397,8397,Wallet,155.78,Paid
8398,8398,UPI,0,Failed
8399,8399,Cash,123.5,Paid
8400,8400,UPI,0,Refunded
8401,8401,Debit Card,492.57,Paid
8402,8402,UPI,431.03,Paid
8403,8403,Debit Card,0,Refunded
8404,8404,UPI,108.44,Paid
8405,8405,Credit Card,0,Refunded
8406,8406,UPI,94.01,Paid
8407,8407,Credit Card,0,Cancelled
8408,8408,UPI,201.23,Paid
8409,8409,UPI,199.9,Paid
8410,8410,Debit Card,174.46,Paid
8411,8411,Debit Card,199.54,Paid
8412,8412,Debit Card,256.45,Paid
8413,8413,Wallet,129.44,Paid
8414,8414,Debit Card,126.79,Paid
8415,8415,UPI,288.06,Paid
8416,8416,Debit Card,242.95,Paid
8417,8417,UPI,180.07,Paid
8418,8418,Credit Card,100.04,Paid
8419,8419,Debit Card,337.08,Paid
8420,8420,Credit Card,152.75,Paid
8421,8421,Wallet,226.49,Paid
8422,8422,UPI,192.04,Paid
8423,8423,Credit Card,0,Refunded
8424,8424,Cash,215.76,Paid
8425,8425,Credit Card,95.54,Paid
8426,8426,Credit Card,142.56,Paid
8427,8427,UPI,258.56,Paid
8428,8428,Wallet,0,Failed
8429,8429,Wallet,0,Failed
8430,8430,UPI,292.5,Paid
8431,8431,Wallet,204.73,Paid
8432,8432,Credit Card,224.38,Paid
8433,8433,Credit Card,212.58,Paid
8434,8434,Wallet,0,Failed
8435,8435,Debit Card,144.85,Paid
8436,8436,Credit Card,74.78,Paid
8437,8437,Cash,95.82,Paid
8438,8438,Debit Card,169.2,Paid
8439,8439,UPI,224.84,Paid
8440,8440,Debit Card,0,Failed
8441,8441,Wallet,122.94,Paid
8442,8442,Credit Card,0,Refunded
8443,8443,Credit Card,150.13,Paid
8444,8444,UPI,102.87,Paid
8445,8445,Credit Card,157.91,Paid
8446,8446,Wallet,206.46,Paid
8447,8447,UPI,0,Refunded
8448,8448,Wallet,462.27,Paid
8449,8449,Debit Card,138.98,Paid
8450,8450,UPI,157.95,Paid
8451,8451,Debit Card,324.12,Paid
8452,8452,Credit Card,158.3,Paid
8453,8453,Credit Card,86.49,Paid
8454,8454,Cash,345.88,Paid
8455,8455,UPI,343.75,Paid
8456,8456,Credit Card,130.36,Paid
8457,8457,Credit Card,183.76,Paid
8458,8458,Debit Card,137.64,Paid
8459,8459,UPI,302.41,Paid
8460,8460,UPI,88.54,Paid
8461,8461,Credit Card,186.4,Paid
8462,8462,Credit Card,191.93,Paid
8463,8463,UPI,163.07,Paid
8464,8464,Credit Card,356.32,Paid
8465,8465,Credit Card,165.25,Paid
8466,8466,UPI,104.25,Paid
8467,8467,Credit Card,311.56,Paid
8468,8468,Debit Card,125.95,Paid
8469,8469,UPI,0,Cancelled
8470,8470,Credit Card,232.72,Paid
8471,8471,UPI,0,Refunded
8472,8472,Credit Card,255.48,Paid
8473,8473,UPI,116.18,Paid
8474,8474,UPI,243.63,Paid
8475,8475,Credit Card,205.59,Paid
8476,8476,Credit Card,109.24,Paid
8477,8477,Cash,234.49,Paid
8478,8478,Debit Card,0,Cancelled
8479,8479,Credit Card,164.18,Paid
8480,8480,UPI,0,Failed
8481,8481,Credit Card,129.65,Paid
8482,8482,Debit Card,155.47,Paid
8483,8483,UPI,182.13,Paid
8484,8484,UPI,158.08,Paid
8485,8485,UPI,287.15,Paid
8486,8486,Cash,0,Cancelled
8487,8487,Credit Card,249.74,Paid
8488,8488,Wallet,224.8,Paid
8489,8489,Cash,283.88,Paid
8490,8490,UPI,181.35,Paid
8491,8491,Wallet,175.4,Paid
8492,8492,Credit Card,241.76,Paid
8493,8493,Cash,96.43,Paid
8494,8494,Credit Card,132.15,Paid
8495,8495,Wallet,233.33,Paid
8496,8496,Debit Card,146.73,Paid
8497,8497,Credit Card,233.54,Paid
8498,8498,Debit Card,275.79,Paid
8499,8499,UPI,233.52,Paid
8500,8500,Cash,0,Cancelled
8501,8501,UPI,0,Refunded
8502,8502,Credit Card,344.33,Paid
8503,8503,Wallet,0,Cancelled
8504,8504,UPI,214.01,Paid
8505,8505,UPI,463.46,Paid
8506,8506,Debit Card,115.24,Paid
8507,8507,Credit Card,0,Cancelled
8508,8508,Debit Card,109.1,Paid
8509,8509,UPI,0,Refunded
8510,8510,Debit Card,0,Refunded
8511,8511,Wallet,116.49,Paid
8512,8512,UPI,104.71,Paid
8513,8513,Credit Card,188.29,Paid
8514,8514,Debit Card,270.31,Paid
8515,8515,Cash,121.52,Paid
8516,8516,Debit Card,89.47,Paid
8517,8517,Wallet,264,Paid
8518,8518,Debit Card,129.72,Paid
8519,8519,UPI,278.66,Paid
8520,8520,Cash,217.17,Paid
8521,8521,Credit Card,133.5,Paid
8522,8522,Cash,150.17,Paid
8523,8523,UPI,170.61,Paid
8524,8524,Credit Card,0,Cancelled
8525,8525,UPI,126.1,Paid
8526,8526,UPI,196.43,Paid
8527,8527,UPI,0,Cancelled
8528,8528,Debit Card,117.04,Paid
8529,8529,UPI,119.7,Paid
8530,8530,Credit Card,150.56,Paid
8531,8531,UPI,0,Cancelled
8532,8532,Cash,0,Cancelled
8533,8533,Wallet,116.28,Paid
8534,8534,Wallet,144.08,Paid
8535,8535,Credit Card,0,Refunded
8536,8536,UPI,0,Refunded
8537,8537,UPI,236.49,Paid
8538,8538,Cash,250.39,Paid
8539,8539,Credit Card,0,Failed
8540,8540,UPI,127.73,Paid
8541,8541,Credit Card,125.34,Paid
8542,8542,Credit Card,108.83,Paid
8543,8543,Cash,353.46,Paid
8544,8544,Debit Card,93.93,Paid
8545,8545,Credit Card,160.1,Paid
8546,8546,Credit Card,289.89,Paid
8547,8547,UPI,262.86,Paid
8548,8548,UPI,0,Cancelled
8549,8549,Credit Card,304.5,Paid
8550,8550,UPI,95.07,Paid
8551,8551,Wallet,164.36,Paid
8552,8552,Credit Card,233.57,Paid
8553,8553,UPI,191.52,Paid
8554,8554,Wallet,267.88,Paid
8555,8555,Debit Card,124.92,Paid
8556,8556,UPI,0,Failed
8557,8557,UPI,230.98,Paid
8558,8558,Credit Card,103.49,Paid
8559,8559,Credit Card,123.35,Paid
8560,8560,UPI,229.16,Paid
8561,8561,Debit Card,223.24,Paid
8562,8562,Credit Card,467.79,Paid
8563,8563,UPI,170.84,Paid
8564,8564,UPI,186.97,Paid
8565,8565,UPI,282.6,Paid
8566,8566,Debit Card,163.19,Paid
8567,8567,Credit Card,0,Refunded
8568,8568,UPI,165.62,Paid
8569,8569,Cash,203.27,Paid
8570,8570,Credit Card,267.39,Paid
8571,8571,Credit Card,0,Refunded
8572,8572,Debit Card,0,Refunded
8573,8573,UPI,268.7,Paid
8574,8574,Credit Card,0,Refunded
8575,8575,Debit Card,140.9,Paid
8576,8576,UPI,0,Cancelled
8577,8577,UPI,345.95,Paid
8578,8578,Wallet,197.04,Paid
8579,8579,Debit Card,196.47,Paid
8580,8580,UPI,135.33,Paid
8581,8581,UPI,431.49,Paid
8582,8582,UPI,75.48,Paid
8583,8583,UPI,414.68,Paid
8584,8584,UPI,155.92,Paid
8585,8585,Wallet,259.94,Paid
8586,8586,Wallet,0,Cancelled
8587,8587,UPI,0,Refunded
8588,8588,UPI,0,Cancelled
8589,8589,Debit Card,130.6,Paid
8590,8590,Credit Card,150.23,Paid
8591,8591,UPI,164.75,Paid
8592,8592,UPI,169.67,Paid
8593,8593,UPI,200.86,Paid
8594,8594,Credit Card,217.43,Paid
8595,8595,Cash,0,Cancelled
8596,8596,UPI,296.95,Paid
8597,8597,UPI,0,Refunded
8598,8598,UPI,599.48,Paid
8599,8599,Credit Card,257.19,Paid
8600,8600,UPI,99.58,Paid
8601,8601,Credit Card,107.93,Paid
8602,8602,UPI,0,Refunded
8603,8603,UPI,266.65,Paid
8604,8604,UPI,208.42,Paid
8605,8605,Wallet,104.32,Paid
8606,8606,UPI,146.41,Paid
8607,8607,Credit Card,204.78,Paid
8608,8608,UPI,122.11,Paid
8609,8609,UPI,116.07,Paid
8610,8610,UPI,226,Paid
8611,8611,UPI,137.72,Paid
8612,8612,UPI,0,Refunded
8613,8613,Debit Card,0,Refunded
8614,8614,Credit Card,396.03,Paid
8615,8615,Credit Card,98.44,Paid
8616,8616,UPI,94.36,Paid
8617,8617,Cash,0,Cancelled
8618,8618,Cash,99.76,Paid
8619,8619,UPI,0,Failed
8620,8620,Wallet,231.37,Paid
8621,8621,UPI,219.5,Paid
8622,8622,UPI,180.78,Paid
8623,8623,Debit Card,112.56,Paid
8624,8624,Debit Card,269.39,Paid
8625,8625,UPI,277.63,Paid
8626,8626,Credit Card,168.01,Paid
8627,8627,UPI,171.53,Paid
8628,8628,Credit Card,0,Failed
8629,8629,Wallet,218.5,Paid
8630,8630,UPI,0,Cancelled
8631,8631,UPI,0,Refunded
8632,8632,Debit Card,0,Refunded
8633,8633,Wallet,212.12,Paid
8634,8634,UPI,0,Cancelled
8635,8635,Cash,337.96,Paid
8636,8636,Credit Card,137.78,Paid
8637,8637,Debit Card,95.76,Paid
8638,8638,UPI,137.77,Paid
8639,8639,Wallet,0,Refunded
8640,8640,UPI,330.08,Paid
8641,8641,Cash,135.99,Paid
8642,8642,UPI,247.89,Paid
8643,8643,UPI,0,Cancelled
8644,8644,UPI,146.43,Paid
8645,8645,Cash,120.93,Paid
8646,8646,UPI,267.57,Paid
8647,8647,Debit Card,132.4,Paid
8648,8648,Cash,233.99,Paid
8649,8649,UPI,116.04,Paid
8650,8650,Credit Card,0,Failed
8651,8651,UPI,136.56,Paid
8652,8652,UPI,296.44,Paid
8653,8653,UPI,295.59,Paid
8654,8654,Cash,0,Refunded
8655,8655,Cash,0,Cancelled
8656,8656,Credit Card,157.41,Paid
8657,8657,Credit Card,0,Refunded
8658,8658,UPI,244.68,Paid
8659,8659,Credit Card,98.47,Paid
8660,8660,UPI,127.97,Paid
8661,8661,UPI,164.91,Paid
8662,8662,Credit Card,142.16,Paid
8663,8663,Credit Card,103.35,Paid
8664,8664,Credit Card,0,Cancelled
8665,8665,UPI,244.9,Paid
8666,8666,Credit Card,156.68,Paid
8667,8667,UPI,141.3,Paid
8668,8668,Cash,176.75,Paid
8669,8669,UPI,0,Refunded
8670,8670,Debit Card,282.49,Paid
8671,8671,Cash,0,Refunded
8672,8672,UPI,344.09,Paid
8673,8673,Credit Card,125.5,Paid
8674,8674,UPI,139.86,Paid
8675,8675,UPI,166.12,Paid
8676,8676,UPI,201.79,Paid
8677,8677,UPI,193.5,Paid
8678,8678,Cash,147.24,Paid
8679,8679,UPI,153.91,Paid
8680,8680,Wallet,263.88,Paid
8681,8681,UPI,254.6,Paid
8682,8682,Cash,124.61,Paid
8683,8683,UPI,156.2,Paid
8684,8684,Debit Card,161.03,Paid
8685,8685,Credit Card,299.38,Paid
8686,8686,Credit Card,0,Refunded
8687,8687,UPI,0,Cancelled
8688,8688,Debit Card,360.52,Paid
8689,8689,Credit Card,207.61,Paid
8690,8690,Wallet,216.32,Paid
8691,8691,UPI,238.06,Paid
8692,8692,Cash,0,Cancelled
8693,8693,Debit Card,0,Cancelled
8694,8694,UPI,0,Refunded
8695,8695,Credit Card,103.18,Paid
8696,8696,Debit Card,0,Cancelled
8697,8697,UPI,234.57,Paid
8698,8698,UPI,0,Cancelled
8699,8699,Debit Card,112.71,Paid
8700,8700,Credit Card,182.94,Paid
8701,8701,UPI,369.33,Paid
8702,8702,UPI,191.11,Paid
8703,8703,Cash,178.45,Paid
8704,8704,UPI,0,Refunded
8705,8705,UPI,104.8,Paid
8706,8706,Cash,100.61,Paid
8707,8707,Debit Card,106.08,Paid
8708,8708,UPI,201.65,Paid
8709,8709,UPI,0,Cancelled
8710,8710,UPI,211.86,Paid
8711,8711,UPI,93.36,Paid
8712,8712,UPI,0,Failed
8713,8713,Debit Card,0,Cancelled
8714,8714,Credit Card,290.79,Paid
8715,8715,Debit Card,129.97,Paid
8716,8716,Wallet,191.22,Paid
8717,8717,Credit Card,162.71,Paid
8718,8718,Wallet,208.3,Paid
8719,8719,UPI,0,Failed
8720,8720,Debit Card,210.79,Paid
8721,8721,Credit Card,227.21,Paid
8722,8722,Credit Card,193.72,Paid
8723,8723,UPI,139.98,Paid
8724,8724,UPI,0,Cancelled
8725,8725,Wallet,177.78,Paid
8726,8726,Debit Card,178.09,Paid
8727,8727,Cash,166.65,Paid
8728,8728,UPI,307.75,Paid
8729,8729,Credit Card,0,Refunded
8730,8730,UPI,86.52,Paid
8731,8731,Wallet,204.81,Paid
8732,8732,Debit Card,162.08,Paid
8733,8733,Wallet,199.48,Paid
8734,8734,UPI,130.65,Paid
8735,8735,UPI,165.22,Paid
8736,8736,Cash,0,Failed
8737,8737,UPI,169.37,Paid
8738,8738,Debit Card,115.83,Paid
8739,8739,Wallet,0,Cancelled
8740,8740,UPI,0,Cancelled
8741,8741,Credit Card,0,Cancelled
8742,8742,Credit Card,0,Cancelled
8743,8743,Debit Card,328.11,Paid
8744,8744,Debit Card,175.12,Paid
8745,8745,Credit Card,88.03,Paid
8746,8746,Cash,118.13,Paid
8747,8747,UPI,0,Cancelled
8748,8748,UPI,230.74,Paid
8749,8749,Debit Card,203.41,Paid
8750,8750,Cash,0,Cancelled
8751,8751,UPI,161.48,Paid
8752,8752,UPI,238.43,Paid
8753,8753,Credit Card,182.74,Paid
8754,8754,UPI,110.55,Paid
8755,8755,UPI,120.15,Paid
8756,8756,Credit Card,0,Refunded
8757,8757,UPI,150.55,Paid
8758,8758,Credit Card,0,Cancelled
8759,8759,Wallet,196.69,Paid
8760,8760,Cash,183,Paid
8761,8761,UPI,151.66,Paid
8762,8762,UPI,149.87,Paid
8763,8763,Wallet,0,Refunded
8764,8764,UPI,168.33,Paid
8765,8765,Cash,0,Refunded
8766,8766,Wallet,0,Failed
8767,8767,Wallet,0,Refunded
8768,8768,Credit Card,259.96,Paid
8769,8769,Credit Card,0,Refunded
8770,8770,Debit Card,122.72,Paid
8771,8771,UPI,127.23,Paid
8772,8772,UPI,273.57,Paid
8773,8773,UPI,0,Failed
8774,8774,UPI,297.7,Paid
8775,8775,UPI,315.4,Paid
8776,8776,UPI,127.23,Paid
8777,8777,Credit Card,347.12,Paid
8778,8778,Wallet,75.08,Paid
8779,8779,Debit Card,0,Cancelled
8780,8780,UPI,90.05,Paid
8781,8781,Cash,0,Failed
8782,8782,UPI,235.99,Paid
8783,8783,Credit Card,0,Refunded
8784,8784,Credit Card,218.57,Paid
8785,8785,UPI,140.47,Paid
8786,8786,Debit Card,335.47,Paid
8787,8787,UPI,394.22,Paid
8788,8788,Credit Card,0,Cancelled
8789,8789,UPI,239.44,Paid
8790,8790,UPI,0,Cancelled
8791,8791,Credit Card,0,Cancelled
8792,8792,UPI,211.62,Paid
8793,8793,UPI,332.07,Paid
8794,8794,UPI,213.67,Paid
8795,8795,UPI,76.23,Paid
8796,8796,Credit Card,192.18,Paid
8797,8797,Credit Card,0,Refunded
8798,8798,Credit Card,250.33,Paid
8799,8799,UPI,238.29,Paid
8800,8800,UPI,143.98,Paid
8801,8801,Debit Card,117.96,Paid
8802,8802,Debit Card,0,Failed
8803,8803,UPI,0,Cancelled
8804,8804,Credit Card,195.44,Paid
8805,8805,Credit Card,0,Refunded
8806,8806,Credit Card,145.15,Paid
8807,8807,UPI,87.17,Paid
8808,8808,Credit Card,128.78,Paid
8809,8809,Credit Card,0,Refunded
8810,8810,Cash,236.12,Paid
8811,8811,Debit Card,251.2,Paid
8812,8812,UPI,138.09,Paid
8813,8813,Wallet,207.11,Paid
8814,8814,UPI,0,Refunded
8815,8815,Credit Card,306.99,Paid
8816,8816,UPI,256.22,Paid
8817,8817,Debit Card,382.74,Paid
8818,8818,Cash,167.73,Paid
8819,8819,Cash,120.22,Paid
8820,8820,UPI,217.92,Paid
8821,8821,UPI,349.58,Paid
8822,8822,UPI,142.93,Paid
8823,8823,UPI,244.66,Paid
8824,8824,Debit Card,248.15,Paid
8825,8825,UPI,145.91,Paid
8826,8826,UPI,165.11,Paid
8827,8827,Debit Card,136.19,Paid
8828,8828,Credit Card,219.24,Paid
8829,8829,Cash,129.22,Paid
8830,8830,Credit Card,0,Refunded
8831,8831,Cash,227.99,Paid
8832,8832,Wallet,0,Cancelled
8833,8833,UPI,0,Failed
8834,8834,UPI,177.19,Paid
8835,8835,UPI,89.39,Paid
8836,8836,UPI,177.2,Paid
8837,8837,UPI,276.7,Paid
8838,8838,Wallet,0,Cancelled
8839,8839,Cash,0,Cancelled
8840,8840,Wallet,105.06,Paid
8841,8841,Credit Card,169.81,Paid
8842,8842,UPI,0,Refunded
8843,8843,UPI,205.72,Paid
8844,8844,Cash,0,Refunded
8845,8845,Credit Card,267.24,Paid
8846,8846,Credit Card,391.97,Paid
8847,8847,Credit Card,224.41,Paid
8848,8848,Wallet,150.44,Paid
8849,8849,Credit Card,81.47,Paid
8850,8850,Debit Card,125.74,Paid
8851,8851,UPI,268.34,Paid
8852,8852,Credit Card,185.35,Paid
8853,8853,Cash,139.37,Paid
8854,8854,Debit Card,291.98,Paid
8855,8855,Credit Card,116.82,Paid
8856,8856,Debit Card,171.2,Paid
8857,8857,UPI,138.48,Paid
8858,8858,Cash,287.29,Paid
8859,8859,Cash,154.61,Paid
8860,8860,Debit Card,342.18,Paid
8861,8861,Credit Card,234.06,Paid
8862,8862,UPI,193.55,Paid
8863,8863,Cash,211.36,Paid
8864,8864,UPI,140.79,Paid
8865,8865,Wallet,0,Refunded
8866,8866,Credit Card,192.43,Paid
8867,8867,UPI,184.12,Paid
8868,8868,UPI,0,Refunded
8869,8869,Credit Card,412.26,Paid
8870,8870,Wallet,0,Refunded
8871,8871,UPI,222.1,Paid
8872,8872,UPI,215.08,Paid
8873,8873,Debit Card,138.71,Paid
8874,8874,Credit Card,116.4,Paid
8875,8875,Cash,103.26,Paid
8876,8876,Cash,77.71,Paid
8877,8877,Credit Card,192.84,Paid
8878,8878,UPI,0,Cancelled
8879,8879,Debit Card,241.2,Paid
8880,8880,UPI,152.47,Paid
8881,8881,UPI,127.8,Paid
8882,8882,Debit Card,232.97,Paid
8883,8883,Credit Card,186.37,Paid
8884,8884,Debit Card,136.97,Paid
8885,8885,UPI,145.83,Paid
8886,8886,Wallet,327.31,Paid
8887,8887,Credit Card,0,Refunded
8888,8888,Cash,237.97,Paid
8889,8889,Credit Card,207.35,Paid
8890,8890,UPI,116.16,Paid
8891,8891,UPI,306.31,Paid
8892,8892,Cash,240.87,Paid
8893,8893,Debit Card,201.3,Paid
8894,8894,UPI,0,Refunded
8895,8895,UPI,108.64,Paid
8896,8896,UPI,184.84,Paid
8897,8897,Credit Card,165.53,Paid
8898,8898,UPI,264.36,Paid
8899,8899,UPI,197.84,Paid
8900,8900,Cash,146.93,Paid
8901,8901,Credit Card,101.14,Paid
8902,8902,Debit Card,133.99,Paid
8903,8903,Credit Card,141.38,Paid
8904,8904,Credit Card,172.95,Paid
8905,8905,UPI,195.27,Paid
8906,8906,Credit Card,295.79,Paid
8907,8907,Credit Card,279.72,Paid
8908,8908,Wallet,169.47,Paid
8909,8909,Credit Card,306.36,Paid
8910,8910,Credit Card,351.79,Paid
8911,8911,Wallet,314.84,Paid
8912,8912,Credit Card,0,Failed
8913,8913,UPI,151.75,Paid
8914,8914,UPI,0,Refunded
8915,8915,UPI,606.09,Paid
8916,8916,Credit Card,173.83,Paid
8917,8917,Cash,180.55,Paid
8918,8918,UPI,173.97,Paid
8919,8919,Credit Card,0,Refunded
8920,8920,Credit Card,247.31,Paid
8921,8921,UPI,251.36,Paid
8922,8922,Credit Card,235.55,Paid
8923,8923,Cash,460.01,Paid
8924,8924,Cash,190.51,Paid
8925,8925,UPI,106.35,Paid
8926,8926,Credit Card,179.06,Paid
8927,8927,Debit Card,0,Refunded
8928,8928,Wallet,247.32,Paid
8929,8929,Debit Card,114.84,Paid
8930,8930,Debit Card,152.67,Paid
8931,8931,UPI,0,Cancelled
8932,8932,Credit Card,165.04,Paid
8933,8933,UPI,103.09,Paid
8934,8934,UPI,0,Cancelled
8935,8935,UPI,247.18,Paid
8936,8936,UPI,344.54,Paid
8937,8937,Debit Card,119.56,Paid
8938,8938,UPI,0,Cancelled
8939,8939,UPI,0,Refunded
8940,8940,UPI,0,Failed
8941,8941,UPI,300.2,Paid
8942,8942,UPI,240.57,Paid
8943,8943,Wallet,120.9,Paid
8944,8944,Credit Card,0,Refunded
8945,8945,Debit Card,0,Failed
8946,8946,UPI,98.13,Paid
8947,8947,UPI,294.8,Paid
8948,8948,UPI,198.7,Paid
8949,8949,Credit Card,658.85,Paid
8950,8950,Credit Card,231.21,Paid
8951,8951,UPI,271.21,Paid
8952,8952,UPI,92.41,Paid
8953,8953,Credit Card,98.03,Paid
8954,8954,UPI,0,Failed
8955,8955,UPI,0,Refunded
8956,8956,UPI,0,Cancelled
8957,8957,Cash,167.7,Paid
8958,8958,Cash,142.56,Paid
8959,8959,UPI,271.99,Paid
8960,8960,UPI,0,Refunded
8961,8961,UPI,197.08,Paid
8962,8962,Credit Card,142.89,Paid
8963,8963,UPI,183.36,Paid
8964,8964,Debit Card,0,Refunded
8965,8965,UPI,79.16,Paid
8966,8966,Credit Card,394.79,Paid
8967,8967,UPI,315.35,Paid
8968,8968,Credit Card,0,Failed
8969,8969,Cash,193.75,Paid
8970,8970,Wallet,295.03,Paid
8971,8971,Credit Card,141.45,Paid
8972,8972,UPI,165.19,Paid
8973,8973,Wallet,144.91,Paid
8974,8974,Credit Card,158.62,Paid
8975,8975,UPI,161.98,Paid
8976,8976,UPI,0,Cancelled
8977,8977,Cash,127.08,Paid
8978,8978,Wallet,0,Refunded
8979,8979,Wallet,281.29,Paid
8980,8980,Credit Card,120.96,Paid
8981,8981,Cash,0,Refunded
8982,8982,Debit Card,121.79,Paid
8983,8983,Credit Card,147.24,Paid
8984,8984,Cash,282.49,Paid
8985,8985,Credit Card,131.82,Paid
8986,8986,Debit Card,139.7,Paid
8987,8987,Wallet,174.04,Paid
8988,8988,Debit Card,0,Cancelled
8989,8989,Wallet,327.5,Paid
8990,8990,Credit Card,239.46,Paid
8991,8991,UPI,189.77,Paid
8992,8992,Credit Card,0,Cancelled
8993,8993,Credit Card,296.01,Paid
8994,8994,UPI,317.14,Paid
8995,8995,Debit Card,408.71,Paid
8996,8996,UPI,0,Refunded
8997,8997,Credit Card,128.12,Paid
8998,8998,UPI,254.55,Paid
8999,8999,Wallet,103.02,Paid
9000,9000,UPI,0,Cancelled
9001,9001,Wallet,105.6,Paid
9002,9002,Wallet,0,Refunded
9003,9003,UPI,128.54,Paid
9004,9004,UPI,161.78,Paid
9005,9005,Debit Card,207.93,Paid
9006,9006,UPI,296.15,Paid
9007,9007,Credit Card,124.3,Paid
9008,9008,UPI,316.36,Paid
9009,9009,UPI,130.75,Paid
9010,9010,UPI,103.71,Paid
9011,9011,Credit Card,170.25,Paid
9012,9012,Cash,165.82,Paid
9013,9013,Cash,0,Cancelled
9014,9014,Credit Card,97.44,Paid
9015,9015,UPI,163.51,Paid
9016,9016,Credit Card,552.42,Paid
9017,9017,Debit Card,194.09,Paid
9018,9018,Credit Card,129.74,Paid
9019,9019,UPI,0,Failed
9020,9020,Credit Card,0,Cancelled
9021,9021,UPI,291.63,Paid
9022,9022,Credit Card,223.88,Paid
9023,9023,Debit Card,116.51,Paid
9024,9024,Debit Card,154.43,Paid
9025,9025,UPI,258.35,Paid
9026,9026,UPI,221.42,Paid
9027,9027,Cash,252.71,Paid
9028,9028,Debit Card,214.15,Paid
9029,9029,Cash,122.48,Paid
9030,9030,UPI,106.91,Paid
9031,9031,Wallet,288.95,Paid
9032,9032,Credit Card,250.05,Paid
9033,9033,Cash,210.9,Paid
9034,9034,Credit Card,0,Failed
9035,9035,UPI,0,Cancelled
9036,9036,UPI,268.42,Paid
9037,9037,Credit Card,241.49,Paid
9038,9038,Debit Card,115.86,Paid
9039,9039,Credit Card,174.26,Paid
9040,9040,Wallet,175.4,Paid
9041,9041,Debit Card,123.03,Paid
9042,9042,UPI,155.56,Paid
9043,9043,UPI,213.77,Paid
9044,9044,Cash,0,Cancelled
9045,9045,UPI,189.67,Paid
9046,9046,Wallet,185.83,Paid
9047,9047,Debit Card,210.34,Paid
9048,9048,UPI,226.09,Paid
9049,9049,Wallet,158.15,Paid
9050,9050,UPI,240.08,Paid
9051,9051,Credit Card,260.62,Paid
9052,9052,UPI,0,Cancelled
9053,9053,Wallet,168.75,Paid
9054,9054,UPI,0,Cancelled
9055,9055,Debit Card,167.14,Paid
9056,9056,Cash,225.55,Paid
9057,9057,UPI,362.69,Paid
9058,9058,Debit Card,176.63,Paid
9059,9059,UPI,290.02,Paid
9060,9060,UPI,100.29,Paid
9061,9061,Wallet,121.9,Paid
9062,9062,UPI,114.32,Paid
9063,9063,UPI,235.65,Paid
9064,9064,Cash,219.67,Paid
9065,9065,UPI,163.68,Paid
9066,9066,Credit Card,0,Refunded
9067,9067,UPI,0,Cancelled
9068,9068,Debit Card,205.5,Paid
9069,9069,Wallet,141.75,Paid
9070,9070,UPI,85.25,Paid
9071,9071,Cash,0,Failed
9072,9072,Credit Card,88.28,Paid
9073,9073,Credit Card,166.82,Paid
9074,9074,Credit Card,164.14,Paid
9075,9075,Cash,501.21,Paid
9076,9076,Debit Card,137.07,Paid
9077,9077,Credit Card,129.1,Paid
9078,9078,UPI,164.05,Paid
9079,9079,UPI,212.55,Paid
9080,9080,Cash,0,Refunded
9081,9081,Credit Card,108.76,Paid
9082,9082,UPI,250.21,Paid
9083,9083,UPI,250.4,Paid
9084,9084,Wallet,121.65,Paid
9085,9085,UPI,146.1,Paid
9086,9086,Debit Card,67.63,Paid
9087,9087,Credit Card,141.18,Paid
9088,9088,UPI,265.29,Paid
9089,9089,UPI,0,Cancelled
9090,9090,Wallet,121.83,Paid
9091,9091,Wallet,245.08,Paid
9092,9092,UPI,162.22,Paid
9093,9093,Credit Card,0,Cancelled
9094,9094,Credit Card,309.09,Paid
9095,9095,UPI,0,Refunded
9096,9096,Wallet,126.66,Paid
9097,9097,UPI,176.32,Paid
9098,9098,Credit Card,96.34,Paid
9099,9099,Cash,286.85,Paid
9100,9100,Debit Card,119.01,Paid
9101,9101,UPI,122.71,Paid
9102,9102,UPI,178.63,Paid
9103,9103,UPI,244.27,Paid
9104,9104,UPI,606.9,Paid
9105,9105,Credit Card,0,Cancelled
9106,9106,Credit Card,0,Cancelled
9107,9107,UPI,201.99,Paid
9108,9108,UPI,0,Cancelled
9109,9109,Credit Card,150.3,Paid
9110,9110,UPI,112.01,Paid
9111,9111,Debit Card,128.88,Paid
9112,9112,UPI,420.8,Paid
9113,9113,Credit Card,159.2,Paid
9114,9114,UPI,149.42,Paid
9115,9115,UPI,454.95,Paid
9116,9116,UPI,152.17,Paid
9117,9117,Credit Card,0,Failed
9118,9118,Credit Card,0,Cancelled
9119,9119,Cash,240.88,Paid
9120,9120,Debit Card,79.3,Paid
9121,9121,UPI,355.57,Paid
9122,9122,Credit Card,138.74,Paid
9123,9123,UPI,142.14,Paid
9124,9124,Credit Card,155.6,Paid
9125,9125,Debit Card,121.42,Paid
9126,9126,Debit Card,260.47,Paid
9127,9127,UPI,0,Failed
9128,9128,Credit Card,0,Refunded
9129,9129,Cash,103.7,Paid
9130,9130,UPI,77.09,Paid
9131,9131,UPI,0,Refunded
9132,9132,UPI,229.54,Paid
9133,9133,UPI,68.54,Paid
9134,9134,UPI,242,Paid
9135,9135,UPI,121.44,Paid
9136,9136,UPI,0,Cancelled
9137,9137,Debit Card,88.23,Paid
9138,9138,UPI,136.72,Paid
9139,9139,Wallet,286.19,Paid
9140,9140,UPI,323.14,Paid
9141,9141,Cash,199.74,Paid
9142,9142,UPI,132.11,Paid
9143,9143,UPI,81.65,Paid
9144,9144,Wallet,203.18,Paid
9145,9145,Credit Card,227.77,Paid
9146,9146,UPI,219.39,Paid
9147,9147,Debit Card,243.94,Paid
9148,9148,Debit Card,182.87,Paid
9149,9149,Cash,295.27,Paid
9150,9150,Cash,187.47,Paid
9151,9151,Debit Card,262.05,Paid
9152,9152,UPI,0,Refunded
9153,9153,UPI,207.58,Paid
9154,9154,UPI,101.29,Paid
9155,9155,UPI,367.69,Paid
9156,9156,UPI,405.46,Paid
9157,9157,UPI,108.56,Paid
9158,9158,UPI,228.71,Paid
9159,9159,Credit Card,159.84,Paid
9160,9160,UPI,217.37,Paid
9161,9161,Cash,162.85,Paid
9162,9162,Wallet,212.7,Paid
9163,9163,Credit Card,235.98,Paid
9164,9164,UPI,181.6,Paid
9165,9165,Wallet,0,Cancelled
9166,9166,Credit Card,0,Failed
9167,9167,Credit Card,232.58,Paid
9168,9168,Credit Card,145.5,Paid
9169,9169,UPI,314.83,Paid
9170,9170,Debit Card,161.49,Paid
9171,9171,Credit Card,84.79,Paid
9172,9172,UPI,121.02,Paid
9173,9173,UPI,100.66,Paid
9174,9174,UPI,114.47,Paid
9175,9175,Cash,182.9,Paid
9176,9176,Credit Card,115.36,Paid
9177,9177,Wallet,442.11,Paid
9178,9178,UPI,234.59,Paid
9179,9179,Wallet,101.92,Paid
9180,9180,Wallet,183.83,Paid
9181,9181,Debit Card,242.55,Paid
9182,9182,Debit Card,407.38,Paid
9183,9183,UPI,123.2,Paid
9184,9184,UPI,191.35,Paid
9185,9185,UPI,156.49,Paid
9186,9186,Wallet,346.55,Paid
9187,9187,UPI,244.49,Paid
9188,9188,Credit Card,195.12,Paid
9189,9189,UPI,184.74,Paid
9190,9190,UPI,116.33,Paid
9191,9191,UPI,207.78,Paid
9192,9192,UPI,0,Refunded
9193,9193,Debit Card,288.63,Paid
9194,9194,Credit Card,0,Refunded
9195,9195,Debit Card,135.2,Paid
9196,9196,Credit Card,0,Cancelled
9197,9197,Cash,134.85,Paid
9198,9198,UPI,0,Cancelled
9199,9199,Debit Card,169.39,Paid
9200,9200,UPI,270.11,Paid
9201,9201,Credit Card,267.68,Paid
9202,9202,Wallet,0,Refunded
9203,9203,UPI,376.24,Paid
9204,9204,Wallet,108.93,Paid
9205,9205,UPI,122.17,Paid
9206,9206,Wallet,139.49,Paid
9207,9207,UPI,258.75,Paid
9208,9208,UPI,102.28,Paid
9209,9209,Debit Card,0,Failed
9210,9210,Cash,0,Cancelled
9211,9211,UPI,140.16,Paid
9212,9212,Wallet,164.37,Paid
9213,9213,UPI,143,Paid
9214,9214,Cash,170.1,Paid
9215,9215,Cash,119.56,Paid
9216,9216,Debit Card,120.34,Paid
9217,9217,Cash,196,Paid
9218,9218,UPI,0,Cancelled
9219,9219,Wallet,0,Cancelled
9220,9220,Credit Card,176.71,Paid
9221,9221,UPI,0,Refunded
9222,9222,UPI,114.99,Paid
9223,9223,Credit Card,258.46,Paid
9224,9224,UPI,170.36,Paid
9225,9225,UPI,421.23,Paid
9226,9226,UPI,222.97,Paid
9227,9227,UPI,342.94,Paid
9228,9228,Cash,302,Paid
9229,9229,UPI,170.62,Paid
9230,9230,Credit Card,223.93,Paid
9231,9231,Credit Card,176.62,Paid
9232,9232,Credit Card,243.91,Paid
9233,9233,UPI,234.22,Paid
9234,9234,Cash,155.92,Paid
9235,9235,Debit Card,226.51,Paid
9236,9236,Debit Card,0,Cancelled
9237,9237,Cash,243.77,Paid
9238,9238,Cash,233.73,Paid
9239,9239,Debit Card,144.11,Paid
9240,9240,Debit Card,139.33,Paid
9241,9241,UPI,161.87,Paid
9242,9242,UPI,594.13,Paid
9243,9243,Debit Card,0,Cancelled
9244,9244,UPI,146.46,Paid
9245,9245,Credit Card,79.72,Paid
9246,9246,UPI,0,Cancelled
9247,9247,UPI,239.93,Paid
9248,9248,Credit Card,0,Refunded
9249,9249,UPI,160.37,Paid
9250,9250,Cash,180.31,Paid
9251,9251,UPI,192.61,Paid
9252,9252,Debit Card,182.19,Paid
9253,9253,Credit Card,124.21,Paid
9254,9254,UPI,326.99,Paid
9255,9255,UPI,157.3,Paid
9256,9256,Credit Card,109.17,Paid
9257,9257,UPI,192.76,Paid
9258,9258,Cash,178.53,Paid
9259,9259,UPI,0,Refunded
9260,9260,Credit Card,0,Refunded
9261,9261,UPI,145.89,Paid
9262,9262,UPI,182.4,Paid
9263,9263,UPI,218.13,Paid
9264,9264,Cash,237.17,Paid
9265,9265,Cash,0,Cancelled
9266,9266,UPI,126.51,Paid
9267,9267,Credit Card,0,Refunded
9268,9268,UPI,128.71,Paid
9269,9269,Debit Card,159.22,Paid
9270,9270,UPI,0,Refunded
9271,9271,Cash,193.45,Paid
9272,9272,UPI,175.45,Paid
9273,9273,UPI,162.76,Paid
9274,9274,Cash,149.97,Paid
9275,9275,UPI,186.07,Paid
9276,9276,Cash,0,Cancelled
9277,9277,UPI,282.25,Paid
9278,9278,Credit Card,0,Failed
9279,9279,UPI,243.7,Paid
9280,9280,UPI,735.87,Paid
9281,9281,Cash,0,Refunded
9282,9282,Credit Card,117.54,Paid
9283,9283,UPI,116.26,Paid
9284,9284,Wallet,136.91,Paid
9285,9285,UPI,203.79,Paid
9286,9286,Cash,144.1,Paid
9287,9287,Cash,0,Failed
9288,9288,UPI,0,Refunded
9289,9289,UPI,114.08,Paid
9290,9290,Credit Card,173.56,Paid
9291,9291,Credit Card,0,Failed
9292,9292,UPI,199.69,Paid
9293,9293,UPI,154.9,Paid
9294,9294,UPI,331.23,Paid
9295,9295,Credit Card,180.98,Paid
9296,9296,Debit Card,372.46,Paid
9297,9297,UPI,227.95,Paid
9298,9298,UPI,148.03,Paid
9299,9299,UPI,188.95,Paid
9300,9300,UPI,157.94,Paid
9301,9301,UPI,132.53,Paid
9302,9302,UPI,139.47,Paid
9303,9303,UPI,0,Cancelled
9304,9304,UPI,267.89,Paid
9305,9305,UPI,0,Cancelled
9306,9306,Debit Card,0,Failed
9307,9307,Debit Card,135.68,Paid
9308,9308,Debit Card,442.32,Paid
9309,9309,Wallet,0,Refunded
9310,9310,UPI,147.29,Paid
9311,9311,UPI,0,Cancelled
9312,9312,Cash,234.83,Paid
9313,9313,Credit Card,303.18,Paid
9314,9314,Wallet,65.74,Paid
9315,9315,UPI,461.11,Paid
9316,9316,Cash,294.48,Paid
9317,9317,Cash,164.58,Paid
9318,9318,Wallet,97.11,Paid
9319,9319,Wallet,108.3,Paid
9320,9320,Wallet,125.36,Paid
9321,9321,Cash,159.44,Paid
9322,9322,UPI,278.38,Paid
9323,9323,Credit Card,218.75,Paid
9324,9324,Wallet,154.96,Paid
9325,9325,UPI,302.5,Paid
9326,9326,Cash,291.95,Paid
9327,9327,Debit Card,174.08,Paid
9328,9328,Cash,0,Failed
9329,9329,Debit Card,300.57,Paid
9330,9330,UPI,229.59,Paid
9331,9331,UPI,207.14,Paid
9332,9332,Debit Card,123.39,Paid
9333,9333,UPI,76.96,Paid
9334,9334,UPI,0,Refunded
9335,9335,UPI,186.16,Paid
9336,9336,UPI,113.41,Paid
9337,9337,UPI,0,Refunded
9338,9338,Cash,172.13,Paid
9339,9339,Debit Card,181.29,Paid
9340,9340,Debit Card,237.93,Paid
9341,9341,Debit Card,126.66,Paid
9342,9342,Credit Card,281,Paid
9343,9343,UPI,133.5,Paid
9344,9344,Wallet,404.43,Paid
9345,9345,UPI,238.35,Paid
9346,9346,UPI,0,Failed
9347,9347,UPI,150.21,Paid
9348,9348,Cash,102.34,Paid
9349,9349,Credit Card,146.77,Paid
9350,9350,UPI,189.88,Paid
9351,9351,UPI,486.93,Paid
9352,9352,Wallet,137.94,Paid
9353,9353,Debit Card,189.63,Paid
9354,9354,UPI,295.47,Paid
9355,9355,UPI,165.75,Paid
9356,9356,UPI,0,Refunded
9357,9357,UPI,0,Refunded
9358,9358,UPI,86.47,Paid
9359,9359,Cash,188.43,Paid
9360,9360,Credit Card,108.39,Paid
9361,9361,UPI,266.12,Paid
9362,9362,UPI,192.37,Paid
9363,9363,UPI,0,Refunded
9364,9364,Debit Card,132.01,Paid
9365,9365,Cash,153.09,Paid
9366,9366,Cash,0,Cancelled
9367,9367,UPI,0,Cancelled
9368,9368,Debit Card,238.97,Paid
9369,9369,UPI,224.19,Paid
9370,9370,UPI,156.81,Paid
9371,9371,Credit Card,134.67,Paid
9372,9372,Debit Card,151.03,Paid
9373,9373,Cash,64.9,Paid
9374,9374,Wallet,0,Cancelled
9375,9375,UPI,205.56,Paid
9376,9376,Credit Card,0,Cancelled
9377,9377,Debit Card,0,Failed
9378,9378,Debit Card,144.72,Paid
9379,9379,Credit Card,150.71,Paid
9380,9380,UPI,210.97,Paid
9381,9381,Cash,186.3,Paid
9382,9382,Cash,0,Refunded
9383,9383,Cash,505.03,Paid
9384,9384,Cash,160.27,Paid
9385,9385,Debit Card,0,Failed
9386,9386,UPI,113.96,Paid
9387,9387,UPI,222.6,Paid
9388,9388,UPI,265.48,Paid
9389,9389,Debit Card,180.06,Paid
9390,9390,Debit Card,0,Refunded
9391,9391,Debit Card,0,Cancelled
9392,9392,Credit Card,270.19,Paid
9393,9393,Credit Card,213.98,Paid
9394,9394,UPI,100.5,Paid
9395,9395,UPI,135.85,Paid
9396,9396,UPI,165.89,Paid
9397,9397,Credit Card,418.92,Paid
9398,9398,UPI,256.86,Paid
9399,9399,UPI,0,Cancelled
9400,9400,Cash,206.11,Paid
9401,9401,UPI,419.94,Paid
9402,9402,Credit Card,326.56,Paid
9403,9403,UPI,0,Refunded
9404,9404,UPI,256.03,Paid
9405,9405,UPI,0,Cancelled
9406,9406,UPI,130.87,Paid
9407,9407,UPI,181.28,Paid
9408,9408,Credit Card,231.93,Paid
9409,9409,Cash,224.01,Paid
9410,9410,Wallet,389.48,Paid
9411,9411,UPI,0,Refunded
9412,9412,Cash,154.58,Paid
9413,9413,UPI,173.21,Paid
9414,9414,Cash,136.09,Paid
9415,9415,Credit Card,311.08,Paid
9416,9416,UPI,238.09,Paid
9417,9417,UPI,290.63,Paid
9418,9418,UPI,142.26,Paid
9419,9419,UPI,0,Refunded
9420,9420,Debit Card,230.49,Paid
9421,9421,Credit Card,0,Refunded
9422,9422,Cash,111.48,Paid
9423,9423,Credit Card,0,Cancelled
9424,9424,Credit Card,117.55,Paid
9425,9425,UPI,143.3,Paid
9426,9426,Credit Card,136.86,Paid
9427,9427,UPI,106.01,Paid
9428,9428,Credit Card,0,Refunded
9429,9429,Cash,92.29,Paid
9430,9430,Debit Card,0,Cancelled
9431,9431,UPI,79.8,Paid
9432,9432,Wallet,286.55,Paid
9433,9433,UPI,0,Refunded
9434,9434,Credit Card,91.73,Paid
9435,9435,Credit Card,0,Cancelled
9436,9436,Credit Card,194.65,Paid
9437,9437,Cash,0,Cancelled
9438,9438,UPI,181.37,Paid
9439,9439,UPI,247.84,Paid
9440,9440,UPI,203.12,Paid
9441,9441,Debit Card,100.34,Paid
9442,9442,Credit Card,0,Failed
9443,9443,UPI,0,Failed
9444,9444,Credit Card,125.15,Paid
9445,9445,UPI,134.44,Paid
9446,9446,Credit Card,128.61,Paid
9447,9447,Cash,258.47,Paid
9448,9448,Cash,207.36,Paid
9449,9449,UPI,562.63,Paid
9450,9450,Credit Card,156.81,Paid
9451,9451,Cash,131.43,Paid
9452,9452,UPI,132.69,Paid
9453,9453,UPI,213,Paid
9454,9454,UPI,0,Refunded
9455,9455,UPI,194.3,Paid
9456,9456,UPI,155.62,Paid
9457,9457,Credit Card,602.43,Paid
9458,9458,Wallet,266.3,Paid
9459,9459,Cash,111.4,Paid
9460,9460,Credit Card,212.97,Paid
9461,9461,Credit Card,276.82,Paid
9462,9462,Debit Card,201.64,Paid
9463,9463,UPI,0,Failed
9464,9464,Credit Card,262.82,Paid
9465,9465,Credit Card,0,Cancelled
9466,9466,UPI,261.13,Paid
9467,9467,Credit Card,80.5,Paid
9468,9468,Debit Card,125.05,Paid
9469,9469,UPI,270.86,Paid
9470,9470,Cash,93.24,Paid
9471,9471,Cash,117.92,Paid
9472,9472,Wallet,176.84,Paid
9473,9473,UPI,171.95,Paid
9474,9474,Credit Card,103.78,Paid
9475,9475,UPI,413.13,Paid
9476,9476,UPI,257.28,Paid
9477,9477,Credit Card,398.26,Paid
9478,9478,Wallet,0,Cancelled
9479,9479,UPI,284.7,Paid
9480,9480,UPI,281.22,Paid
9481,9481,Debit Card,175.22,Paid
9482,9482,Cash,203.55,Paid
9483,9483,UPI,0,Cancelled
9484,9484,Credit Card,155.8,Paid
9485,9485,UPI,193.09,Paid
9486,9486,Debit Card,0,Refunded
9487,9487,UPI,548.2,Paid
9488,9488,Debit Card,157.77,Paid
9489,9489,Debit Card,231.2,Paid
9490,9490,Wallet,243.6,Paid
9491,9491,Credit Card,185.91,Paid
9492,9492,UPI,98.23,Paid
9493,9493,Debit Card,0,Refunded
9494,9494,Debit Card,146.66,Paid
9495,9495,Cash,144.86,Paid
9496,9496,Credit Card,299.31,Paid
9497,9497,Debit Card,0,Refunded
9498,9498,Wallet,228.4,Paid
9499,9499,UPI,246.16,Paid
9500,9500,Debit Card,364.12,Paid
9501,9501,Credit Card,101.52,Paid
9502,9502,UPI,239.35,Paid
9503,9503,UPI,0,Refunded
9504,9504,Debit Card,119.71,Paid
9505,9505,UPI,266.66,Paid
9506,9506,UPI,0,Cancelled
9507,9507,UPI,270.38,Paid
9508,9508,UPI,209.39,Paid
9509,9509,UPI,160.75,Paid
9510,9510,Credit Card,144.44,Paid
9511,9511,UPI,109.07,Paid
9512,9512,UPI,0,Refunded
9513,9513,Cash,324.79,Paid
9514,9514,Credit Card,98.55,Paid
9515,9515,Credit Card,146.49,Paid
9516,9516,Cash,138.35,Paid
9517,9517,Debit Card,159.67,Paid
9518,9518,UPI,173.94,Paid
9519,9519,UPI,261.61,Paid
9520,9520,Debit Card,259.4,Paid
9521,9521,UPI,145.09,Paid
9522,9522,UPI,0,Cancelled
9523,9523,Debit Card,299.04,Paid
9524,9524,Debit Card,103.48,Paid
9525,9525,Cash,285.93,Paid
9526,9526,Credit Card,0,Cancelled
9527,9527,Credit Card,84.39,Paid
9528,9528,Credit Card,109.58,Paid
9529,9529,UPI,401.57,Paid
9530,9530,Credit Card,107.32,Paid
9531,9531,UPI,0,Failed
9532,9532,Wallet,419.79,Paid
9533,9533,UPI,162.89,Paid
9534,9534,Cash,177.06,Paid
9535,9535,Cash,194.28,Paid
9536,9536,UPI,248.04,Paid
9537,9537,Credit Card,195.13,Paid
9538,9538,Cash,204.89,Paid
9539,9539,Credit Card,362.16,Paid
9540,9540,UPI,335.76,Paid
9541,9541,UPI,78.63,Paid
9542,9542,UPI,211.31,Paid
9543,9543,Cash,151.91,Paid
9544,9544,Debit Card,310.02,Paid
9545,9545,UPI,230.8,Paid
9546,9546,Cash,0,Cancelled
9547,9547,Credit Card,176.61,Paid
9548,9548,Cash,0,Refunded
9549,9549,Cash,179.41,Paid
9550,9550,Debit Card,114.55,Paid
9551,9551,UPI,148.28,Paid
9552,9552,Credit Card,83.71,Paid
9553,9553,Credit Card,120.68,Paid
9554,9554,Cash,0,Cancelled
9555,9555,UPI,0,Refunded
9556,9556,Credit Card,92.03,Paid
9557,9557,Cash,108.39,Paid
9558,9558,UPI,0,Cancelled
9559,9559,Credit Card,0,Cancelled
9560,9560,Cash,139.49,Paid
9561,9561,Credit Card,260.44,Paid
9562,9562,UPI,101.11,Paid
9563,9563,Debit Card,195.01,Paid
9564,9564,UPI,96.62,Paid
9565,9565,Credit Card,194.1,Paid
9566,9566,UPI,262.55,Paid
9567,9567,Credit Card,201.51,Paid
9568,9568,Cash,103.92,Paid
9569,9569,Wallet,0,Cancelled
9570,9570,UPI,0,Cancelled
9571,9571,Credit Card,273.88,Paid
9572,9572,UPI,98.05,Paid
9573,9573,Debit Card,136.98,Paid
9574,9574,Debit Card,228.55,Paid
9575,9575,Credit Card,324.37,Paid
9576,9576,Credit Card,234.9,Paid
9577,9577,Credit Card,119.77,Paid
9578,9578,UPI,107.4,Paid
9579,9579,Credit Card,166.02,Paid
9580,9580,Cash,0,Refunded
9581,9581,UPI,218.22,Paid
9582,9582,Credit Card,229.25,Paid
9583,9583,UPI,336.97,Paid
9584,9584,Debit Card,194.15,Paid
9585,9585,UPI,282.42,Paid
9586,9586,Debit Card,149.33,Paid
9587,9587,UPI,205.6,Paid
9588,9588,Credit Card,0,Refunded
9589,9589,Debit Card,116.02,Paid
9590,9590,UPI,76.94,Paid
9591,9591,UPI,260.95,Paid
9592,9592,Cash,191.61,Paid
9593,9593,Credit Card,255.74,Paid
9594,9594,Credit Card,0,Cancelled
9595,9595,Credit Card,205.34,Paid
9596,9596,Debit Card,197.14,Paid
9597,9597,UPI,0,Refunded
9598,9598,Credit Card,106.7,Paid
9599,9599,Cash,127.77,Paid
9600,9600,UPI,149.45,Paid
9601,9601,Debit Card,210.66,Paid
9602,9602,UPI,179.03,Paid
9603,9603,UPI,172.7,Paid
9604,9604,UPI,185.89,Paid
9605,9605,Debit Card,181.95,Paid
9606,9606,Credit Card,303.86,Paid
9607,9607,UPI,265.42,Paid
9608,9608,UPI,130.1,Paid
9609,9609,Cash,0,Cancelled
9610,9610,Debit Card,189.65,Paid
9611,9611,Credit Card,0,Refunded
9612,9612,UPI,88.89,Paid
9613,9613,Wallet,177.64,Paid
9614,9614,UPI,120.13,Paid
9615,9615,Wallet,0,Cancelled
9616,9616,UPI,130.96,Paid
9617,9617,Cash,0,Failed
9618,9618,Credit Card,0,Refunded
9619,9619,Wallet,225.22,Paid
9620,9620,UPI,236.56,Paid
9621,9621,Wallet,181.45,Paid
9622,9622,UPI,223.71,Paid
9623,9623,UPI,305.66,Paid
9624,9624,Credit Card,0,Cancelled
9625,9625,Debit Card,289.27,Paid
9626,9626,UPI,268.23,Paid
9627,9627,Debit Card,265.11,Paid
9628,9628,Wallet,0,Refunded
9629,9629,Debit Card,92.43,Paid
9630,9630,Cash,0,Refunded
9631,9631,Cash,0,Refunded
9632,9632,UPI,141.04,Paid
9633,9633,Debit Card,89.13,Paid
9634,9634,Debit Card,101.92,Paid
9635,9635,UPI,463.58,Paid
9636,9636,Credit Card,188.29,Paid
9637,9637,Debit Card,242.23,Paid
9638,9638,UPI,407.6,Paid
9639,9639,Credit Card,230.38,Paid
9640,9640,UPI,92.84,Paid
9641,9641,Credit Card,137.56,Paid
9642,9642,UPI,93.86,Paid
9643,9643,Debit Card,0,Failed
9644,9644,Debit Card,166.4,Paid
9645,9645,Credit Card,548.46,Paid
9646,9646,UPI,0,Cancelled
9647,9647,Debit Card,0,Cancelled
9648,9648,UPI,227.94,Paid
9649,9649,Credit Card,114.08,Paid
9650,9650,Debit Card,102.51,Paid
9651,9651,UPI,220.95,Paid
9652,9652,Wallet,0,Cancelled
9653,9653,UPI,109.39,Paid
9654,9654,Debit Card,0,Cancelled
9655,9655,UPI,189.06,Paid
9656,9656,Wallet,252.01,Paid
9657,9657,Credit Card,165.69,Paid
9658,9658,Debit Card,198.47,Paid
9659,9659,UPI,198.59,Paid
9660,9660,Cash,259.16,Paid
9661,9661,Wallet,140.1,Paid
9662,9662,Credit Card,0,Cancelled
9663,9663,Cash,290.52,Paid
9664,9664,Debit Card,163.01,Paid
9665,9665,UPI,304.93,Paid
9666,9666,Cash,0,Refunded
9667,9667,Debit Card,0,Refunded
9668,9668,Cash,389.59,Paid
9669,9669,UPI,0,Cancelled
9670,9670,Credit Card,361.66,Paid
9671,9671,UPI,0,Cancelled
9672,9672,UPI,394.93,Paid
9673,9673,UPI,160.39,Paid
9674,9674,Debit Card,204.37,Paid
9675,9675,UPI,224.33,Paid
9676,9676,Debit Card,481.84,Paid
9677,9677,Debit Card,0,Cancelled
9678,9678,Credit Card,302.23,Paid
9679,9679,Debit Card,295.67,Paid
9680,9680,Credit Card,0,Failed
9681,9681,Debit Card,299.82,Paid
9682,9682,UPI,103.06,Paid
9683,9683,Debit Card,172.98,Paid
9684,9684,UPI,302.4,Paid
9685,9685,Wallet,0,Refunded
9686,9686,UPI,0,Cancelled
9687,9687,UPI,198.63,Paid
9688,9688,Credit Card,77.82,Paid
9689,9689,Wallet,0,Refunded
9690,9690,Credit Card,0,Cancelled
9691,9691,UPI,113.74,Paid
9692,9692,UPI,181.39,Paid
9693,9693,Credit Card,77.97,Paid
9694,9694,UPI,126.86,Paid
9695,9695,Credit Card,206.28,Paid
9696,9696,Wallet,0,Refunded
9697,9697,Wallet,153.36,Paid
9698,9698,Wallet,0,Refunded
9699,9699,UPI,129.4,Paid
9700,9700,Wallet,0,Cancelled
9701,9701,UPI,214.89,Paid
9702,9702,Credit Card,383.33,Paid
9703,9703,Cash,86.97,Paid
9704,9704,Debit Card,134.72,Paid
9705,9705,Wallet,0,Failed
9706,9706,UPI,106.11,Paid
9707,9707,UPI,162.01,Paid
9708,9708,UPI,0,Failed
9709,9709,UPI,0,Cancelled
9710,9710,Cash,156.88,Paid
9711,9711,Credit Card,0,Refunded
9712,9712,Credit Card,207.45,Paid
9713,9713,UPI,135.44,Paid
9714,9714,UPI,247.74,Paid
9715,9715,Debit Card,563.1,Paid
9716,9716,Debit Card,180.24,Paid
9717,9717,UPI,73.74,Paid
9718,9718,Debit Card,472.1,Paid
9719,9719,UPI,0,Cancelled
9720,9720,UPI,136.81,Paid
9721,9721,UPI,0,Cancelled
9722,9722,Debit Card,0,Cancelled
9723,9723,Credit Card,137.73,Paid
9724,9724,Cash,120.76,Paid
9725,9725,Wallet,129.1,Paid
9726,9726,UPI,0,Cancelled
9727,9727,Credit Card,393.81,Paid
9728,9728,Cash,365.95,Paid
9729,9729,UPI,0,Refunded
9730,9730,UPI,79.45,Paid
9731,9731,Wallet,148.04,Paid
9732,9732,Cash,126.31,Paid
9733,9733,Credit Card,0,Refunded
9734,9734,UPI,0,Refunded
9735,9735,UPI,348.35,Paid
9736,9736,Debit Card,183.73,Paid
9737,9737,UPI,0,Cancelled
9738,9738,Credit Card,194.28,Paid
9739,9739,UPI,0,Cancelled
9740,9740,Credit Card,212.07,Paid
9741,9741,UPI,0,Refunded
9742,9742,UPI,244.73,Paid
9743,9743,Credit Card,111.99,Paid
9744,9744,Credit Card,280.98,Paid
9745,9745,Cash,102.91,Paid
9746,9746,Wallet,0,Refunded
9747,9747,UPI,189.77,Paid
9748,9748,UPI,0,Cancelled
9749,9749,Debit Card,338.07,Paid
9750,9750,Debit Card,142,Paid
9751,9751,UPI,249.93,Paid
9752,9752,UPI,187.25,Paid
9753,9753,UPI,295.1,Paid
9754,9754,Credit Card,406.48,Paid
9755,9755,Credit Card,136.53,Paid
9756,9756,Credit Card,109.96,Paid
9757,9757,Credit Card,0,Failed
9758,9758,Debit Card,348.96,Paid
9759,9759,UPI,172.85,Paid
9760,9760,Debit Card,197.27,Paid
9761,9761,Credit Card,0,Cancelled
9762,9762,UPI,142.84,Paid
9763,9763,Credit Card,104.37,Paid
9764,9764,UPI,0,Refunded
9765,9765,UPI,239.33,Paid
9766,9766,UPI,214.84,Paid
9767,9767,Wallet,0,Refunded
9768,9768,UPI,97.4,Paid
9769,9769,Credit Card,403.01,Paid
9770,9770,UPI,346.11,Paid
9771,9771,Debit Card,0,Cancelled
9772,9772,UPI,127.36,Paid
9773,9773,Credit Card,69.67,Paid
9774,9774,UPI,381.34,Paid
9775,9775,UPI,187.63,Paid
9776,9776,Credit Card,116.22,Paid
9777,9777,Credit Card,265.13,Paid
9778,9778,UPI,145.78,Paid
9779,9779,Credit Card,194.15,Paid
9780,9780,Credit Card,132.44,Paid
9781,9781,UPI,111.37,Paid
9782,9782,UPI,0,Refunded
9783,9783,UPI,144.01,Paid
9784,9784,UPI,407.74,Paid
9785,9785,Credit Card,82.45,Paid
9786,9786,UPI,197.85,Paid
9787,9787,Cash,0,Refunded
9788,9788,Credit Card,0,Failed
9789,9789,Credit Card,144.89,Paid
9790,9790,UPI,221,Paid
9791,9791,UPI,84.51,Paid
9792,9792,Cash,0,Cancelled
9793,9793,UPI,293.67,Paid
9794,9794,UPI,287.28,Paid
9795,9795,UPI,91.83,Paid
9796,9796,UPI,0,Cancelled
9797,9797,Credit Card,213.48,Paid
9798,9798,UPI,325.3,Paid
9799,9799,Cash,127.94,Paid
9800,9800,UPI,188.98,Paid
9801,9801,Wallet,178.71,Paid
9802,9802,Debit Card,0,Failed
9803,9803,Debit Card,0,Cancelled
9804,9804,UPI,145.78,Paid
9805,9805,Wallet,0,Cancelled
9806,9806,Debit Card,153.73,Paid
9807,9807,Credit Card,478.13,Paid
9808,9808,Cash,0,Cancelled
9809,9809,UPI,392.97,Paid
9810,9810,UPI,197.65,Paid
9811,9811,Debit Card,0,Refunded
9812,9812,Wallet,145.78,Paid
9813,9813,Cash,456.97,Paid
9814,9814,UPI,0,Failed
9815,9815,Credit Card,222.65,Paid
9816,9816,Cash,184.57,Paid
9817,9817,UPI,105.91,Paid
9818,9818,UPI,91.31,Paid
9819,9819,Debit Card,275.5,Paid
9820,9820,Credit Card,0,Cancelled
9821,9821,UPI,144.53,Paid
9822,9822,Credit Card,332.51,Paid
9823,9823,Wallet,249.55,Paid
9824,9824,UPI,132.34,Paid
9825,9825,UPI,0,Refunded
9826,9826,Wallet,309.56,Paid
9827,9827,UPI,0,Failed
9828,9828,Debit Card,169.25,Paid
9829,9829,Credit Card,118.76,Paid
9830,9830,UPI,181.99,Paid
9831,9831,UPI,488.92,Paid
9832,9832,Debit Card,142.69,Paid
9833,9833,Credit Card,103.61,Paid
9834,9834,UPI,0,Refunded
9835,9835,Credit Card,184.58,Paid
9836,9836,Cash,0,Refunded
9837,9837,Credit Card,254.14,Paid
9838,9838,UPI,165.24,Paid
9839,9839,Credit Card,231.8,Paid
9840,9840,UPI,228.16,Paid
9841,9841,Credit Card,0,Refunded
9842,9842,Debit Card,126.6,Paid
9843,9843,UPI,152.72,Paid
9844,9844,UPI,492.08,Paid
9845,9845,UPI,322.47,Paid
9846,9846,UPI,0,Cancelled
9847,9847,UPI,147.68,Paid
9848,9848,UPI,223.35,Paid
9849,9849,UPI,147.73,Paid
9850,9850,UPI,0,Failed
9851,9851,Credit Card,109.75,Paid
9852,9852,Credit Card,272.7,Paid
9853,9853,Debit Card,126.09,Paid
9854,9854,UPI,0,Refunded
9855,9855,Cash,203.08,Paid
9856,9856,Debit Card,293.35,Paid
9857,9857,UPI,232.85,Paid
9858,9858,UPI,174.87,Paid
9859,9859,UPI,143.81,Paid
9860,9860,Debit Card,161.33,Paid
9861,9861,UPI,414.27,Paid
9862,9862,UPI,308.2,Paid
9863,9863,UPI,172.59,Paid
9864,9864,Cash,0,Cancelled
9865,9865,Credit Card,0,Cancelled
9866,9866,UPI,0,Refunded
9867,9867,Wallet,226.03,Paid
9868,9868,UPI,144.97,Paid
9869,9869,Debit Card,0,Refunded
9870,9870,Cash,153.49,Paid
9871,9871,Credit Card,179.43,Paid
9872,9872,UPI,0,Failed
9873,9873,Credit Card,270.25,Paid
9874,9874,Credit Card,110.91,Paid
9875,9875,Debit Card,488.83,Paid
9876,9876,UPI,162.02,Paid
9877,9877,Debit Card,208.53,Paid
9878,9878,UPI,0,Cancelled
9879,9879,Debit Card,103.39,Paid
9880,9880,UPI,199.26,Paid
9881,9881,Wallet,0,Cancelled
9882,9882,Wallet,221.62,Paid
9883,9883,Credit Card,289.64,Paid
9884,9884,Debit Card,292.86,Paid
9885,9885,Cash,0,Cancelled
9886,9886,Debit Card,222.4,Paid
9887,9887,Cash,172.38,Paid
9888,9888,UPI,293.59,Paid
9889,9889,UPI,251.84,Paid
9890,9890,UPI,170.22,Paid
9891,9891,Credit Card,109.29,Paid
9892,9892,Credit Card,132.45,Paid
9893,9893,Cash,175.98,Paid
9894,9894,UPI,222.99,Paid
9895,9895,Credit Card,144.56,Paid
9896,9896,UPI,164.11,Paid
9897,9897,Debit Card,0,Cancelled
9898,9898,UPI,0,Cancelled
9899,9899,UPI,0,Refunded
9900,9900,UPI,107.37,Paid
9901,9901,Credit Card,107.99,Paid
9902,9902,Credit Card,545.23,Paid
9903,9903,Debit Card,180.16,Paid
9904,9904,Wallet,130.59,Paid
9905,9905,Credit Card,205.84,Paid
9906,9906,Debit Card,168.02,Paid
9907,9907,Credit Card,318.28,Paid
9908,9908,Debit Card,155.11,Paid
9909,9909,Wallet,168.93,Paid
9910,9910,Wallet,233.75,Paid
9911,9911,Credit Card,144.41,Paid
9912,9912,Credit Card,0,Cancelled
9913,9913,Cash,59.73,Paid
9914,9914,UPI,247.84,Paid
9915,9915,UPI,0,Cancelled
9916,9916,UPI,258.97,Paid
9917,9917,UPI,346.9,Paid
9918,9918,UPI,155.47,Paid
9919,9919,Debit Card,204.59,Paid
9920,9920,Credit Card,185.11,Paid
9921,9921,UPI,117.01,Paid
9922,9922,Cash,340.12,Paid
9923,9923,UPI,0,Refunded
9924,9924,Credit Card,160.23,Paid
9925,9925,UPI,581.38,Paid
9926,9926,Cash,221.38,Paid
9927,9927,Wallet,262.39,Paid
9928,9928,Cash,0,Cancelled
9929,9929,UPI,319.52,Paid
9930,9930,UPI,0,Refunded
9931,9931,UPI,255.42,Paid
9932,9932,Cash,0,Refunded
9933,9933,Wallet,166.32,Paid
9934,9934,UPI,298.1,Paid
9935,9935,UPI,252.78,Paid
9936,9936,Cash,0,Refunded
9937,9937,UPI,68.93,Paid
9938,9938,UPI,0,Refunded
9939,9939,UPI,159,Paid
9940,9940,UPI,91.18,Paid
9941,9941,UPI,246.13,Paid
9942,9942,Cash,238.81,Paid
9943,9943,UPI,0,Refunded
9944,9944,Credit Card,122.35,Paid
9945,9945,Credit Card,129.44,Paid
9946,9946,Wallet,633.13,Paid
9947,9947,UPI,222.55,Paid
9948,9948,Credit Card,147.58,Paid
9949,9949,Debit Card,247.66,Paid
9950,9950,UPI,224.5,Paid
9951,9951,Credit Card,252.95,Paid
9952,9952,UPI,138.37,Paid
9953,9953,Credit Card,145.19,Paid
9954,9954,UPI,137.63,Paid
9955,9955,UPI,172.28,Paid
9956,9956,Credit Card,242.17,Paid
9957,9957,Credit Card,405.43,Paid
9958,9958,UPI,165.98,Paid
9959,9959,Credit Card,342.55,Paid
9960,9960,UPI,0,Cancelled
9961,9961,Wallet,216.88,Paid
9962,9962,Credit Card,240.45,Paid
9963,9963,UPI,265.74,Paid
9964,9964,UPI,147.26,Paid
9965,9965,Credit Card,0,Cancelled
9966,9966,Wallet,0,Cancelled
9967,9967,Credit Card,392.13,Paid
9968,9968,Cash,324.41,Paid
9969,9969,Credit Card,158.56,Paid
9970,9970,Cash,180.84,Paid
9971,9971,Credit Card,183.93,Paid
9972,9972,Credit Card,0,Cancelled
9973,9973,Credit Card,314.39,Paid
9974,9974,Debit Card,0,Cancelled
9975,9975,Credit Card,0,Cancelled
9976,9976,Cash,0,Refunded
9977,9977,Wallet,86.92,Paid
9978,9978,Credit Card,170.41,Paid
9979,9979,UPI,115.38,Paid
9980,9980,Credit Card,178.12,Paid
9981,9981,Debit Card,170.24,Paid
9982,9982,Credit Card,145.96,Paid
9983,9983,UPI,313.57,Paid
9984,9984,UPI,142.88,Paid
9985,9985,UPI,173.24,Paid
9986,9986,Cash,183.72,Paid
9987,9987,Debit Card,132.11,Paid
9988,9988,UPI,362.03,Paid
9989,9989,UPI,375.72,Paid
9990,9990,Wallet,0,Cancelled
9991,9991,Debit Card,122.16,Paid
9992,9992,UPI,177.37,Paid
9993,9993,Wallet,265.96,Paid
9994,9994,Wallet,0,Refunded
9995,9995,Wallet,184.55,Paid
9996,9996,UPI,0,Refunded
9997,9997,Credit Card,0,Cancelled
9998,9998,Debit Card,269.72,Paid
9999,9999,Cash,210.02,Paid
10000,10000,UPI,315.31,Paid
