ride_id,rider_id,driver_id,pickup_location_id,drop_location_id,ride_date,ride_time,distance_km,duration_minutes,fare,status
1,514,65,21,19,2025-06-30,14:08:00,11.75,57,278.93,Completed
2,946,41,22,40,2025-07-03,09:36:00,10.36,44,191.18,Completed
3,349,123,1,13,2025-08-14,00:35:00,16.67,66,250.51,Completed
4,917,170,21,36,2025-09-22,05:42:00,10.11,49,176.12,Completed
5,7,116,20,3,2025-10-05,05:15:00,6.51,30,174.8,Cancelled
6,500,66,9,22,2025-03-30,01:58:00,6.31,32,168.4,Completed
7,475,116,27,25,2025-06-25,15:37:00,6.69,34,146.21,No_Show
8,524,221,29,20,2025-01-18,02:11:00,10.38,57,225.47,Completed
9,852,139,33,28,2025-04-16,06:05:00,4.51,25,121.33,No_Show
10,57,101,1,3,2025-09-28,23:10:00,5.07,21,144.45,Completed
11,590,50,3,22,2025-11-15,06:20:00,3.76,19,125.79,Completed
12,586,71,32,37,2025-06-16,23:18:00,4.41,24,117.63,Completed
13,233,163,20,38,2025-01-13,03:34:00,7.54,45,166.8,Completed
14,791,222,17,18,2025-12-03,13:05:00,21.45,99,360.5,Cancelled
15,30,80,37,20,2025-02-01,16:21:00,3.65,15,116.74,Completed
16,367,79,38,5,2025-02-09,05:54:00,16.01,81,325.54,Driver_Cancelled
17,826,232,10,9,2025-05-28,03:23:00,5.31,29,133.46,Completed
18,607,20,29,29,2025-08-06,16:57:00,15.02,63,306.52,Completed
19,820,156,32,17,2025-08-07,08:28:00,6.64,30,141.7,Cancelled
20,56,123,13,12,2025-03-23,16:22:00,9.85,39,171.42,Completed
21,10,37,31,26,2025-11-29,03:27:00,10.05,48,206.55,Completed
22,915,3,4,33,2025-07-27,22:18:00,7.23,27,140.16,Driver_Cancelled
23,147,93,18,33,2025-07-20,18:48:00,7.09,39,142.56,Driver_Cancelled
24,364,187,11,36,2025-11-28,18:44:00,19.24,92,313.95,No_Show
25,599,101,18,29,2025-02-07,10:05:00,8.7,39,175.97,Driver_Cancelled
26,253,201,37,22,2025-07-30,10:20:00,6.63,27,113.72,Completed
27,699,155,33,18,2025-11-23,01:24:00,26.66,103,412.82,Cancelled
28,940,32,37,17,2025-09-06,23:04:00,28.04,131,469.19,Completed
29,745,48,3,24,2025-08-15,15:39:00,35.6,116,439.69,No_Show
30,253,46,1,22,2025-02-17,05:19:00,3.12,15,116.39,Completed
31,443,114,19,5,2025-01-18,07:50:00,1.78,12,86.23,Completed
32,736,231,6,1,2025-10-22,14:43:00,9.81,53,172.65,Completed
33,340,95,10,19,2025-07-15,07:22:00,19.96,85,446.36,Completed
34,516,47,37,30,2025-07-06,10:02:00,8.21,38,223.46,Completed
35,353,218,12,39,2025-12-11,00:38:00,18.02,69,236.59,Driver_Cancelled
36,624,40,17,15,2025-08-12,04:39:00,18.84,77,420.86,Cancelled
37,705,131,27,35,2025-11-14,07:11:00,5.26,19,164.06,Completed
38,653,203,2,5,2025-12-31,16:35:00,7.33,39,178.52,Completed
39,323,116,25,6,2025-12-03,20:18:00,2.44,20,91.29,Completed
40,140,157,28,25,2025-08-17,21:01:00,3.82,13,120.15,Completed
41,861,91,37,11,2025-03-18,19:20:00,4.49,25,130.85,Completed
42,951,58,37,22,2025-07-07,22:28:00,3.1,14,133.86,Cancelled
43,445,178,17,34,2025-12-12,10:13:00,9.63,49,240.69,Completed
44,95,239,5,14,2025-09-27,04:18:00,3.03,22,105.6,Completed
45,553,10,19,9,2025-04-05,17:06:00,15.65,73,316.01,Completed
46,420,61,4,20,2025-11-06,02:24:00,19.96,89,425.42,Completed
47,514,249,39,16,2025-05-12,04:49:00,18.15,96,288.19,Completed
48,790,227,38,17,2025-02-08,17:36:00,12.29,52,217.2,Completed
49,150,111,30,17,2025-03-13,08:36:00,1.28,11,87.53,Completed
50,553,121,32,34,2025-10-08,04:06:00,14.23,63,273.86,Completed
51,351,61,37,11,2025-11-29,17:22:00,15.15,65,306.06,Driver_Cancelled
52,116,151,27,35,2025-06-09,00:04:00,4.37,19,99.7,Completed
53,632,6,32,34,2025-07-06,19:20:00,12.91,63,215.52,Completed
54,237,75,11,36,2025-07-10,19:23:00,10.49,47,216.41,Completed
55,270,188,13,8,2025-04-30,19:47:00,6.58,33,165.35,Cancelled
56,861,235,35,19,2025-08-08,13:57:00,10.48,43,198.91,Completed
57,291,115,17,33,2025-02-22,05:03:00,17.93,71,293.8,Cancelled
58,434,155,30,23,2025-08-10,15:46:00,5.35,26,117.79,Completed
59,9,183,18,2,2025-05-11,20:10:00,5.3,35,111.39,Completed
60,751,31,37,8,2025-08-25,06:11:00,10.36,58,217.04,Completed
61,630,123,30,29,2025-09-03,14:23:00,6.54,30,162.4,Completed
62,864,158,26,7,2025-08-14,04:38:00,3.85,18,105.91,Completed
63,827,67,16,29,2025-07-27,08:42:00,15.34,67,270.62,Completed
64,824,13,11,31,2025-04-06,15:00:00,10.68,46,185.73,Driver_Cancelled
65,475,59,4,30,2025-07-19,05:27:00,2.04,14,77.25,Cancelled
66,522,54,15,35,2025-09-04,15:01:00,13.51,66,243.89,Completed
67,537,104,12,25,2025-03-13,20:21:00,12.67,61,221.98,Completed
68,685,21,27,4,2025-11-14,00:22:00,9.77,37,263.83,Completed
69,737,43,4,38,2025-07-04,05:48:00,7.1,45,156.42,Completed
70,11,11,35,17,2025-01-06,04:40:00,6.72,29,151.8,Completed
71,613,109,21,10,2025-07-25,09:44:00,12.33,64,224.35,Driver_Cancelled
72,777,67,36,1,2025-02-01,15:52:00,3.28,27,89.11,No_Show
73,903,166,2,18,2025-04-09,02:38:00,11.01,40,239.7,Completed
74,327,95,39,19,2025-09-13,03:50:00,12.58,58,237.75,Cancelled
75,930,152,28,32,2025-07-06,09:28:00,14.98,74,211.89,Completed
76,595,106,34,31,2025-03-17,20:23:00,5.2,22,118.78,Completed
77,276,51,33,33,2025-06-26,08:22:00,5.93,33,115.38,Completed
78,370,204,8,22,2025-11-11,08:35:00,12.11,57,228.11,Completed
79,490,189,8,1,2025-10-14,21:48:00,5.13,22,148.71,Completed
80,345,46,22,35,2025-12-15,10:59:00,3.31,21,110.95,Completed
81,773,43,27,17,2025-09-12,05:07:00,7.49,24,170.54,Completed
82,368,27,28,34,2025-11-21,15:50:00,23.24,77,435.75,Completed
83,733,85,11,29,2025-07-09,07:58:00,8.82,48,203.11,No_Show
84,311,217,27,6,2025-11-04,22:44:00,2.31,17,89.27,Completed
85,731,158,1,1,2025-12-11,21:00:00,9.61,42,187.08,Completed
86,601,94,39,27,2025-05-07,01:02:00,7.15,27,182.64,Completed
87,485,250,28,12,2025-10-14,23:49:00,4.05,17,102.9,Completed
88,15,127,27,4,2025-09-11,14:48:00,5.97,36,124.13,Completed
89,758,191,8,16,2025-08-01,09:18:00,19.94,87,324.74,Driver_Cancelled
90,688,10,24,11,2025-09-07,04:05:00,4.27,19,90.13,Completed
91,4,131,40,20,2025-03-25,15:50:00,21.43,99,439.74,Driver_Cancelled
92,846,205,36,26,2025-01-13,05:03:00,8.43,50,142.44,Completed
93,376,60,24,28,2025-02-14,02:21:00,6.64,36,138.85,Completed
94,369,27,22,8,2025-05-07,16:36:00,6.93,33,132.15,Driver_Cancelled
95,465,210,10,2,2025-04-24,12:55:00,7.22,38,145.61,Cancelled
96,533,123,4,40,2025-10-03,15:29:00,20.85,99,285.12,No_Show
97,720,173,8,26,2025-07-24,05:57:00,1.95,12,121.47,Completed
98,986,62,39,27,2025-12-03,15:13:00,6.61,35,142.31,Driver_Cancelled
99,137,152,15,33,2025-09-30,12:43:00,7.16,41,146.66,Cancelled
100,834,46,8,7,2025-02-27,15:20:00,12.48,53,188.52,Cancelled
101,363,126,29,36,2025-11-24,03:00:00,8.17,38,193.81,Completed
102,975,206,39,21,2025-08-07,04:01:00,8.66,40,143.32,Completed
103,931,231,35,34,2025-04-19,03:18:00,22.11,104,368.41,Driver_Cancelled
104,216,172,14,23,2025-10-06,20:01:00,8.8,36,157.14,Completed
105,368,249,32,34,2025-06-23,00:29:00,6.33,35,160.66,Completed
106,117,63,7,40,2025-11-24,14:06:00,8.62,36,154.1,Completed
107,179,4,33,7,2025-09-21,13:24:00,9,33,190.95,Completed
108,246,16,35,26,2025-11-11,19:02:00,3.29,18,117.44,Completed
109,128,179,27,40,2025-04-21,03:07:00,16.21,63,321.24,Completed
110,358,74,1,17,2025-07-06,09:57:00,10.88,50,217.52,Driver_Cancelled
111,78,112,6,31,2025-09-26,05:59:00,4.49,25,137.19,Completed
112,741,101,2,39,2025-08-17,18:57:00,10.62,61,198.85,Completed
113,293,219,7,25,2025-06-05,18:50:00,2.88,22,101.66,Completed
114,774,176,8,37,2025-07-08,04:11:00,11.5,52,208.49,Completed
115,82,193,29,15,2025-09-29,02:35:00,13.01,65,298.46,Completed
116,342,197,16,2,2025-01-02,13:15:00,25.74,105,487.07,Completed
117,338,205,29,11,2025-09-03,15:03:00,4.48,26,104.16,Completed
118,819,45,31,32,2025-07-29,22:00:00,8.75,41,186.6,Driver_Cancelled
119,578,131,22,30,2025-10-13,02:25:00,7.81,39,168.51,Completed
120,96,17,10,17,2025-12-25,12:32:00,5.6,30,138.55,Completed
121,145,211,4,24,2025-01-13,03:04:00,4.63,25,131.13,Completed
122,577,165,25,4,2025-04-06,13:27:00,7.58,38,180.28,Completed
123,521,5,13,32,2025-08-09,01:53:00,9.08,39,208.07,Completed
124,397,175,17,19,2025-08-26,16:38:00,6.03,33,169.13,Cancelled
125,996,234,40,3,2025-04-04,02:37:00,10.54,54,226.86,Completed
126,357,44,8,4,2025-12-04,03:10:00,8.29,46,150.49,Completed
127,186,216,23,25,2025-09-26,08:35:00,4.35,16,96.93,Completed
128,670,235,7,9,2025-06-20,04:42:00,13.94,63,296.94,Completed
129,543,161,32,21,2025-04-04,07:13:00,13.28,47,324.84,No_Show
130,151,247,24,23,2025-05-29,04:22:00,7.58,40,172.67,Completed
131,319,21,1,29,2025-04-22,17:28:00,1.69,11,83.25,Completed
132,754,195,36,30,2025-02-24,16:57:00,2.86,16,95.12,Completed
133,668,68,27,25,2025-12-03,22:04:00,16.63,69,312.89,Completed
134,59,243,6,29,2025-04-26,13:30:00,22.53,75,447.22,Completed
135,10,32,31,34,2025-05-23,15:22:00,15.63,77,335.87,Completed
136,857,24,12,14,2025-07-20,06:58:00,5.05,27,107.73,Cancelled
137,124,244,26,22,2025-06-29,08:00:00,13.45,57,213.28,Completed
138,356,163,25,16,2025-07-21,06:46:00,12.55,54,227.05,Completed
139,346,146,4,11,2025-12-30,21:59:00,12.68,51,196.99,Completed
140,794,67,6,14,2025-02-22,20:13:00,8.01,29,136.62,No_Show
141,237,103,13,7,2025-06-29,12:02:00,8.93,40,151.21,Completed
142,333,54,25,5,2025-11-09,00:47:00,3,15,121.22,Driver_Cancelled
143,17,154,31,40,2025-11-04,08:00:00,30.67,138,525.32,Cancelled
144,424,188,22,29,2025-05-17,17:52:00,2.87,18,113.21,No_Show
145,324,125,35,17,2025-07-01,07:23:00,6,28,115.15,Completed
146,23,117,21,30,2025-01-01,20:58:00,27.68,120,432.44,Completed
147,931,216,15,25,2025-02-13,06:20:00,6.92,44,148.96,Completed
148,459,65,3,14,2025-08-15,05:59:00,7.56,25,196.34,Completed
149,460,179,37,22,2025-11-27,23:59:00,8.32,50,166.16,Completed
150,521,114,26,5,2025-04-08,06:13:00,9.14,34,141.17,Completed
151,719,226,17,40,2025-07-27,07:08:00,4.03,28,111.89,No_Show
152,557,188,38,28,2025-09-22,04:29:00,12.25,48,213.28,Completed
153,421,187,35,12,2025-10-15,22:40:00,11.86,62,239.15,Completed
154,965,76,8,36,2025-09-28,13:07:00,7.77,41,138.39,Completed
155,403,17,11,13,2025-05-20,10:59:00,11.18,34,241.95,Completed
156,331,213,24,21,2025-08-25,07:25:00,4.78,20,118.99,Completed
157,457,149,8,32,2025-03-13,08:51:00,19.97,84,437.96,Completed
158,483,195,30,21,2025-06-04,00:42:00,36.3,150,476.2,Completed
159,498,108,1,37,2025-07-09,09:53:00,6.2,32,135.33,Completed
160,27,28,34,38,2025-09-25,02:36:00,8.7,40,179.13,Driver_Cancelled
161,397,217,20,9,2025-11-17,18:03:00,4,21,124.36,Completed
162,953,44,36,37,2025-04-17,14:31:00,12.74,52,193.14,No_Show
163,188,198,34,2,2025-08-20,22:53:00,6.25,24,194.24,Completed
164,140,190,34,3,2025-02-11,14:58:00,6.27,26,134.72,Completed
165,521,170,13,10,2025-07-09,06:10:00,12.34,49,188.17,Completed
166,746,94,6,35,2025-05-19,13:07:00,9.71,39,187.92,Completed
167,92,224,36,9,2025-04-13,07:58:00,4.89,24,124.32,Completed
168,77,22,25,40,2025-06-20,20:04:00,1.97,13,87.91,Completed
169,852,250,27,32,2025-12-17,15:10:00,6.51,30,115.46,Completed
170,244,38,31,21,2025-09-30,22:29:00,2.87,21,113.51,Completed
171,845,14,3,34,2025-08-09,11:12:00,14.04,52,255.09,Driver_Cancelled
172,667,226,28,25,2025-08-01,13:56:00,7.41,36,178.08,Completed
173,730,235,4,32,2025-12-07,14:24:00,5.96,34,130.24,Completed
174,959,111,17,37,2025-02-25,20:21:00,4.95,28,106.27,Completed
175,989,122,38,22,2025-12-08,20:27:00,9.87,46,186.17,Completed
176,797,154,34,25,2025-04-12,16:29:00,7.01,26,166.15,Completed
177,662,168,20,1,2025-07-11,21:07:00,13.91,52,235.16,Completed
178,841,54,13,36,2025-11-06,12:12:00,7.35,39,165.57,Completed
179,88,141,5,21,2025-07-19,08:15:00,13.64,67,235.41,Cancelled
180,618,127,24,16,2025-08-21,21:00:00,5.99,28,123.68,Completed
181,915,222,38,32,2025-08-15,13:18:00,9.7,46,252.13,Completed
182,294,19,17,21,2025-05-19,10:39:00,3.49,23,145.2,Completed
183,95,42,31,28,2025-12-10,18:48:00,7.79,41,178.46,Completed
184,253,41,28,19,2025-11-01,04:25:00,20.59,84,370.23,Completed
185,551,50,1,14,2025-05-29,00:18:00,3.67,15,102.78,Completed
186,399,231,2,23,2025-04-25,05:52:00,11.63,58,240.77,Completed
187,767,131,33,24,2025-03-04,03:09:00,20.82,75,284.66,Completed
188,54,159,40,20,2025-04-14,09:56:00,5.29,25,139.72,Completed
189,928,76,29,32,2025-12-05,21:20:00,6.69,29,162.64,Completed
190,243,143,4,40,2025-12-25,03:47:00,5.15,20,117.66,Completed
191,110,182,18,10,2025-06-05,16:32:00,13.44,43,298.83,Completed
192,766,181,24,1,2025-09-30,00:42:00,14.11,72,258.1,Completed
193,624,173,32,31,2025-01-06,16:00:00,17.68,62,334.5,Completed
194,686,166,9,37,2025-05-27,20:40:00,21.96,86,406.19,Cancelled
195,701,232,16,15,2025-07-03,04:20:00,3.31,16,133.51,Cancelled
196,221,206,21,40,2025-01-28,22:19:00,13.92,42,294,Completed
197,761,99,30,31,2025-02-07,14:18:00,18.45,81,341.96,Completed
198,564,208,3,28,2025-04-29,23:56:00,16.64,79,352.4,Completed
199,162,50,33,10,2025-10-20,07:20:00,4.71,29,125.96,Completed
200,969,152,31,6,2025-09-01,00:34:00,13.57,73,223.83,Completed
201,35,145,14,15,2025-03-09,06:19:00,13.67,46,250.69,Completed
202,966,146,6,27,2025-08-02,16:41:00,6.73,31,151.75,Completed
203,37,42,5,10,2025-08-06,09:34:00,9.77,46,209.93,Completed
204,846,145,29,21,2025-06-26,09:54:00,1.83,15,122.87,Completed
205,829,16,37,19,2025-10-26,15:21:00,11.43,53,159.4,Completed
206,623,85,36,4,2025-06-13,14:33:00,7.82,34,161.57,Completed
207,370,216,21,22,2025-02-27,09:41:00,8.88,47,165.6,Completed
208,177,226,12,38,2025-09-26,05:37:00,8.1,33,163.73,Completed
209,521,52,23,15,2025-11-04,02:45:00,7.59,38,222.87,Completed
210,275,36,14,6,2025-02-27,11:58:00,3.64,12,114.94,Completed
211,983,107,10,11,2025-10-15,13:45:00,5.86,34,113.05,Completed
212,633,219,27,30,2025-04-15,10:28:00,11.3,45,231.66,Cancelled
213,105,167,2,40,2025-08-16,07:19:00,17.26,72,297.64,Completed
214,156,81,14,24,2025-09-04,10:25:00,4.72,27,117.61,Completed
215,336,153,7,22,2025-07-07,18:30:00,10.23,52,185.29,Completed
216,26,115,17,30,2025-03-24,09:04:00,8.56,50,181.58,Completed
217,934,230,20,4,2025-07-05,06:37:00,16.57,80,317.88,Completed
218,296,42,8,6,2025-09-09,15:40:00,7.83,37,202.74,Completed
219,537,149,20,38,2025-12-21,07:03:00,20.37,77,384.66,Completed
220,355,68,36,26,2025-08-26,13:30:00,7.27,28,183.94,Completed
221,886,217,5,19,2025-12-26,16:37:00,7.05,34,213.67,Completed
222,69,187,13,2,2025-07-03,19:58:00,5.11,19,123.54,Completed
223,327,124,39,4,2025-10-11,17:58:00,12.95,51,261.59,Completed
224,151,30,38,5,2025-07-29,03:37:00,19.12,75,281.06,Completed
225,857,185,17,35,2025-10-31,18:29:00,6.28,33,148.03,Completed
226,577,33,6,29,2025-10-23,22:08:00,7.17,30,164.14,Cancelled
227,662,103,19,16,2025-04-07,11:35:00,5.03,31,157.01,Completed
228,320,218,25,12,2025-07-27,22:33:00,3,20,82.12,No_Show
229,757,217,3,21,2025-05-17,13:24:00,5.4,19,114.3,Completed
230,452,53,28,9,2025-07-03,06:55:00,6.87,25,164.66,Driver_Cancelled
231,570,144,26,11,2025-03-17,21:19:00,16.1,52,396.77,Completed
232,668,177,8,8,2025-10-14,18:46:00,5.16,22,142.33,Completed
233,112,216,15,26,2025-05-22,06:26:00,7.15,28,127.47,Completed
234,635,133,1,32,2025-08-25,09:33:00,9.24,42,160.32,Completed
235,462,246,40,39,2025-01-25,15:45:00,4.12,19,88.98,Completed
236,865,247,23,4,2025-10-17,10:18:00,12.15,42,247.23,Completed
237,964,106,36,34,2025-03-08,22:53:00,7,33,154.16,Completed
238,362,231,16,28,2025-09-07,14:57:00,5.97,34,161.44,Cancelled
239,203,77,4,25,2025-04-28,09:43:00,18.36,86,342.05,Completed
240,487,94,8,35,2025-03-14,15:56:00,19.69,102,381.29,Cancelled
241,480,60,36,19,2025-10-09,17:57:00,4.59,24,106.98,Completed
242,4,199,10,35,2025-12-26,06:27:00,13.61,60,264.07,Completed
243,129,111,30,39,2025-01-10,19:40:00,23.61,96,358.22,Completed
244,26,209,36,29,2025-07-30,12:21:00,7.61,48,181.28,Completed
245,801,55,16,14,2025-11-19,15:38:00,9.99,40,173.34,Completed
246,977,91,30,21,2025-06-01,17:42:00,8.58,47,215.87,Completed
247,27,163,10,36,2025-01-05,12:04:00,13.82,60,235.26,Completed
248,42,197,11,38,2025-07-14,09:35:00,5.34,23,120.53,Completed
249,965,42,34,14,2025-10-10,13:16:00,5.33,26,105.86,Cancelled
250,583,69,16,40,2025-04-23,17:27:00,5.6,27,141.67,Completed
251,64,24,19,15,2025-09-28,06:43:00,4.59,18,111.64,Driver_Cancelled
252,25,199,4,30,2025-06-12,08:28:00,4.58,21,117.97,No_Show
253,72,199,31,12,2025-04-15,01:12:00,7.79,42,163.33,Completed
254,482,118,35,5,2025-06-30,18:36:00,6.57,39,151.55,Completed
255,873,183,34,27,2025-02-13,05:28:00,10.57,46,168.48,Completed
256,900,142,26,15,2025-10-09,02:37:00,5.44,32,113.16,Completed
257,268,55,39,26,2025-06-24,09:45:00,10.34,34,173.07,Completed
258,826,15,6,9,2025-06-11,03:02:00,8.38,33,184.53,Completed
259,95,5,33,40,2025-12-17,02:46:00,23.48,102,380.5,Completed
260,395,101,27,40,2025-12-06,10:36:00,8.1,33,167.92,Completed
261,869,132,12,35,2025-05-20,22:36:00,10.97,35,251.48,Cancelled
262,364,30,8,13,2025-05-12,16:15:00,4.23,28,117.98,Completed
263,315,212,9,33,2025-03-28,05:24:00,4.72,23,131.47,Completed
264,117,53,1,34,2025-06-25,03:17:00,21.05,102,383.47,Driver_Cancelled
265,164,218,5,4,2025-07-02,23:16:00,12.04,64,232.13,Completed
266,877,73,7,13,2025-05-09,05:10:00,10.98,46,229.29,Completed
267,790,30,18,10,2025-09-03,21:02:00,8.05,46,229.65,Completed
268,577,236,40,1,2025-03-30,08:36:00,8.85,33,179.42,Completed
269,306,240,24,11,2025-03-07,21:55:00,7.67,43,186.28,Completed
270,772,214,26,9,2025-06-07,10:30:00,11.96,49,207.93,No_Show
271,740,104,10,38,2025-05-29,19:31:00,8.51,42,183.16,Completed
272,200,105,40,23,2025-12-06,08:23:00,13.47,53,212.99,Completed
273,985,108,12,13,2025-04-26,03:46:00,4.89,31,152.1,Completed
274,732,222,22,5,2025-08-02,18:59:00,8.23,35,162.7,Completed
275,180,84,27,25,2025-10-21,18:59:00,3.82,19,123.3,Driver_Cancelled
276,358,92,3,10,2025-09-10,10:24:00,15.86,57,273.88,Cancelled
277,740,189,18,5,2025-05-23,00:48:00,11.44,58,268.41,Completed
278,996,71,5,22,2025-09-07,23:10:00,3.09,13,88.44,Completed
279,252,245,14,25,2025-10-29,19:23:00,10.87,45,227.21,Completed
280,299,68,25,37,2025-01-25,04:27:00,7.7,30,139.91,Completed
281,873,220,31,20,2025-10-04,01:45:00,16.12,74,324.98,Completed
282,430,55,21,28,2025-03-11,21:55:00,15.07,60,305.55,Completed
283,4,99,38,21,2025-04-23,11:43:00,18.71,77,280.43,No_Show
284,653,97,20,11,2025-12-29,15:30:00,13.71,71,208.98,Completed
285,678,71,14,29,2025-04-22,10:07:00,7.99,44,181.88,Driver_Cancelled
286,254,73,20,5,2025-12-30,16:28:00,9.9,34,185.28,Completed
287,941,226,37,37,2025-10-30,08:17:00,5.97,25,157.69,Completed
288,665,231,30,5,2025-04-01,15:10:00,7.11,25,135.46,Cancelled
289,579,170,20,33,2025-01-18,06:27:00,12.56,67,246.22,Completed
290,567,226,7,36,2025-05-29,09:43:00,3.63,17,113.27,Cancelled
291,96,77,5,8,2025-08-15,00:01:00,10.85,43,221.43,Completed
292,167,157,31,6,2025-08-02,21:04:00,11.91,42,229.67,Completed
293,833,163,29,15,2025-12-26,16:08:00,12.96,69,277.78,Cancelled
294,331,173,15,15,2025-05-31,23:48:00,5.72,36,169.78,Completed
295,898,202,25,9,2025-07-11,07:36:00,20.55,98,293.91,Driver_Cancelled
296,965,222,13,5,2025-02-09,15:21:00,11.85,59,259.06,Driver_Cancelled
297,888,108,24,26,2025-08-30,08:20:00,15.39,73,256.22,Completed
298,854,90,15,23,2025-05-18,21:38:00,3.62,22,151.31,Completed
299,62,99,24,16,2025-12-11,09:33:00,2.85,15,86.28,Completed
300,174,220,26,39,2025-06-29,22:49:00,3.57,14,165.54,Completed
301,253,157,19,35,2025-07-19,11:22:00,8.93,30,194.4,Cancelled
302,461,244,24,10,2025-07-22,23:36:00,13.25,63,279.15,Completed
303,624,198,19,27,2025-03-02,09:02:00,6.89,29,208.55,Completed
304,215,3,17,16,2025-07-11,11:42:00,7.13,37,171.24,Completed
305,239,221,5,21,2025-01-05,05:34:00,2.16,18,97.69,Completed
306,415,185,4,12,2025-08-25,18:34:00,7.15,34,226.59,Cancelled
307,739,194,22,9,2025-06-30,05:41:00,6.97,39,194.01,Completed
308,742,119,10,16,2025-11-07,10:38:00,4.84,27,124.39,Driver_Cancelled
309,745,150,21,9,2025-02-06,04:22:00,6.1,34,123.41,Completed
310,675,238,25,29,2025-02-25,17:35:00,18.67,72,302.98,Completed
311,126,111,6,23,2025-08-25,07:05:00,9.43,38,195.85,Completed
312,941,242,30,39,2025-12-24,06:12:00,8.6,24,160.04,Completed
313,253,155,29,24,2025-12-15,11:46:00,5.94,27,164.22,No_Show
314,845,243,11,22,2025-07-16,15:43:00,10.51,43,239.73,Completed
315,950,22,11,31,2025-03-14,22:48:00,29.58,108,534.99,Completed
316,711,202,27,10,2025-02-28,14:46:00,12.69,50,254.42,Completed
317,197,116,19,27,2025-08-28,09:56:00,6.85,35,170.97,Completed
318,634,113,22,34,2025-01-02,17:34:00,7.51,35,179,Completed
319,413,177,28,39,2025-12-26,06:06:00,14.6,51,266.18,Completed
320,456,211,4,24,2025-07-07,07:45:00,26.94,129,341.14,Completed
321,776,24,37,21,2025-11-03,00:58:00,3.43,19,136.59,Completed
322,54,27,19,15,2025-01-30,07:01:00,8.11,50,153.68,Driver_Cancelled
323,647,36,17,17,2025-09-24,23:27:00,7.46,28,173.75,Completed
324,339,107,40,19,2025-04-18,15:08:00,14.54,71,207.7,Completed
325,359,145,36,25,2025-11-28,06:42:00,8.32,34,153.82,Completed
326,151,56,23,40,2025-03-31,10:43:00,15.67,85,318.27,Completed
327,100,10,28,22,2025-07-24,13:29:00,2.89,20,100.19,Driver_Cancelled
328,234,54,11,14,2025-08-08,00:06:00,11.39,48,239.14,Completed
329,544,81,14,28,2025-04-04,15:37:00,14.55,59,223.12,Completed
330,62,108,13,12,2025-04-13,18:17:00,2.64,9,101.99,Completed
331,941,202,24,27,2025-08-11,14:31:00,11.2,40,170.51,Completed
332,196,202,16,24,2025-07-05,01:34:00,3.93,18,109.65,Completed
333,542,166,28,22,2025-07-03,14:18:00,7.53,32,136.69,Completed
334,755,81,30,39,2025-06-11,19:11:00,7.09,26,123.41,Completed
335,106,127,39,39,2025-09-04,04:50:00,4.05,21,102.11,Completed
336,295,218,27,36,2025-01-31,05:37:00,8.98,45,158.87,Cancelled
337,645,218,17,23,2025-02-21,06:42:00,7.06,30,160.98,Completed
338,451,243,26,8,2025-12-11,03:11:00,6.02,27,144.41,Cancelled
339,534,98,7,28,2025-03-17,04:01:00,22.41,98,363.45,Completed
340,156,132,35,29,2025-10-05,09:41:00,14.67,48,277.66,Cancelled
341,406,178,15,15,2025-02-09,12:12:00,10.56,42,195.2,Completed
342,896,219,16,39,2025-04-11,06:16:00,6.78,33,160.55,Completed
343,726,61,21,8,2025-04-21,22:15:00,3.04,13,115.83,Completed
344,738,149,17,28,2025-11-17,23:19:00,5.26,32,201.76,Completed
345,797,36,26,33,2025-09-06,12:02:00,5.43,31,139.06,Completed
346,683,102,35,11,2025-07-10,17:42:00,20.9,103,436.25,Completed
347,554,46,20,37,2025-07-01,23:50:00,2.82,19,97.28,Completed
348,572,95,20,25,2025-12-01,04:08:00,6.6,25,127.72,Completed
349,375,71,23,34,2025-07-28,15:55:00,11.39,49,257.75,Completed
350,589,44,5,22,2025-01-22,00:07:00,9.19,47,188.73,Cancelled
351,455,64,9,2,2025-06-15,06:00:00,6.94,41,163.18,Completed
352,202,226,23,16,2025-04-09,09:49:00,4.8,14,132.29,Completed
353,732,146,18,11,2025-07-27,10:22:00,11.11,59,220.41,Completed
354,452,216,29,14,2025-01-08,02:55:00,7.37,43,206.89,Completed
355,187,13,11,32,2025-07-09,23:14:00,20.98,114,425.04,Completed
356,608,13,8,22,2025-06-24,12:59:00,8.41,38,238.72,Cancelled
357,854,25,27,5,2025-09-30,00:17:00,22.81,96,478.75,Completed
358,724,5,2,36,2025-01-17,12:32:00,9.72,43,198.49,Completed
359,368,128,23,23,2025-03-31,09:59:00,6.3,35,137.41,Completed
360,340,39,21,19,2025-05-21,01:59:00,5.94,30,156.89,Completed
361,262,157,10,29,2025-05-25,00:46:00,8.21,46,165.53,Driver_Cancelled
362,841,108,38,23,2025-06-15,04:17:00,4.96,31,165.33,Cancelled
363,924,185,4,9,2025-12-03,23:52:00,4.59,20,148.23,Completed
364,589,174,21,18,2025-03-19,09:44:00,14.25,64,257.02,Completed
365,543,161,37,31,2025-09-19,21:00:00,10.79,45,209.95,Completed
366,551,216,12,37,2025-06-12,11:55:00,4.46,29,147.01,Completed
367,306,138,14,17,2025-01-14,12:44:00,12.24,53,245.02,Completed
368,846,186,20,18,2025-08-27,03:44:00,7.15,35,162.71,Completed
369,726,25,8,27,2025-03-13,07:31:00,10.87,47,212.01,Completed
370,638,233,27,21,2025-05-23,15:15:00,11.43,49,263.74,Completed
371,165,74,37,1,2025-11-06,21:30:00,5.54,23,178.34,Completed
372,758,39,21,32,2025-10-10,09:58:00,24.4,108,362.87,Completed
373,621,16,35,14,2025-09-26,21:26:00,5.66,36,173.27,Completed
374,88,188,39,14,2025-08-29,04:47:00,11.35,39,236.85,Cancelled
375,200,156,15,33,2025-09-02,23:04:00,5.21,26,139.4,Completed
376,271,204,12,36,2025-06-12,19:19:00,7.42,45,167.48,Completed
377,51,172,34,39,2025-03-01,02:12:00,7.77,31,164.59,Cancelled
378,489,186,8,12,2025-01-06,13:50:00,14.14,50,292.08,Cancelled
379,198,32,37,25,2025-07-16,04:53:00,9.55,50,191.44,Completed
380,23,63,30,15,2025-02-27,08:12:00,12.73,68,197.68,Completed
381,665,243,3,20,2025-11-01,06:38:00,9.09,42,210.68,Completed
382,223,93,30,34,2025-08-05,05:04:00,16.5,71,272.19,Completed
383,942,45,29,14,2025-01-26,05:37:00,11.58,38,326.38,Completed
384,221,53,1,30,2025-10-30,13:32:00,9.77,54,243.1,Driver_Cancelled
385,663,189,16,13,2025-01-05,20:19:00,10.86,48,211.1,Completed
386,266,50,31,14,2025-01-20,08:24:00,3.31,11,147.2,Completed
387,73,155,10,29,2025-07-17,23:40:00,4.25,22,105.33,Completed
388,881,26,30,26,2025-02-28,15:44:00,9.97,39,226.98,Completed
389,77,131,26,3,2025-08-30,17:18:00,8.73,38,181.74,Completed
390,544,90,12,25,2025-05-26,13:21:00,15.47,73,277.51,Completed
391,881,39,40,27,2025-09-30,08:35:00,1.65,13,93.87,Completed
392,435,193,5,40,2025-09-06,13:22:00,8.43,38,188.32,Completed
393,937,163,9,16,2025-01-14,20:46:00,3.57,20,96.6,Completed
394,65,53,11,38,2025-01-13,11:51:00,9.79,41,191.62,Completed
395,961,219,23,11,2025-02-13,10:21:00,10.44,34,187.75,Driver_Cancelled
396,357,174,17,29,2025-01-19,13:32:00,12.47,61,196.88,Completed
397,936,196,13,24,2025-03-04,00:28:00,4.44,20,120.17,No_Show
398,18,211,17,29,2025-08-27,07:12:00,3.06,10,172.68,Completed
399,676,22,23,34,2025-12-03,06:42:00,11.77,38,261.99,Completed
400,799,188,39,11,2025-04-10,16:26:00,5.42,24,114.4,Completed
401,566,134,9,20,2025-06-12,19:03:00,5.14,22,136.4,Completed
402,575,52,18,20,2025-05-02,07:27:00,8.46,38,186.09,Cancelled
403,769,201,18,9,2025-02-13,23:10:00,3.72,19,114.52,Cancelled
404,751,75,30,23,2025-12-26,21:39:00,11.54,39,255.42,Completed
405,436,214,26,36,2025-11-13,14:30:00,4.09,28,120.91,Completed
406,996,239,18,27,2025-05-25,10:02:00,4.8,25,118.44,Completed
407,441,73,21,24,2025-11-23,14:22:00,6.45,28,137.86,Cancelled
408,9,29,33,40,2025-12-29,04:20:00,4.38,13,165.81,Completed
409,470,171,14,25,2025-02-19,07:09:00,13.73,53,266.7,Completed
410,632,122,10,25,2025-03-06,08:21:00,13.08,43,198.99,Completed
411,348,202,28,33,2025-12-21,05:10:00,8.92,38,225.35,Completed
412,602,162,14,31,2025-10-15,15:04:00,5.34,22,127.73,Driver_Cancelled
413,372,159,19,10,2025-06-13,05:53:00,4.59,26,141.64,Completed
414,970,86,26,39,2025-05-21,03:13:00,9.77,36,149.51,Completed
415,824,46,10,15,2025-11-10,09:03:00,4.6,25,124.31,Completed
416,175,4,17,1,2025-05-08,19:18:00,5.65,23,135.26,Completed
417,515,2,34,16,2025-08-27,17:43:00,3.29,17,128.8,Completed
418,130,133,14,21,2025-11-20,15:24:00,8.45,39,183.75,Completed
419,566,46,26,2,2025-10-23,12:29:00,4.63,22,94.49,Driver_Cancelled
420,293,79,34,3,2025-07-06,14:54:00,7.47,46,173.82,Completed
421,696,147,19,15,2025-07-27,02:38:00,5.06,27,173.5,Completed
422,927,166,24,32,2025-08-08,09:24:00,13.34,56,203.42,Completed
423,353,59,31,27,2025-07-09,11:23:00,10.01,34,212.54,Completed
424,224,207,40,36,2025-12-12,19:09:00,3.6,26,81.22,Driver_Cancelled
425,524,238,6,35,2025-10-11,15:19:00,14.08,52,225.39,Completed
426,954,72,20,39,2025-12-18,01:21:00,6.71,35,168.77,Completed
427,707,20,39,24,2025-08-25,07:52:00,14.4,76,291.62,Completed
428,759,204,34,8,2025-07-13,14:24:00,9.06,48,207.25,Completed
429,509,196,22,7,2025-10-14,06:52:00,6.76,38,167.73,Completed
430,368,53,7,4,2025-09-16,02:52:00,3.11,20,120.36,Cancelled
431,666,230,33,30,2025-09-03,20:23:00,3.54,19,104.17,Completed
432,590,107,6,10,2025-05-16,04:55:00,16.38,60,274.69,Completed
433,652,55,16,25,2025-10-07,17:32:00,4.81,23,141.11,Completed
434,500,246,8,32,2025-09-28,21:31:00,13.78,59,198.3,Completed
435,90,167,23,32,2025-06-20,12:36:00,14.66,64,277.06,Completed
436,656,121,18,32,2025-06-08,09:44:00,11.24,50,234.34,Cancelled
437,949,164,14,10,2025-07-20,14:13:00,3.25,14,91.65,Completed
438,72,186,36,9,2025-02-14,12:38:00,5.41,33,140.41,Completed
439,433,15,15,25,2025-09-21,04:03:00,21.63,83,445.55,Completed
440,689,1,5,25,2025-03-12,19:04:00,18.78,92,304.58,Cancelled
441,348,95,15,16,2025-12-30,22:23:00,4.43,25,195.32,Completed
442,263,137,11,16,2025-04-13,16:38:00,6.62,32,170.16,Cancelled
443,271,151,2,30,2025-05-05,07:18:00,13.53,47,271.59,Completed
444,509,180,23,38,2025-11-09,01:39:00,2.71,16,100.19,Driver_Cancelled
445,508,154,24,5,2025-10-13,22:42:00,13.15,61,259.29,Completed
446,617,232,18,7,2025-08-18,17:14:00,9.02,36,147.34,Completed
447,420,236,4,13,2025-05-26,03:07:00,35.51,118,522.19,Completed
448,72,231,15,8,2025-07-16,12:20:00,15.08,57,239.56,Completed
449,74,188,12,33,2025-08-09,09:26:00,2.56,16,93.73,Completed
450,655,18,3,10,2025-03-01,09:16:00,12.21,43,266.79,Completed
451,503,225,32,20,2025-04-08,04:59:00,17.32,88,276.02,Completed
452,574,105,36,32,2025-06-20,10:04:00,10.55,50,221.15,Completed
453,146,231,21,29,2025-06-22,09:27:00,10.17,49,201.59,Driver_Cancelled
454,46,206,6,1,2025-05-31,22:49:00,10.12,43,232.16,Completed
455,741,186,2,27,2025-12-16,22:30:00,14.8,50,303.86,Cancelled
456,105,65,9,20,2025-05-02,17:09:00,9.79,47,153.74,Completed
457,109,77,12,14,2025-04-18,21:48:00,8.25,47,220.78,Completed
458,317,116,24,15,2025-01-04,13:09:00,10.32,62,226.42,Completed
459,121,207,14,6,2025-04-03,08:49:00,3.11,19,101.97,Completed
460,499,229,12,2,2025-01-06,17:01:00,8.36,42,139.46,No_Show
461,43,69,27,29,2025-10-15,19:59:00,6.17,29,177.39,Completed
462,940,142,10,39,2025-04-16,23:30:00,15.11,52,228.21,Cancelled
463,99,206,2,32,2025-05-26,10:39:00,4.68,21,115.51,Driver_Cancelled
464,706,174,31,5,2025-09-28,06:03:00,8.18,29,206.73,Completed
465,311,197,28,22,2025-04-06,06:09:00,5.03,27,109.37,Driver_Cancelled
466,214,75,16,28,2025-08-17,12:54:00,10.09,53,167.2,Completed
467,463,160,1,32,2025-07-21,13:59:00,20.75,79,282.29,No_Show
468,741,51,22,29,2025-07-31,06:49:00,12.31,66,246.76,Completed
469,423,197,1,40,2025-01-06,17:11:00,12.41,44,199.29,Completed
470,996,228,31,3,2025-04-22,19:22:00,3.96,19,135.46,Driver_Cancelled
471,389,15,22,31,2025-11-19,00:31:00,9.98,43,216.28,Completed
472,697,181,34,13,2025-04-16,16:25:00,5.77,24,133.63,Completed
473,112,199,12,6,2025-05-19,23:57:00,7.35,42,146.58,Completed
474,911,69,23,21,2025-10-26,22:27:00,6.57,30,146.55,Completed
475,859,222,28,14,2025-04-06,18:19:00,4.76,17,131.72,Completed
476,272,15,12,25,2025-12-03,14:54:00,9.28,47,219.72,Cancelled
477,825,30,27,7,2025-10-24,15:04:00,10.12,50,211.92,Completed
478,996,78,23,22,2025-08-02,00:34:00,13.84,71,258.32,Completed
479,102,152,1,32,2025-10-18,22:49:00,15.8,80,211.43,Completed
480,210,216,2,32,2025-01-22,02:09:00,11.71,43,196.84,Completed
481,739,35,31,30,2025-07-12,13:08:00,3.92,17,157.06,Completed
482,793,69,2,17,2025-05-30,04:00:00,5.79,28,186.03,Cancelled
483,22,140,25,40,2025-09-04,02:32:00,8.53,32,197.14,Driver_Cancelled
484,760,212,38,38,2025-09-24,10:59:00,15.3,64,220.17,Completed
485,159,46,19,21,2025-09-08,21:58:00,10.49,38,166.56,Completed
486,891,126,28,26,2025-01-03,16:15:00,14.34,76,306.7,Driver_Cancelled
487,741,197,6,3,2025-11-12,20:01:00,17.65,64,340.53,Completed
488,930,248,39,38,2025-03-17,00:38:00,16.74,54,305.47,Completed
489,343,164,19,17,2025-03-28,15:08:00,5,29,147.49,Completed
490,400,85,17,39,2025-09-27,05:09:00,4.26,23,119.32,Driver_Cancelled
491,454,48,6,6,2025-08-13,17:26:00,11.53,66,182.21,Completed
492,699,231,15,21,2025-01-18,12:54:00,14.75,72,212.5,Completed
493,143,67,22,40,2025-04-23,22:35:00,3.32,15,93.87,Completed
494,850,221,34,13,2025-09-08,07:14:00,7.69,43,175.38,Completed
495,870,182,5,9,2025-08-21,13:54:00,14.47,57,264.2,Completed
496,397,89,23,5,2025-11-25,15:53:00,4.62,26,110.59,Completed
497,536,219,5,7,2025-10-06,19:30:00,9.38,40,230.49,Completed
498,141,164,10,38,2025-07-21,13:41:00,10.72,40,225.25,Completed
499,961,52,4,38,2025-03-24,23:25:00,2.95,19,100.07,Completed
500,240,22,12,31,2025-05-05,21:19:00,12.93,49,263.68,Completed
501,292,166,10,4,2025-06-24,10:11:00,14.22,51,263.52,Cancelled
502,817,99,30,13,2025-03-10,10:38:00,8.97,46,195.93,No_Show
503,82,190,24,15,2025-02-16,13:37:00,2.8,9,112.68,Completed
504,560,193,5,40,2025-09-13,14:46:00,6.12,25,157.97,Completed
505,865,131,13,13,2025-08-03,22:59:00,15.18,60,330.55,Driver_Cancelled
506,870,88,36,26,2025-01-30,21:28:00,5.09,29,147.93,Completed
507,171,136,9,19,2025-10-08,08:50:00,16.86,59,292.39,Completed
508,774,240,18,1,2025-08-25,23:15:00,7.92,38,178.83,Completed
509,977,118,35,13,2025-09-05,23:25:00,13.14,48,292.09,Completed
510,580,39,31,25,2025-01-25,00:17:00,4.36,20,127.23,Cancelled
511,526,18,24,20,2025-03-15,08:55:00,20.76,84,309.66,Cancelled
512,542,105,4,23,2025-07-25,05:52:00,5.69,33,159.97,Completed
513,110,131,26,24,2025-11-10,11:30:00,7.42,30,234.73,Completed
514,212,146,10,39,2025-04-04,12:52:00,7.08,29,149.13,Completed
515,776,80,9,40,2025-05-07,23:31:00,1.86,13,140.88,Completed
516,438,224,1,30,2025-01-25,09:22:00,7.72,41,153.18,Completed
517,322,117,16,34,2025-11-30,10:56:00,4.93,29,120.52,Completed
518,997,1,13,10,2025-12-21,04:14:00,9.09,32,155.61,Completed
519,900,117,38,1,2025-04-26,05:23:00,10.35,48,165.76,Driver_Cancelled
520,714,128,14,12,2025-02-17,16:20:00,5.13,28,133.14,Completed
521,84,26,40,29,2025-08-14,17:58:00,5.24,26,150.43,Completed
522,956,180,23,11,2025-09-23,15:00:00,5.61,21,142.6,Completed
523,376,240,18,17,2025-04-09,22:20:00,9.37,45,173.64,Completed
524,53,12,28,20,2025-01-11,18:13:00,6.88,36,118.37,Completed
525,867,38,20,38,2025-03-26,19:17:00,5.23,21,128.08,Completed
526,496,85,1,6,2025-08-02,08:57:00,6.65,31,184.45,Completed
527,256,169,12,20,2025-06-22,23:28:00,15.02,66,279.24,Cancelled
528,586,53,27,10,2025-07-28,14:34:00,9.02,47,206.14,No_Show
529,220,13,13,10,2025-03-05,07:24:00,6.26,35,150.79,Completed
530,655,248,4,31,2025-09-15,04:02:00,17.23,74,292.43,Completed
531,100,128,25,26,2025-11-28,18:00:00,11.19,41,207.57,Completed
532,129,76,6,17,2025-05-01,20:24:00,2.99,13,133.76,Completed
533,918,13,22,14,2025-10-25,10:29:00,12.87,53,282.84,Completed
534,219,146,38,5,2025-02-23,20:06:00,21.79,75,337.91,Driver_Cancelled
535,477,147,36,3,2025-11-27,22:12:00,13.35,58,249.76,Completed
536,783,147,3,20,2025-09-29,23:55:00,5.86,30,121.77,Completed
537,458,243,15,15,2025-08-29,18:39:00,7.93,28,153.07,Completed
538,980,198,11,3,2025-08-31,16:17:00,2.81,17,104.01,No_Show
539,22,48,34,3,2025-01-18,23:46:00,12.43,56,230.02,Cancelled
540,690,199,27,23,2025-07-06,17:42:00,7.41,37,128.02,Completed
541,560,71,23,9,2025-12-12,22:42:00,5.56,35,175.33,Completed
542,629,156,17,11,2025-05-24,09:42:00,7.58,37,134.73,Completed
543,329,247,23,13,2025-09-19,22:28:00,3.03,19,86.14,Completed
544,888,92,34,8,2025-12-30,09:19:00,3.25,16,100.17,Completed
545,691,147,21,22,2025-08-27,02:41:00,3.9,19,107.55,Cancelled
546,480,208,33,38,2025-10-31,22:48:00,1.93,13,86.3,Completed
547,785,209,5,27,2025-10-25,05:29:00,5.99,29,170.85,No_Show
548,874,86,17,26,2025-03-17,03:08:00,4.55,23,121.38,Completed
549,339,83,1,23,2025-07-07,03:04:00,15.41,62,256.05,Cancelled
550,872,48,7,39,2025-11-29,04:27:00,4.28,23,108.76,Completed
551,859,29,3,31,2025-09-03,06:25:00,11.68,48,260.43,Completed
552,179,176,26,29,2025-05-10,20:05:00,5.04,22,119.76,Completed
553,421,19,16,1,2025-11-11,16:22:00,9.24,36,167.77,Completed
554,482,239,16,10,2025-10-10,11:11:00,17.71,74,325.51,Cancelled
555,49,99,14,4,2025-03-20,06:57:00,3.92,23,129.73,Completed
556,827,47,26,31,2025-03-13,15:05:00,19.31,92,253.02,Completed
557,906,89,27,4,2025-09-20,12:26:00,12.9,44,197.65,Completed
558,767,60,17,29,2025-07-10,18:28:00,10.38,55,247.58,Completed
559,30,176,4,9,2025-03-04,10:59:00,9.01,34,195.37,Completed
560,85,148,17,15,2025-01-12,03:40:00,8.02,35,210.58,Completed
561,789,229,33,3,2025-05-21,17:10:00,14.51,65,224.44,Completed
562,502,147,30,15,2025-09-11,22:09:00,8.01,45,156.95,Completed
563,546,42,21,11,2025-02-12,11:38:00,7.01,27,146.37,Cancelled
564,329,77,17,6,2025-01-17,13:34:00,12.01,62,251.63,Driver_Cancelled
565,610,239,11,7,2025-03-04,15:13:00,5.01,28,151.42,Completed
566,434,76,30,4,2025-09-10,19:18:00,22.72,97,429.5,Completed
567,588,177,18,21,2025-10-19,01:34:00,10.23,34,241.12,Completed
568,687,143,20,1,2025-01-08,07:26:00,7.4,35,176.51,Completed
569,853,188,34,23,2025-11-21,22:20:00,7.31,30,123.26,Completed
570,249,68,28,13,2025-03-31,01:54:00,6.82,26,153.69,Completed
571,852,79,9,28,2025-07-27,15:53:00,11.13,54,260.77,Completed
572,134,209,31,29,2025-10-19,00:20:00,9.17,49,184.09,Completed
573,690,155,16,18,2025-10-11,17:19:00,7.77,45,175.22,Completed
574,365,75,31,23,2025-04-28,08:36:00,16.53,54,320.35,Cancelled
575,740,183,29,28,2025-12-15,11:45:00,18.33,79,424.1,Completed
576,575,87,13,9,2025-06-24,22:46:00,4.11,24,99.15,Completed
577,780,15,23,6,2025-03-17,14:32:00,7.24,29,167.1,Cancelled
578,425,180,14,16,2025-04-11,09:13:00,6.34,29,122.1,Completed
579,415,159,39,37,2025-05-31,17:53:00,5.87,26,109.11,Completed
580,770,245,2,1,2025-09-27,08:48:00,6.26,32,185.69,Completed
581,656,90,12,22,2025-03-12,13:38:00,4.28,21,91.17,Completed
582,512,7,28,23,2025-06-29,04:49:00,13.03,53,247.86,Completed
583,385,13,32,21,2025-05-04,20:35:00,7.24,41,151.87,Completed
584,388,182,24,31,2025-10-20,11:59:00,8.72,48,176.54,Completed
585,815,13,37,38,2025-10-12,04:33:00,13.15,48,235.89,Driver_Cancelled
586,449,244,29,28,2025-07-14,07:56:00,4.19,20,93.84,Completed
587,564,148,18,27,2025-08-16,14:12:00,9.24,37,201.39,No_Show
588,303,226,3,39,2025-10-02,10:21:00,3.5,21,85.91,Completed
589,99,10,13,13,2025-04-16,07:35:00,3.55,19,128.95,Driver_Cancelled
590,973,242,13,32,2025-01-21,00:29:00,8.2,28,173.85,Completed
591,306,124,29,7,2025-03-05,05:33:00,7.93,45,146.84,Completed
592,557,180,2,33,2025-06-14,23:07:00,4.21,30,111.31,Completed
593,42,165,28,13,2025-01-27,06:12:00,15.36,78,323.59,Completed
594,991,180,4,32,2025-11-07,08:35:00,2.14,18,83.27,Completed
595,468,126,5,7,2025-10-12,03:55:00,4.14,21,104.45,Completed
596,440,243,39,12,2025-05-28,05:40:00,6.34,35,143.33,Cancelled
597,327,27,5,40,2025-10-08,22:25:00,5.35,29,111.68,Cancelled
598,569,162,8,15,2025-11-22,14:08:00,3.85,17,95.99,Completed
599,1000,100,34,21,2025-11-15,20:22:00,25.64,134,418.91,Completed
600,33,190,25,12,2025-06-13,06:40:00,13.45,63,191.48,Completed
601,412,16,27,13,2025-08-12,10:14:00,7.09,33,177.54,Completed
602,626,59,7,40,2025-09-29,18:00:00,16.37,69,284.29,Cancelled
603,812,21,36,39,2025-05-26,19:18:00,14.98,55,250.48,Completed
604,114,16,32,2,2025-12-22,07:00:00,5.42,26,113.33,Driver_Cancelled
605,508,209,21,29,2025-01-30,09:36:00,7.35,44,161.07,Completed
606,56,207,18,29,2025-02-14,01:05:00,8.09,39,206.94,Completed
607,556,13,2,36,2025-10-02,05:00:00,13.1,55,284.66,Completed
608,724,33,5,38,2025-02-03,07:53:00,10.82,59,200.13,Completed
609,352,182,38,7,2025-05-21,12:18:00,7.43,44,149.93,Completed
610,329,69,28,30,2025-11-14,06:01:00,5.61,25,141.19,Cancelled
611,546,155,31,23,2025-08-09,10:21:00,7.86,37,189.96,Completed
612,270,52,24,28,2025-12-22,15:51:00,3.8,22,109.73,Completed
613,196,65,33,23,2025-01-22,22:07:00,4.63,21,133.74,Completed
614,413,44,39,36,2025-06-29,07:01:00,6.94,33,167.71,Completed
615,637,158,12,29,2025-11-25,10:15:00,7.59,39,178.51,Completed
616,79,151,39,4,2025-08-19,17:14:00,21.35,68,356.09,Completed
617,767,79,9,20,2025-02-07,23:37:00,4.73,25,121.08,Completed
618,657,228,15,5,2025-03-11,04:01:00,2.38,17,117.24,Cancelled
619,83,211,23,11,2025-04-26,07:01:00,5.89,22,147.28,Completed
620,742,222,22,2,2025-08-27,23:16:00,5.26,23,148.65,Driver_Cancelled
621,137,16,36,24,2025-12-01,07:15:00,6.82,30,150.79,Completed
622,539,183,10,33,2025-05-28,17:23:00,6.15,24,154.57,Driver_Cancelled
623,689,18,28,22,2025-01-09,08:51:00,7.49,39,123.81,Completed
624,719,218,35,6,2025-10-15,04:04:00,13.12,64,249.28,Completed
625,933,17,29,24,2025-02-19,16:23:00,8.97,42,229.32,No_Show
626,924,203,5,29,2025-12-04,06:46:00,5.19,21,115.29,Completed
627,306,52,4,32,2025-01-05,02:25:00,2.3,8,110.21,Completed
628,311,173,15,30,2025-12-09,22:29:00,10.92,42,219.07,Completed
629,388,56,30,3,2025-05-06,09:32:00,13.44,69,222.88,Driver_Cancelled
630,725,93,26,25,2025-03-16,16:13:00,6.12,29,167.23,Cancelled
631,866,182,23,28,2025-06-14,20:50:00,19.83,102,300.08,Completed
632,915,9,39,15,2025-10-05,09:41:00,10.63,54,229.65,Completed
633,549,241,29,17,2025-11-20,14:21:00,8.76,30,177.52,No_Show
634,506,145,22,2,2025-10-27,22:18:00,7.23,41,185.61,Completed
635,388,27,35,27,2025-10-17,05:40:00,13.61,57,269.05,Completed
636,293,37,18,36,2025-03-18,09:42:00,19.07,77,386.06,Completed
637,179,22,35,14,2025-10-25,19:57:00,18.44,78,338.31,Completed
638,672,72,33,32,2025-05-17,05:25:00,8,29,199.25,Completed
639,429,195,7,12,2025-04-16,07:34:00,18.35,57,264.01,Completed
640,880,166,34,23,2025-04-05,05:11:00,5.08,27,120.53,Completed
641,524,99,10,16,2025-05-15,16:01:00,12.38,58,282.1,Completed
642,681,224,24,2,2025-03-09,18:37:00,4.7,23,135.6,Completed
643,312,72,25,7,2025-05-27,18:03:00,11.53,50,312.35,Completed
644,80,172,27,21,2025-06-08,01:43:00,11.51,49,246.62,Cancelled
645,14,123,6,31,2025-06-12,11:49:00,6.12,31,127.11,Completed
646,54,91,8,23,2025-12-07,22:19:00,5.18,25,99.31,Completed
647,447,224,21,25,2025-07-08,20:46:00,17.25,89,369.18,Driver_Cancelled
648,766,36,19,35,2025-12-05,10:58:00,4.05,26,146.07,Completed
649,65,98,34,35,2025-04-05,11:24:00,3.31,16,104.64,Completed
650,372,153,39,7,2025-06-30,12:20:00,10.26,39,179.92,Completed
651,503,223,23,5,2025-10-15,00:06:00,7.85,39,137.8,Completed
652,570,42,13,32,2025-11-18,02:57:00,10.16,44,156.97,Driver_Cancelled
653,96,111,39,5,2025-07-06,18:41:00,5.38,32,144.03,Driver_Cancelled
654,533,13,28,25,2025-05-18,20:49:00,5.68,31,128.63,Completed
655,260,184,6,31,2025-05-10,22:43:00,7.99,40,152.82,Completed
656,585,79,12,20,2025-07-13,19:57:00,8.07,41,151.26,Completed
657,248,118,3,22,2025-11-12,05:38:00,7.72,31,177.9,Completed
658,127,179,20,38,2025-09-30,04:18:00,18.89,82,365.91,Completed
659,499,178,8,13,2025-12-18,01:48:00,19.88,74,289.44,Completed
660,46,205,26,39,2025-05-24,05:12:00,3.87,22,96.99,Completed
661,982,52,38,2,2025-01-16,23:15:00,10.25,43,239.36,Completed
662,268,244,28,22,2025-10-29,15:31:00,4.31,18,110.47,Cancelled
663,640,161,35,9,2025-09-02,20:23:00,22.17,74,388.17,Completed
664,542,95,38,2,2025-04-17,15:51:00,5.76,30,145.08,Completed
665,94,153,2,32,2025-03-29,06:56:00,6.83,39,165.86,Completed
666,736,112,7,8,2025-05-09,02:09:00,13.41,63,308.58,Completed
667,316,58,25,16,2025-12-07,18:41:00,4.61,18,128.93,Completed
668,612,168,32,33,2025-01-04,07:23:00,3.26,19,120.59,Completed
669,71,87,12,11,2025-11-23,02:33:00,4.56,22,136.49,Completed
670,593,166,11,32,2025-11-02,13:17:00,14.89,74,351.31,Completed
671,449,3,10,8,2025-04-05,20:44:00,6.45,26,119.85,Driver_Cancelled
672,910,116,35,32,2025-07-28,23:24:00,14.21,59,312.72,Completed
673,367,16,4,21,2025-08-13,03:38:00,8.22,40,264.61,Completed
674,812,130,2,25,2025-12-14,05:14:00,2.85,22,76.86,Completed
675,620,23,28,20,2025-11-17,04:03:00,5.31,29,117.53,Driver_Cancelled
676,614,98,14,1,2025-02-16,21:20:00,9.54,49,169.26,Completed
677,410,158,29,21,2025-06-30,01:31:00,2.04,8,79.24,Completed
678,91,239,2,7,2025-04-16,12:51:00,10.6,45,205.21,Cancelled
679,509,10,34,25,2025-07-18,02:24:00,3.29,25,108.61,Completed
680,877,65,33,9,2025-04-16,18:01:00,5.53,29,148,Completed
681,528,22,20,22,2025-10-07,04:08:00,19.04,91,384.71,Completed
682,110,52,30,2,2025-09-17,00:33:00,19.3,88,252.28,Completed
683,775,111,26,19,2025-04-18,21:58:00,11.26,40,203.26,Completed
684,672,184,20,6,2025-01-19,21:15:00,8.92,39,160.32,Completed
685,765,161,1,5,2025-10-23,17:31:00,5.74,30,140.84,Cancelled
686,89,217,1,10,2025-11-02,04:46:00,2.78,21,105.53,Completed
687,607,214,25,1,2025-06-20,07:07:00,8.22,46,182.83,Completed
688,272,80,33,26,2025-11-27,08:22:00,6.74,26,161.87,Completed
689,247,158,23,26,2025-07-14,11:44:00,6.02,29,129.21,Cancelled
690,361,210,11,18,2025-01-12,18:28:00,16.42,58,344.34,Completed
691,378,152,15,21,2025-07-14,10:47:00,4.51,20,166.37,Completed
692,206,133,14,12,2025-10-10,01:38:00,32.09,110,390.71,Completed
693,345,53,1,38,2025-07-01,15:18:00,29.93,141,474.57,Completed
694,830,229,33,14,2025-11-01,17:50:00,13.22,71,213.21,Completed
695,798,183,6,32,2025-05-24,01:14:00,6.71,26,153.4,Completed
696,760,23,23,39,2025-11-12,11:11:00,2.42,13,129.64,Completed
697,455,106,26,35,2025-07-01,11:19:00,12.86,44,249.56,Cancelled
698,908,91,3,17,2025-01-30,08:54:00,26.74,109,418.52,Completed
699,67,119,6,10,2025-03-25,13:03:00,35.47,171,424.04,Completed
700,987,204,40,35,2025-06-15,04:31:00,4.69,23,121.41,Driver_Cancelled
701,558,138,25,16,2025-10-11,21:19:00,13.55,52,193.19,Driver_Cancelled
702,979,226,17,6,2025-10-08,10:25:00,3.75,19,118.57,Completed
703,43,120,28,4,2025-04-06,10:48:00,2.48,14,95.64,No_Show
704,229,161,32,9,2025-09-23,11:37:00,16.15,85,270.55,Completed
705,951,208,29,29,2025-10-25,19:20:00,5.75,34,127.71,Completed
706,813,93,23,7,2025-10-23,18:07:00,6.79,37,126.78,Driver_Cancelled
707,444,62,16,16,2025-08-13,15:33:00,6.69,31,148.57,Completed
708,234,82,32,6,2025-11-29,09:06:00,1.38,16,64.3,Completed
709,199,155,26,3,2025-12-27,03:35:00,6.75,37,196.99,Completed
710,497,7,33,14,2025-02-11,06:06:00,18.25,77,241.94,Completed
711,848,100,19,14,2025-10-30,10:08:00,6.2,36,152.13,Completed
712,32,155,17,9,2025-09-03,13:00:00,9.34,45,224.25,Completed
713,264,74,38,36,2025-07-27,22:10:00,2.85,15,97.63,Driver_Cancelled
714,113,138,14,23,2025-08-25,14:17:00,12.77,42,292.48,Completed
715,973,249,18,15,2025-01-22,13:06:00,5.88,23,158.63,Completed
716,830,203,21,7,2025-07-04,01:01:00,4.44,27,160.59,Driver_Cancelled
717,459,57,39,20,2025-08-30,16:04:00,4.38,24,188.07,Completed
718,276,30,39,19,2025-12-29,04:47:00,25.48,84,500.28,Completed
719,146,3,28,6,2025-10-10,16:30:00,2.01,14,75.92,Completed
720,357,157,20,39,2025-02-10,02:39:00,11.54,60,161.35,Completed
721,6,14,6,1,2025-12-02,15:27:00,2.22,13,94.9,Completed
722,340,77,26,7,2025-06-11,07:19:00,11.62,55,295.41,Completed
723,992,83,6,35,2025-06-09,10:35:00,4.85,29,122.46,Completed
724,494,153,39,25,2025-03-30,16:05:00,11.5,53,211.65,Completed
725,108,138,26,38,2025-11-18,20:01:00,7.35,32,207.27,Completed
726,925,79,17,23,2025-01-12,00:46:00,9.65,44,203.32,Cancelled
727,772,220,40,25,2025-03-14,05:05:00,8.77,47,209.16,Completed
728,71,232,2,38,2025-03-17,18:14:00,8.66,36,149.21,Completed
729,939,177,21,11,2025-12-12,17:01:00,2.43,16,95.73,Completed
730,340,38,7,34,2025-07-20,23:37:00,4.29,19,105.13,No_Show
731,674,199,20,31,2025-01-10,18:46:00,13.6,49,299.39,Completed
732,100,142,3,38,2025-12-18,02:32:00,5.59,31,137.02,Cancelled
733,327,158,36,12,2025-08-14,03:31:00,7.24,28,165.92,Completed
734,33,40,19,9,2025-06-25,09:35:00,4,21,108.34,Driver_Cancelled
735,143,140,30,13,2025-10-03,03:03:00,4.63,24,113.2,Completed
736,244,220,11,20,2025-02-08,14:02:00,22.92,81,447.12,Completed
737,736,242,13,21,2025-03-01,20:16:00,18.99,76,335.04,Completed
738,726,142,33,22,2025-03-07,19:51:00,11.6,44,249.42,Completed
739,632,129,38,1,2025-11-17,00:14:00,12.32,68,251.19,Completed
740,680,68,2,40,2025-05-04,00:52:00,9.95,42,203.69,Completed
741,861,49,23,17,2025-06-13,07:38:00,8.09,42,137.13,Completed
742,217,18,20,4,2025-06-08,21:11:00,23.82,90,399.25,Completed
743,901,243,30,6,2025-02-26,04:06:00,5.75,27,154.9,Completed
744,974,164,15,19,2025-03-19,16:01:00,4.82,29,140.55,Completed
745,434,64,2,30,2025-07-13,08:03:00,6.19,33,168.73,Completed
746,867,96,30,23,2025-10-12,20:36:00,6.12,31,118.62,Completed
747,834,28,25,32,2025-01-15,18:23:00,13.87,63,222.76,Completed
748,729,220,4,29,2025-01-12,12:18:00,5,20,143.2,Completed
749,54,230,1,8,2025-04-11,07:46:00,7.94,36,141.98,Completed
750,720,160,8,21,2025-06-05,13:55:00,10.4,50,206.87,Completed
751,942,200,14,17,2025-12-06,14:01:00,8.85,41,139.11,Completed
752,592,25,11,17,2025-05-05,20:54:00,3.64,23,123.1,Completed
753,907,175,24,21,2025-12-25,14:31:00,10.35,49,229.84,Completed
754,892,148,24,15,2025-10-07,15:32:00,9.27,43,212.44,No_Show
755,945,161,32,27,2025-04-20,01:27:00,11.51,54,247.85,Completed
756,995,30,25,25,2025-11-30,23:42:00,10.99,43,245.83,Completed
757,151,165,28,33,2025-12-23,11:58:00,11.35,55,252.84,Completed
758,55,208,16,2,2025-05-26,20:36:00,1.76,6,85.69,Completed
759,517,181,39,16,2025-08-04,09:01:00,4.43,20,105.05,Completed
760,448,217,16,36,2025-06-11,22:21:00,14.8,71,220.06,Completed
761,35,102,36,8,2025-05-08,00:13:00,4.92,20,175.58,No_Show
762,861,117,12,16,2025-11-10,11:46:00,15.39,86,257.72,Driver_Cancelled
763,119,106,12,7,2025-11-28,06:17:00,6.1,30,149.53,Completed
764,197,74,34,5,2025-05-30,13:59:00,5.37,28,100.49,Completed
765,566,69,38,23,2025-02-05,13:33:00,6.23,24,162.12,Completed
766,771,8,20,8,2025-06-22,14:33:00,44.78,143,528.65,Completed
767,774,123,15,3,2025-01-22,20:35:00,7.53,40,162.21,Driver_Cancelled
768,855,97,22,35,2025-07-25,03:50:00,13.07,46,198.66,Completed
769,878,101,16,36,2025-05-07,04:10:00,32.34,120,420.51,Completed
770,824,1,24,36,2025-12-02,04:40:00,10.69,42,221.69,Completed
771,514,95,3,15,2025-12-22,00:39:00,22.96,74,406.57,Completed
772,594,7,1,30,2025-08-05,07:54:00,14.6,56,246.41,Driver_Cancelled
773,862,62,38,15,2025-04-06,21:51:00,11.62,61,250.34,Completed
774,422,111,17,29,2025-06-13,08:35:00,3.56,22,125.3,Completed
775,952,87,21,4,2025-05-28,15:15:00,6.73,30,140.44,Completed
776,517,186,13,34,2025-01-18,11:24:00,10.69,57,196.44,Cancelled
777,686,216,2,23,2025-10-21,00:40:00,5.43,25,134.43,Completed
778,139,206,2,35,2025-07-14,09:55:00,11.21,61,250.68,Cancelled
779,705,87,25,28,2025-05-31,12:31:00,7.35,35,180.48,Completed
780,650,123,28,31,2025-12-31,20:29:00,4.54,23,140.14,Driver_Cancelled
781,809,201,26,33,2025-05-03,04:41:00,13.04,53,276.86,Completed
782,628,8,35,18,2025-07-06,11:21:00,9.92,44,190.27,Completed
783,44,64,28,5,2025-05-29,10:27:00,11.59,42,226.48,Completed
784,858,136,33,9,2025-04-14,23:36:00,8.95,45,185.86,Completed
785,801,131,18,20,2025-08-31,05:43:00,5.93,29,137.27,Completed
786,219,127,14,38,2025-08-19,17:38:00,7.82,37,188.4,Cancelled
787,568,186,9,9,2025-07-25,21:21:00,5.53,31,160.24,Completed
788,754,127,30,18,2025-07-17,02:07:00,20.57,100,316.67,Completed
789,908,160,3,15,2025-12-03,09:06:00,10.08,54,230.96,Completed
790,258,116,34,15,2025-03-28,04:46:00,7.98,41,152.99,Completed
791,513,196,33,14,2025-05-22,11:09:00,7.03,39,167.86,Cancelled
792,961,49,27,35,2025-11-13,21:43:00,4.34,21,98.31,Completed
793,377,166,9,40,2025-07-18,02:39:00,10.37,45,223.4,No_Show
794,893,130,13,36,2025-02-15,16:33:00,3.78,23,108.25,Driver_Cancelled
795,289,127,30,20,2025-10-15,06:06:00,18.02,67,257,Completed
796,470,137,16,11,2025-01-15,11:23:00,12.61,47,179.16,Completed
797,972,46,26,17,2025-02-13,14:11:00,4.86,24,147.86,Cancelled
798,103,65,5,25,2025-06-18,10:46:00,18.28,72,256.18,Completed
799,804,177,27,29,2025-11-06,00:01:00,7.48,36,185.31,Completed
800,149,203,15,23,2025-02-13,04:07:00,12.09,44,250.65,Completed
801,84,157,28,9,2025-04-08,22:40:00,7.39,34,206.43,Completed
802,932,90,3,25,2025-09-18,13:17:00,7.54,38,170.16,Cancelled
803,26,219,1,23,2025-04-19,19:30:00,15.35,67,315.55,Completed
804,175,230,1,2,2025-10-10,18:42:00,8.1,34,155.92,Completed
805,735,29,6,1,2025-12-09,07:19:00,6.1,30,138.75,Driver_Cancelled
806,641,33,11,38,2025-04-14,12:19:00,5.37,23,124.35,Completed
807,422,28,16,6,2025-09-13,13:11:00,7.06,28,141.61,Completed
808,654,95,33,15,2025-07-25,09:48:00,24.93,97,431.28,Completed
809,346,83,24,7,2025-12-01,12:05:00,9.9,38,186.01,Completed
810,302,112,32,2,2025-02-12,23:02:00,4.64,20,122.65,Completed
811,298,154,10,30,2025-12-19,10:29:00,9.74,39,182.87,Completed
812,135,114,25,29,2025-09-02,20:23:00,18.11,64,339.65,Completed
813,55,29,10,12,2025-10-14,10:54:00,18.44,88,382.4,Completed
814,56,139,13,34,2025-12-21,02:47:00,10.69,38,222.89,Completed
815,374,233,1,30,2025-09-30,06:13:00,14.31,65,292.63,No_Show
816,588,224,35,36,2025-03-24,18:48:00,8.07,42,190.85,Completed
817,831,213,14,35,2025-04-20,12:28:00,6.95,30,132.93,Driver_Cancelled
818,920,102,21,2,2025-07-09,14:28:00,4.93,20,134.82,Driver_Cancelled
819,339,162,38,3,2025-10-15,05:09:00,5.4,24,151.51,Completed
820,457,104,1,12,2025-09-08,14:41:00,8.04,34,235.54,Cancelled
821,355,214,20,4,2025-07-31,04:40:00,13.64,46,248.66,Completed
822,132,48,5,7,2025-10-18,09:38:00,8.43,35,200.94,Driver_Cancelled
823,493,155,40,20,2025-05-13,01:32:00,5.46,27,180.89,Completed
824,554,124,32,19,2025-07-20,22:07:00,15.83,71,295.17,Completed
825,864,200,1,8,2025-10-12,22:41:00,17.36,87,336.19,Completed
826,110,168,40,3,2025-11-22,22:12:00,5.75,30,156.42,Completed
827,582,238,2,27,2025-04-05,20:41:00,7.63,32,181.15,Completed
828,796,159,31,15,2025-10-05,23:55:00,3.62,23,127.58,Completed
829,126,193,26,8,2025-11-21,19:27:00,13.92,75,211.92,Completed
830,860,167,9,18,2025-08-07,04:47:00,2.56,17,98.05,Completed
831,296,226,30,29,2025-03-30,10:10:00,8.31,42,146.84,Completed
832,179,111,8,36,2025-03-13,13:16:00,9.54,37,242.18,Completed
833,925,24,5,3,2025-09-04,01:15:00,5.73,19,132.9,Completed
834,810,220,39,9,2025-05-09,10:23:00,5.48,25,126.66,Completed
835,886,242,4,10,2025-07-31,08:32:00,11.96,60,266.61,Cancelled
836,197,196,40,40,2025-12-09,09:57:00,10.24,42,180.84,No_Show
837,773,210,36,20,2025-04-06,04:48:00,12.39,51,289.87,Completed
838,101,221,21,2,2025-03-16,04:41:00,3.18,19,104.81,Completed
839,937,23,33,1,2025-02-23,16:12:00,18.81,89,385.01,Completed
840,573,229,26,27,2025-12-10,19:01:00,19.68,97,295.03,Completed
841,183,189,40,4,2025-02-23,21:56:00,9.37,37,197.24,Completed
842,924,155,39,37,2025-08-06,09:49:00,6.86,27,240.89,Cancelled
843,809,16,11,32,2025-01-16,05:25:00,8.02,30,191.68,Completed
844,879,173,21,18,2025-04-09,15:59:00,17.28,65,303.39,Completed
845,9,27,22,14,2025-01-20,11:28:00,5.41,27,173.16,Completed
846,413,201,37,15,2025-02-15,07:11:00,3.05,19,90.04,Completed
847,718,133,7,4,2025-07-12,17:02:00,11.99,55,236.45,Completed
848,934,187,13,19,2025-02-27,03:17:00,8.38,33,172.28,Completed
849,830,200,20,24,2025-04-21,01:53:00,16.59,66,258.28,Completed
850,566,210,15,30,2025-05-09,00:58:00,8.79,38,174.91,Driver_Cancelled
851,692,35,38,13,2025-12-03,10:39:00,25.21,91,301.36,Completed
852,104,198,34,11,2025-07-13,01:49:00,26.2,90,318.33,Cancelled
853,126,235,36,28,2025-12-06,07:29:00,6.24,25,133.19,Completed
854,546,215,25,11,2025-11-22,13:38:00,2.48,13,110.01,Completed
855,677,174,29,1,2025-01-08,12:41:00,9.57,46,167.76,Completed
856,945,218,28,4,2025-01-29,09:34:00,3.58,19,128.54,Completed
857,810,56,14,38,2025-04-22,23:48:00,3.32,20,94.31,Completed
858,270,127,4,34,2025-06-10,12:08:00,14.43,71,244.12,Completed
859,466,243,38,12,2025-05-11,07:45:00,10.33,39,223.55,Completed
860,801,231,7,24,2025-07-07,01:08:00,5.59,28,141.8,Completed
861,118,152,13,37,2025-06-12,13:41:00,8.77,44,218,Completed
862,866,138,17,32,2025-07-16,16:54:00,9.2,36,167.73,Completed
863,92,207,29,19,2025-12-30,17:40:00,10.18,53,232.22,Completed
864,612,38,17,29,2025-07-23,07:49:00,16.05,88,260.77,Driver_Cancelled
865,485,212,36,38,2025-07-31,04:48:00,8.15,28,168.3,Completed
866,87,221,19,29,2025-04-19,20:19:00,2.66,19,101.97,Completed
867,234,198,26,19,2025-10-03,14:47:00,19.99,66,392.06,Completed
868,913,176,9,20,2025-03-14,15:16:00,8.35,32,145.29,Completed
869,124,9,2,3,2025-06-16,22:47:00,5.48,20,142.87,Completed
870,203,243,20,40,2025-09-17,15:11:00,3.69,18,115.95,Driver_Cancelled
871,32,178,23,5,2025-08-31,00:01:00,9.15,35,159.49,Completed
872,357,69,18,23,2025-10-02,16:30:00,7.44,28,200.06,Cancelled
873,463,176,26,5,2025-04-12,07:14:00,4.75,25,113.64,Completed
874,964,167,25,30,2025-06-22,09:55:00,14.82,57,311.31,Completed
875,551,211,17,32,2025-06-20,21:06:00,4.1,20,90.02,Completed
876,94,5,39,24,2025-05-21,18:33:00,3.92,19,149.44,Completed
877,522,84,10,35,2025-07-07,18:39:00,5.4,35,108.25,Completed
878,727,139,25,32,2025-03-27,19:52:00,2.33,13,74.25,Completed
879,408,247,28,22,2025-02-21,10:47:00,2.67,20,93.35,Completed
880,100,242,26,21,2025-04-21,18:20:00,4.19,26,104.04,No_Show
881,244,60,12,28,2025-12-31,11:51:00,6.17,27,175.74,Completed
882,58,155,19,34,2025-12-08,12:12:00,4.19,21,125.9,Cancelled
883,965,221,23,16,2025-02-12,21:48:00,9.22,50,194.41,Completed
884,357,135,14,11,2025-07-30,19:50:00,4.56,24,167.82,Completed
885,491,188,17,33,2025-07-19,14:41:00,9.67,35,212.15,Driver_Cancelled
886,320,178,15,38,2025-10-25,21:01:00,4.95,29,127.3,Driver_Cancelled
887,19,67,21,19,2025-12-12,17:07:00,9,47,140.76,Cancelled
888,357,69,38,28,2025-08-28,18:19:00,18.93,83,316.48,Completed
889,117,183,30,29,2025-04-25,23:18:00,10.33,53,212.29,Completed
890,136,77,19,37,2025-01-26,12:24:00,2.51,11,133.34,Completed
891,839,144,32,3,2025-10-26,03:48:00,4.21,25,98.73,Completed
892,296,118,29,18,2025-03-18,04:29:00,2.88,19,106.81,Completed
893,525,12,22,18,2025-05-17,23:19:00,3.24,12,155.49,Cancelled
894,101,231,20,12,2025-01-20,03:30:00,14.34,66,237.57,Driver_Cancelled
895,380,27,38,18,2025-07-30,19:49:00,7.1,35,162.14,Completed
896,155,246,38,32,2025-08-28,03:16:00,7.51,38,180.87,Completed
897,594,237,36,36,2025-02-08,12:22:00,14.44,80,312.39,Cancelled
898,600,161,1,19,2025-09-25,02:48:00,4.55,21,125.61,Completed
899,105,207,19,4,2025-07-26,08:36:00,9.16,46,158.53,Completed
900,642,85,26,11,2025-09-24,13:02:00,12.03,58,267.22,Completed
901,784,108,7,3,2025-06-03,23:50:00,6.62,33,181.01,Completed
902,526,209,34,27,2025-02-11,03:21:00,20.67,103,370.14,No_Show
903,128,55,36,16,2025-01-11,07:10:00,6.88,28,182.16,Completed
904,401,52,6,18,2025-10-21,02:02:00,3.87,16,104.52,Completed
905,572,37,37,30,2025-04-08,03:44:00,4.85,26,139.84,Completed
906,966,113,22,24,2025-10-02,07:58:00,8.71,29,142.6,Driver_Cancelled
907,739,120,9,6,2025-08-18,09:55:00,12.26,60,184.02,Cancelled
908,529,15,29,34,2025-08-08,06:48:00,4.1,20,114.71,Completed
909,557,84,17,12,2025-03-06,03:39:00,16.56,83,337.5,Completed
910,550,83,13,23,2025-12-21,16:54:00,3.94,19,142.09,Completed
911,124,65,17,36,2025-08-20,09:26:00,18.11,89,346.19,Completed
912,360,196,10,40,2025-11-24,05:00:00,5.17,26,154.25,Completed
913,64,3,25,15,2025-02-21,00:06:00,1.51,9,110.48,Completed
914,889,200,18,16,2025-09-20,23:04:00,11.35,42,224.86,Completed
915,765,105,15,14,2025-09-24,12:35:00,2.12,18,105.72,Completed
916,774,236,27,15,2025-12-25,19:19:00,41.96,154,617.86,Completed
917,956,133,19,12,2025-11-13,09:49:00,8.58,37,223.78,Cancelled
918,624,137,15,35,2025-11-20,12:03:00,3.34,23,110.05,Completed
919,102,129,7,25,2025-06-03,06:13:00,6.39,34,125.7,Completed
920,561,247,40,14,2025-12-24,12:41:00,3.08,19,91.21,No_Show
921,277,235,16,2,2025-05-20,10:40:00,10.92,55,254.77,Completed
922,227,30,24,18,2025-02-20,06:18:00,2.48,15,72.15,Completed
923,23,71,23,35,2025-04-27,19:24:00,2.19,15,90.39,Completed
924,844,214,11,9,2025-02-15,14:06:00,20.79,106,357.99,Completed
925,697,148,24,11,2025-11-05,00:16:00,4.06,22,131.71,Completed
926,64,93,5,26,2025-03-29,20:39:00,9.35,49,204.1,Completed
927,157,27,39,3,2025-07-27,09:32:00,6.93,29,168.73,Cancelled
928,795,217,30,5,2025-09-26,06:59:00,5.64,32,114.82,Completed
929,390,238,16,32,2025-03-30,20:32:00,5.9,40,157.95,Completed
930,149,227,20,10,2025-04-28,21:45:00,12.29,49,211.07,Completed
931,839,219,29,38,2025-02-23,11:27:00,7.28,40,119.53,Completed
932,363,63,17,6,2025-04-26,13:16:00,3.6,28,141.36,Completed
933,681,203,19,11,2025-04-28,00:47:00,3.37,22,88.36,Completed
934,464,81,26,17,2025-09-17,09:52:00,16.73,83,344.33,Completed
935,645,31,15,2,2025-03-16,05:30:00,12.75,49,224.59,Completed
936,399,210,25,24,2025-11-01,17:11:00,20.44,85,268.13,Completed
937,405,147,15,5,2025-01-07,21:25:00,12.91,61,198.69,Completed
938,826,114,20,21,2025-05-02,12:50:00,4.04,17,102.61,Driver_Cancelled
939,132,102,30,6,2025-01-11,02:02:00,6.7,36,152.95,Completed
940,197,93,21,4,2025-12-14,04:01:00,16.94,65,248.33,Completed
941,647,207,35,9,2025-08-03,13:15:00,3.62,19,90.63,Cancelled
942,35,190,6,5,2025-10-06,02:51:00,2.61,16,95.11,Completed
943,420,135,37,4,2025-01-28,05:11:00,21.54,75,376.1,Completed
944,377,229,11,9,2025-08-23,16:53:00,20.87,91,371.83,Completed
945,399,165,23,18,2025-11-09,12:13:00,17.55,80,309.03,Completed
946,220,71,39,16,2025-01-26,17:08:00,16.7,65,260.48,Completed
947,898,86,9,2,2025-02-23,12:13:00,14.05,53,286.29,No_Show
948,888,204,18,29,2025-01-29,11:02:00,17.76,75,367.71,Completed
949,697,136,36,36,2025-12-19,15:49:00,4.39,26,135.34,Driver_Cancelled
950,517,185,40,12,2025-06-13,16:04:00,6.53,24,154.2,Completed
951,583,210,36,37,2025-09-27,02:58:00,5.47,31,122.46,Completed
952,342,28,28,34,2025-11-30,14:57:00,10.4,43,161.32,Completed
953,753,82,19,35,2025-02-04,16:52:00,2.56,20,101.02,Cancelled
954,863,95,30,40,2025-10-13,09:08:00,17.75,61,251.11,Driver_Cancelled
955,416,17,38,6,2025-12-14,15:59:00,2.65,14,85.13,Completed
956,456,215,15,37,2025-09-30,00:13:00,14.14,59,300.68,Completed
957,297,139,12,36,2025-07-27,03:43:00,5.15,32,127.24,Completed
958,938,143,2,20,2025-08-26,15:38:00,10.22,57,172.88,Completed
959,331,158,9,16,2025-04-03,08:47:00,8.98,47,214.93,Completed
960,705,244,35,8,2025-06-22,07:48:00,1.99,13,84.76,Cancelled
961,680,95,1,22,2025-03-20,09:07:00,9.23,32,227.82,Completed
962,339,121,31,5,2025-04-20,06:09:00,3.92,23,93.8,Completed
963,748,6,28,5,2025-08-05,00:26:00,2.04,13,77.73,Completed
964,806,12,37,11,2025-12-24,01:13:00,8.41,42,139.5,Completed
965,298,87,7,19,2025-04-16,20:42:00,2.37,13,81.53,Completed
966,760,189,16,39,2025-02-16,03:06:00,20.7,92,375.9,Completed
967,677,103,14,17,2025-06-30,16:52:00,3.95,17,118.03,Cancelled
968,312,104,33,37,2025-03-05,05:04:00,8.78,49,212.91,Completed
969,583,164,6,38,2025-09-03,00:33:00,8.07,43,202.87,Completed
970,743,35,21,18,2025-09-01,18:31:00,14.26,62,239.74,Completed
971,55,67,10,9,2025-11-16,18:31:00,4.99,24,127.28,Completed
972,985,106,32,17,2025-03-28,00:29:00,5.44,32,116.16,Completed
973,694,248,6,33,2025-08-05,11:18:00,8.19,34,140.44,Completed
974,534,92,2,20,2025-01-07,04:11:00,4.13,17,104.01,Completed
975,795,207,39,18,2025-10-05,07:53:00,5.65,21,150.75,Cancelled
976,105,205,27,24,2025-12-03,11:16:00,4.43,22,133.1,Completed
977,175,63,14,13,2025-07-29,23:48:00,9.52,42,215.66,Completed
978,294,83,23,40,2025-06-18,11:10:00,12.32,56,193.35,No_Show
979,880,168,39,28,2025-11-26,16:26:00,15.32,79,275.91,Completed
980,551,82,21,3,2025-05-18,09:21:00,14.66,74,305.47,Driver_Cancelled
981,911,31,30,36,2025-11-02,03:24:00,10.53,51,183.72,Completed
982,375,37,25,11,2025-08-18,01:44:00,10.43,54,210.55,Completed
983,450,213,24,39,2025-11-04,06:36:00,10.27,53,174.54,Cancelled
984,445,231,11,21,2025-06-10,05:59:00,7.39,44,166.94,Driver_Cancelled
985,60,133,35,37,2025-01-01,00:10:00,3.46,14,105.76,Completed
986,392,249,4,2,2025-08-24,17:43:00,18.24,71,318.48,Completed
987,812,115,37,6,2025-07-07,05:35:00,10.23,41,223,Completed
988,811,121,36,5,2025-01-04,15:23:00,12.58,71,219.84,Cancelled
989,390,209,13,32,2025-05-12,07:47:00,5.33,29,148.68,Completed
990,212,211,9,37,2025-08-06,20:36:00,25.9,119,331.79,Cancelled
991,667,132,28,40,2025-09-17,00:41:00,16.73,83,275.8,Completed
992,685,118,16,11,2025-01-01,12:18:00,5.95,24,143.64,Completed
993,535,154,6,17,2025-03-12,03:26:00,5.09,21,127.02,Completed
994,240,152,27,14,2025-06-27,05:42:00,12.47,35,212.21,Completed
995,488,167,10,2,2025-07-08,11:51:00,7.36,40,166.08,Driver_Cancelled
996,721,184,23,39,2025-10-18,19:01:00,9.45,47,254.71,Completed
997,122,182,21,18,2025-01-08,19:17:00,17.59,73,246.5,No_Show
998,253,38,26,33,2025-09-10,20:32:00,9.33,39,209.63,Completed
999,141,110,3,30,2025-10-19,17:01:00,7.07,28,198.71,Completed
1000,452,182,35,15,2025-09-01,23:52:00,10.58,38,190.69,Cancelled
1001,852,147,7,29,2025-05-03,01:29:00,2.74,19,97.79,Completed
1002,874,222,27,26,2025-10-26,07:09:00,9.04,42,173.35,Completed
1003,832,26,33,1,2025-10-10,08:32:00,3.04,21,95.51,Completed
1004,153,127,4,17,2025-02-01,16:04:00,11.82,62,312.98,Cancelled
1005,893,52,26,39,2025-11-30,03:45:00,7.31,35,175.8,Cancelled
1006,726,203,8,2,2025-05-26,14:40:00,20.37,105,417.38,Completed
1007,308,118,20,15,2025-06-05,04:34:00,15.91,77,243.34,Cancelled
1008,560,61,17,22,2025-01-16,18:23:00,9.37,48,207.29,Completed
1009,317,231,5,20,2025-12-21,12:17:00,21.6,90,401.59,Completed
1010,529,195,9,29,2025-02-16,04:11:00,5.7,23,135.14,Cancelled
1011,296,244,8,25,2025-09-08,19:50:00,4,20,187.3,Completed
1012,843,150,7,24,2025-07-06,02:07:00,6.93,34,177.27,Cancelled
1013,345,145,37,34,2025-01-31,10:00:00,6.85,43,175.35,Completed
1014,581,139,36,21,2025-09-17,03:30:00,7.17,33,198.18,Completed
1015,597,111,3,2,2025-01-17,20:25:00,8.27,28,180.14,Completed
1016,282,167,8,16,2025-02-08,00:34:00,2.43,19,105.18,Completed
1017,208,189,5,40,2025-10-31,19:16:00,4.77,24,127.35,Completed
1018,952,239,5,21,2025-02-08,14:28:00,5.68,20,124.32,Completed
1019,552,219,17,37,2025-05-12,19:26:00,21.3,97,301.24,Completed
1020,981,49,27,8,2025-01-30,19:19:00,5.62,22,211.48,Completed
1021,96,107,40,14,2025-06-07,17:39:00,5.97,32,144.09,Completed
1022,452,93,39,22,2025-10-05,01:46:00,12.23,72,239.29,Cancelled
1023,998,124,12,18,2025-07-22,00:50:00,6.98,37,185.38,Completed
1024,762,61,28,5,2025-03-07,02:27:00,24.77,96,494.73,Completed
1025,373,140,4,30,2025-04-18,23:42:00,12.97,74,234.95,Driver_Cancelled
1026,648,141,28,31,2025-09-25,14:45:00,11.76,59,244.93,Completed
1027,73,58,25,9,2025-08-10,18:11:00,2.67,12,95.49,Cancelled
1028,813,11,36,31,2025-10-19,11:13:00,9.7,39,223.24,Completed
1029,785,192,3,31,2025-01-18,10:04:00,8.68,42,241.29,Completed
1030,681,159,31,9,2025-03-31,10:23:00,14.57,72,250.43,Driver_Cancelled
1031,333,139,37,37,2025-06-30,19:30:00,11.95,61,242.78,Completed
1032,393,249,12,6,2025-09-12,17:53:00,10.77,40,223.86,Completed
1033,710,122,37,26,2025-09-10,00:31:00,10,38,210.6,Completed
1034,859,105,37,10,2025-09-14,09:16:00,5.63,24,123.19,Completed
1035,106,171,4,6,2025-12-12,08:24:00,4.02,14,138.54,Completed
1036,101,249,30,33,2025-03-28,19:07:00,10.23,51,179.54,Cancelled
1037,359,36,38,30,2025-03-31,17:48:00,4.16,22,134.83,Completed
1038,747,130,38,40,2025-08-25,04:44:00,8.23,38,189.98,Completed
1039,792,87,27,24,2025-03-11,17:42:00,19.08,78,321.85,Driver_Cancelled
1040,329,61,22,28,2025-02-13,21:21:00,21.48,117,321.33,Completed
1041,889,164,1,38,2025-07-19,10:02:00,6.96,40,150.15,Completed
1042,618,78,38,29,2025-06-01,12:42:00,15.35,83,277.82,Cancelled
1043,395,229,20,15,2025-03-27,15:30:00,8.14,47,200.36,Cancelled
1044,35,49,18,8,2025-01-19,01:46:00,4.02,19,141.16,Completed
1045,157,155,6,23,2025-04-11,04:37:00,8.21,49,257.59,Completed
1046,904,140,12,9,2025-04-05,18:32:00,30.31,111,374.68,Completed
1047,273,186,17,11,2025-09-11,20:43:00,11.45,57,260.7,Completed
1048,967,221,22,6,2025-12-23,08:12:00,4.55,24,128.01,Completed
1049,396,6,18,12,2025-01-30,11:48:00,10.14,39,232.54,Cancelled
1050,752,44,10,34,2025-09-06,16:51:00,13.32,53,237.95,Driver_Cancelled
1051,207,175,24,21,2025-02-02,07:32:00,15.24,62,260.18,Cancelled
1052,757,23,20,32,2025-08-17,02:49:00,6.89,38,220.19,Completed
1053,605,115,12,36,2025-01-12,07:49:00,21.82,93,368.5,Cancelled
1054,621,202,4,25,2025-04-28,23:57:00,7.61,41,150.2,Completed
1055,306,98,5,35,2025-12-16,15:28:00,10.21,42,185.28,Completed
1056,626,108,26,34,2025-06-04,09:09:00,2.73,14,87.85,Completed
1057,536,204,36,19,2025-09-03,17:10:00,18.1,88,368.14,Completed
1058,805,96,16,37,2025-11-28,18:47:00,3.53,16,124.12,Driver_Cancelled
1059,462,26,5,17,2025-09-04,01:01:00,12.7,59,256.24,Completed
1060,252,135,26,16,2025-01-29,12:12:00,5.98,30,204.74,Completed
1061,267,160,19,16,2025-06-10,22:14:00,3.55,22,119.85,No_Show
1062,867,33,6,4,2025-08-23,05:45:00,6.24,30,156.59,Completed
1063,209,82,24,30,2025-07-09,14:41:00,2.65,14,137.58,Cancelled
1064,955,227,31,34,2025-04-27,15:49:00,5.12,26,131.13,Completed
1065,567,148,31,5,2025-09-28,09:08:00,5.49,25,141.19,Completed
1066,539,95,7,33,2025-09-15,12:51:00,3.65,20,117.38,Driver_Cancelled
1067,835,197,10,9,2025-06-29,03:43:00,9.88,40,196.9,Completed
1068,503,224,39,17,2025-06-21,10:18:00,7.88,28,137.94,Completed
1069,956,180,22,12,2025-10-01,15:35:00,9.85,37,245.74,Completed
1070,514,239,14,24,2025-09-16,10:37:00,5.62,31,158.26,Completed
1071,580,170,28,12,2025-05-15,12:59:00,7.08,29,124.93,Completed
1072,914,211,22,15,2025-06-20,15:07:00,3.39,20,88.78,Completed
1073,148,129,32,16,2025-07-29,10:27:00,5.27,22,107.13,Completed
1074,981,191,11,23,2025-08-24,08:57:00,3.53,18,82.73,Completed
1075,831,7,14,18,2025-07-05,15:35:00,6.55,33,169.29,Completed
1076,974,124,31,22,2025-12-30,16:17:00,5.27,19,102.1,Completed
1077,840,58,4,31,2025-04-05,16:33:00,12.7,72,222.25,Completed
1078,642,86,22,15,2025-01-11,08:47:00,13.43,60,276.23,Driver_Cancelled
1079,986,178,29,21,2025-03-09,20:51:00,9.12,43,157.96,Driver_Cancelled
1080,83,34,35,8,2025-07-29,04:17:00,13.18,53,315.02,Completed
1081,42,51,13,40,2025-07-15,00:59:00,9.66,43,180.89,Driver_Cancelled
1082,156,120,20,36,2025-04-08,01:56:00,5.77,28,130.89,Completed
1083,669,248,19,38,2025-04-03,18:16:00,8.57,35,204.04,Completed
1084,453,138,15,6,2025-01-22,13:46:00,19.66,83,266.6,Completed
1085,619,111,26,17,2025-06-21,07:59:00,14.63,52,213.58,Completed
1086,284,106,20,40,2025-05-14,03:07:00,8.26,40,145.91,Completed
1087,188,26,36,36,2025-01-25,16:18:00,2.62,16,88.69,Completed
1088,617,32,6,28,2025-07-04,07:33:00,23.63,79,408.26,No_Show
1089,624,124,15,23,2025-03-26,16:11:00,7.41,34,161.03,Cancelled
1090,474,170,4,31,2025-02-24,17:49:00,15.84,68,266.19,Completed
1091,507,219,6,11,2025-09-08,07:43:00,8.08,32,210.75,Completed
1092,133,190,2,20,2025-05-24,13:58:00,2.25,14,75.54,Completed
1093,271,12,36,32,2025-12-17,12:22:00,17.31,66,266.93,Completed
1094,622,168,15,17,2025-06-16,23:54:00,9.82,39,218.25,Completed
1095,73,87,12,38,2025-08-12,16:25:00,2.78,14,80.79,Completed
1096,928,78,40,6,2025-08-08,01:36:00,6.91,30,152.39,Completed
1097,436,34,7,1,2025-06-28,07:07:00,9.9,42,184.12,Cancelled
1098,858,209,22,37,2025-04-29,10:00:00,9.18,47,205.26,Completed
1099,293,70,8,4,2025-09-22,03:52:00,14.62,68,228.75,Completed
1100,655,155,11,31,2025-05-30,02:59:00,9.82,48,205.4,Completed
1101,937,8,2,11,2025-08-03,07:38:00,8.38,39,152.87,Completed
1102,772,225,30,17,2025-07-16,06:58:00,3.92,26,118.17,Driver_Cancelled
1103,757,227,4,7,2025-02-11,23:42:00,22.24,93,465.38,Completed
1104,437,175,25,35,2025-02-22,19:43:00,6.74,38,148.41,No_Show
1105,996,81,21,2,2025-11-26,15:09:00,5.52,31,119.83,No_Show
1106,852,26,25,40,2025-09-08,09:02:00,4.21,24,127.7,Completed
1107,667,57,9,37,2025-10-22,04:22:00,5.13,19,96.77,Completed
1108,661,135,8,37,2025-09-28,22:24:00,13.88,56,250.96,Cancelled
1109,60,238,5,10,2025-05-03,05:32:00,3.16,20,123.6,No_Show
1110,598,216,28,12,2025-12-05,02:37:00,6.29,29,141.33,Completed
1111,704,217,2,17,2025-09-23,07:26:00,2.21,16,81.47,Cancelled
1112,327,227,21,26,2025-12-14,10:07:00,4.75,27,142.05,Cancelled
1113,943,26,8,5,2025-01-29,17:22:00,5.42,24,144.81,Completed
1114,182,187,34,5,2025-02-04,16:39:00,5.07,19,108.58,Completed
1115,799,114,23,38,2025-01-06,21:25:00,4.21,23,164.49,Cancelled
1116,785,118,15,27,2025-04-21,12:52:00,18.49,66,251.05,Completed
1117,767,197,27,5,2025-10-21,13:50:00,5.43,30,141.83,Completed
1118,434,116,2,8,2025-03-18,09:06:00,13.48,68,284.63,Completed
1119,519,246,28,31,2025-12-15,16:50:00,5.91,32,176.16,Completed
1120,638,47,11,33,2025-05-27,16:22:00,3.54,20,95.37,Completed
1121,83,102,21,21,2025-03-08,10:51:00,12.14,45,216.17,Driver_Cancelled
1122,28,124,32,35,2025-01-08,16:40:00,15.62,58,252.68,Completed
1123,266,163,32,21,2025-05-02,08:36:00,3.52,22,131.8,Completed
1124,283,158,7,15,2025-12-06,18:01:00,11.37,57,235.11,Completed
1125,397,178,22,36,2025-06-24,01:03:00,6.75,30,156.74,Completed
1126,962,217,14,2,2025-06-28,02:41:00,24.4,105,431.95,Completed
1127,982,24,13,30,2025-03-26,17:00:00,14.8,76,291.69,Completed
1128,763,30,21,28,2025-02-14,15:21:00,20.02,96,264.7,Completed
1129,980,212,22,17,2025-05-16,01:16:00,5.97,30,131.43,Completed
1130,700,54,34,20,2025-12-09,16:04:00,20.78,72,414.23,Completed
1131,383,67,10,40,2025-01-16,03:22:00,12.94,55,217.5,Completed
1132,811,32,1,29,2025-11-29,20:25:00,9.02,35,228.23,Driver_Cancelled
1133,581,8,1,5,2025-07-14,19:36:00,12.13,56,250.53,Completed
1134,319,243,24,25,2025-01-09,16:04:00,4.17,22,111.33,Completed
1135,838,178,3,10,2025-11-12,17:45:00,9.08,51,147.44,Completed
1136,611,175,31,19,2025-11-30,18:51:00,6.71,32,150.57,Completed
1137,193,215,13,1,2025-11-29,16:37:00,15.77,74,282.17,Completed
1138,227,46,4,34,2025-11-23,09:08:00,1.89,12,94.21,Completed
1139,451,80,23,14,2025-01-15,02:13:00,8.92,33,153.96,Completed
1140,182,35,6,25,2025-11-23,05:31:00,6.19,25,142.69,Completed
1141,932,189,34,26,2025-04-12,17:50:00,21.98,93,469.37,Driver_Cancelled
1142,327,89,18,21,2025-08-14,06:41:00,7.38,29,201.03,Completed
1143,605,79,36,16,2025-10-05,15:47:00,6.9,29,115.83,Completed
1144,655,179,26,10,2025-04-23,05:01:00,9,38,210.81,Completed
1145,203,191,33,32,2025-01-01,21:03:00,12.34,51,262.43,Driver_Cancelled
1146,402,136,33,20,2025-09-23,12:02:00,2.51,13,80.47,Driver_Cancelled
1147,644,34,25,9,2025-07-27,16:43:00,3.35,16,101.46,Completed
1148,472,25,17,34,2025-04-20,09:41:00,22.05,111,343.77,Completed
1149,779,113,3,31,2025-07-19,01:36:00,9.27,47,186.16,Completed
1150,646,172,22,19,2025-11-02,19:48:00,31.97,141,436.37,Completed
1151,890,83,35,31,2025-01-12,02:22:00,4.5,24,102.67,Completed
1152,179,43,4,30,2025-12-11,18:59:00,11.42,60,248.72,Completed
1153,698,126,28,24,2025-07-07,10:26:00,9.36,41,245.09,Completed
1154,956,178,13,33,2025-06-03,09:06:00,18.25,97,307.99,Driver_Cancelled
1155,18,13,30,18,2025-11-30,03:01:00,2.96,15,76.15,No_Show
1156,463,174,12,21,2025-10-06,05:03:00,22.14,103,480.95,Completed
1157,835,125,3,31,2025-06-20,22:58:00,8.8,52,146.62,Completed
1158,913,76,21,39,2025-05-14,10:09:00,7.77,29,122.86,Cancelled
1159,609,207,40,4,2025-01-25,02:23:00,11.28,50,183.85,Completed
1160,546,87,1,26,2025-01-18,15:50:00,7.53,33,190.19,Completed
1161,926,181,18,33,2025-07-09,00:51:00,8.99,48,270.68,Completed
1162,403,191,13,33,2025-05-21,16:27:00,16.75,55,290.88,Completed
1163,393,104,7,20,2025-02-12,02:15:00,4.15,23,111.78,Completed
1164,936,130,13,8,2025-11-30,16:12:00,11.05,56,156.82,Completed
1165,300,40,17,36,2025-10-11,09:51:00,11.28,39,214.2,Completed
1166,351,23,32,8,2025-05-26,04:18:00,22.89,76,334.25,Completed
1167,187,187,29,31,2025-11-11,18:18:00,6.57,39,122.23,Completed
1168,347,69,30,22,2025-11-15,19:43:00,1.41,10,69.87,Completed
1169,623,34,11,19,2025-04-02,04:25:00,5.95,33,147.18,Cancelled
1170,409,202,14,20,2025-06-28,02:39:00,4.97,23,122.85,Completed
1171,759,155,10,23,2025-02-25,06:20:00,20.41,100,323.28,Completed
1172,71,55,8,24,2025-06-04,15:46:00,1.3,17,92.68,Completed
1173,821,106,31,24,2025-06-09,18:21:00,15.24,71,222.82,Completed
1174,944,4,6,36,2025-04-21,14:39:00,10.27,45,251.05,Completed
1175,327,196,19,9,2025-05-17,18:14:00,3.44,25,81.44,Completed
1176,212,200,19,40,2025-08-20,10:07:00,10.66,42,229.8,Completed
1177,309,70,12,16,2025-08-08,15:54:00,2.29,14,83.92,Completed
1178,108,217,39,27,2025-03-09,08:08:00,12.72,61,195.63,Completed
1179,177,155,18,37,2025-10-29,20:55:00,7.63,22,161.68,Completed
1180,427,47,3,13,2025-09-06,19:37:00,1.79,5,82,Completed
1181,740,114,9,2,2025-11-19,11:45:00,3.25,17,146.79,Completed
1182,531,117,6,12,2025-01-06,11:57:00,12.98,54,213.47,Completed
1183,834,118,1,33,2025-10-07,13:50:00,23.55,87,424.84,Completed
1184,418,168,40,23,2025-04-04,06:06:00,23.98,93,471.59,Completed
1185,248,212,29,14,2025-09-26,01:02:00,15.65,68,268.63,Completed
1186,209,155,35,39,2025-07-16,20:44:00,2.73,15,91.41,Completed
1187,216,7,35,30,2025-01-25,18:48:00,17.24,74,278.23,Completed
1188,713,151,30,34,2025-05-28,23:48:00,25.85,105,506.95,Completed
1189,438,212,35,9,2025-04-28,18:07:00,20.28,67,421.49,Completed
1190,769,192,39,15,2025-12-04,18:22:00,10.31,58,234.18,Completed
1191,618,113,22,24,2025-12-04,13:46:00,3.81,21,106.8,No_Show
1192,988,243,28,25,2025-03-07,18:21:00,16.71,74,340.03,Cancelled
1193,311,98,18,36,2025-10-28,05:56:00,8.06,36,180.42,Completed
1194,783,29,32,32,2025-06-24,13:19:00,8,28,145.09,Completed
1195,383,189,5,21,2025-11-15,22:02:00,8.35,34,193.52,Completed
1196,981,172,34,39,2025-03-17,13:21:00,8.43,44,187.93,Completed
1197,271,115,31,6,2025-04-24,15:48:00,3.6,18,81.99,Completed
1198,121,197,33,25,2025-04-21,06:59:00,6.52,31,149.99,Completed
1199,407,155,4,2,2025-09-06,16:47:00,22.1,102,458.3,Cancelled
1200,245,140,14,31,2025-07-22,07:37:00,8.25,35,170.33,Completed
1201,66,145,15,30,2025-05-27,05:37:00,6.24,34,137.29,Completed
1202,942,37,20,15,2025-02-04,06:59:00,4.48,23,101.55,Completed
1203,228,34,20,18,2025-11-05,10:18:00,4.33,22,97.32,Completed
1204,882,222,35,32,2025-01-26,20:54:00,13.02,60,226.04,Cancelled
1205,137,164,4,14,2025-08-26,06:28:00,10.11,50,239.99,Cancelled
1206,194,134,18,18,2025-01-14,13:16:00,9.44,41,174.32,Driver_Cancelled
1207,706,96,24,35,2025-02-14,16:11:00,12.74,59,254.08,Completed
1208,658,160,27,22,2025-08-04,00:11:00,15.28,72,227.86,Completed
1209,657,73,33,14,2025-08-21,09:13:00,8.6,36,143.45,Completed
1210,489,122,25,38,2025-07-12,07:47:00,13.96,57,299.73,Completed
1211,584,150,5,14,2025-02-20,15:41:00,5.44,28,114.96,Completed
1212,354,10,18,34,2025-08-02,05:45:00,16.7,74,360.33,Completed
1213,930,29,20,22,2025-05-31,01:17:00,7.4,47,156.68,Completed
1214,965,139,35,16,2025-10-02,05:22:00,23.83,113,395.54,Completed
1215,704,92,6,16,2025-12-04,13:43:00,8.09,44,155.71,Completed
1216,556,194,27,16,2025-03-17,11:30:00,3.89,25,110.56,Completed
1217,157,56,28,40,2025-08-08,19:12:00,10.2,43,182.22,Completed
1218,958,85,11,38,2025-12-14,18:00:00,7.76,33,182.91,Completed
1219,476,249,9,18,2025-07-06,12:53:00,3.24,14,77.89,Completed
1220,16,95,28,23,2025-10-16,13:18:00,24.54,106,427.63,Completed
1221,78,58,19,40,2025-01-28,15:56:00,7.5,24,242.86,Completed
1222,52,233,39,18,2025-06-29,08:25:00,3.22,16,119.96,No_Show
1223,514,52,21,22,2025-09-10,19:23:00,7.66,32,175.03,Completed
1224,504,61,31,40,2025-05-06,09:55:00,5.53,32,148.5,Completed
1225,744,17,7,30,2025-06-26,21:03:00,6.11,39,165.42,Completed
1226,61,219,37,18,2025-02-06,09:28:00,10.86,43,209.05,Cancelled
1227,132,30,25,18,2025-04-09,11:33:00,4.96,30,129.1,Completed
1228,382,233,28,1,2025-04-08,11:57:00,15.19,74,291.78,Completed
1229,564,249,36,15,2025-05-07,18:55:00,5.41,27,129.15,Completed
1230,809,72,17,5,2025-06-17,15:56:00,4.35,20,97.99,Completed
1231,692,37,26,27,2025-03-21,12:15:00,9.02,49,166.4,Completed
1232,543,133,28,17,2025-10-21,12:04:00,2.67,15,86.86,Completed
1233,410,154,37,32,2025-11-29,05:16:00,7.66,39,144.31,Cancelled
1234,155,198,17,38,2025-05-06,07:15:00,6.99,41,167.82,Cancelled
1235,633,80,17,26,2025-12-09,14:24:00,6.46,34,122.9,Completed
1236,51,129,33,2,2025-11-06,17:59:00,3.65,29,138.37,Completed
1237,994,137,34,28,2025-05-30,21:30:00,4.96,22,105.53,Completed
1238,95,213,23,23,2025-01-16,21:20:00,15.28,60,323.23,Cancelled
1239,688,71,30,20,2025-01-28,20:04:00,4.35,27,127.22,Completed
1240,523,107,27,36,2025-06-22,13:13:00,17.12,75,350.22,No_Show
1241,904,192,9,22,2025-02-15,04:29:00,13.35,59,252.66,Completed
1242,524,207,20,11,2025-11-24,11:25:00,7.08,29,126.74,Completed
1243,355,152,23,28,2025-08-24,07:23:00,17.42,86,377.8,Cancelled
1244,45,133,19,22,2025-08-02,18:35:00,11.18,43,243.45,Completed
1245,802,179,37,17,2025-03-26,17:34:00,7.27,41,132.6,Completed
1246,205,166,4,31,2025-10-09,08:50:00,4.67,27,111.73,Completed
1247,731,247,13,11,2025-08-20,18:20:00,7.99,35,166.36,Completed
1248,840,157,38,36,2025-03-26,23:04:00,20.97,79,366.5,Completed
1249,431,174,12,14,2025-03-06,17:27:00,7.9,40,190.86,Completed
1250,256,180,9,35,2025-05-14,14:17:00,24.31,114,365.44,Completed
1251,248,121,15,23,2025-05-31,21:14:00,6.06,30,138.71,No_Show
1252,533,174,21,29,2025-04-25,17:34:00,14.48,64,280.56,No_Show
1253,41,75,15,23,2025-03-05,03:16:00,20.77,89,330.51,Completed
1254,459,68,5,36,2025-12-09,03:00:00,6.71,22,199.29,Completed
1255,790,187,5,16,2025-12-29,23:56:00,4.7,30,162.85,Completed
1256,277,138,25,39,2025-12-18,09:54:00,1.5,10,60.73,Completed
1257,924,98,24,20,2025-06-07,15:30:00,7.29,32,158.89,Completed
1258,195,249,37,25,2025-03-18,04:39:00,12.61,65,245.72,No_Show
1259,71,132,31,19,2025-05-26,12:43:00,4.59,22,130.03,Driver_Cancelled
1260,270,52,34,26,2025-12-09,02:13:00,5.76,27,108.39,Completed
1261,335,74,14,32,2025-08-13,03:11:00,10.13,46,219.06,Completed
1262,585,225,27,21,2025-11-09,00:04:00,13.95,59,257.63,Completed
1263,308,238,4,9,2025-04-13,09:09:00,10.01,45,158,Completed
1264,427,18,23,19,2025-12-13,07:37:00,4.41,23,116.33,Completed
1265,199,76,38,21,2025-10-28,06:16:00,5.76,31,118.21,Completed
1266,76,179,5,18,2025-03-29,20:48:00,4.66,21,135.15,Completed
1267,787,151,27,6,2025-10-30,14:41:00,9.49,53,189.78,Completed
1268,795,108,14,35,2025-06-17,23:28:00,5.35,29,152.17,Driver_Cancelled
1269,658,153,7,14,2025-06-19,17:47:00,4.81,28,145.88,Completed
1270,525,60,18,9,2025-05-15,02:20:00,4.66,22,114.3,Completed
1271,875,37,32,35,2025-02-19,15:46:00,22.85,86,413.89,Cancelled
1272,641,196,2,2,2025-12-06,20:53:00,9.86,49,162.69,Cancelled
1273,230,77,20,6,2025-12-13,10:44:00,18.1,61,359.06,Completed
1274,85,146,29,35,2025-05-14,12:01:00,17.16,73,304.39,Completed
1275,162,126,26,25,2025-12-13,02:14:00,17.57,64,359.01,Driver_Cancelled
1276,397,29,38,9,2025-05-17,21:21:00,15.49,73,332.98,Completed
1277,877,108,1,31,2025-09-02,13:11:00,24.57,109,304.74,Completed
1278,371,30,5,7,2025-04-19,13:25:00,9.66,41,262.69,Completed
1279,563,240,14,28,2025-11-09,16:56:00,9.81,47,262.48,Cancelled
1280,215,119,25,2,2025-10-14,22:04:00,10.06,54,229.32,Completed
1281,1,102,9,1,2025-01-21,04:28:00,2.76,17,75.9,Driver_Cancelled
1282,983,220,30,37,2025-03-31,15:00:00,5.72,24,144.07,Completed
1283,377,7,19,24,2025-10-23,01:31:00,15.9,82,287.31,Completed
1284,412,216,40,35,2025-04-22,18:10:00,7.37,30,126.61,Completed
1285,635,169,8,7,2025-10-28,09:33:00,15.72,66,230.06,Completed
1286,800,74,16,38,2025-03-18,01:16:00,7.9,33,147.67,Completed
1287,200,37,8,29,2025-06-26,01:26:00,20.82,92,330.99,Completed
1288,183,27,23,1,2025-12-09,23:58:00,18.52,62,343.77,Completed
1289,410,21,9,30,2025-05-28,19:14:00,4.51,25,101.1,Completed
1290,398,228,32,32,2025-04-11,16:12:00,2.93,20,171.65,Driver_Cancelled
1291,216,43,37,10,2025-09-03,05:13:00,3.48,22,97.41,Completed
1292,752,51,34,34,2025-04-27,07:41:00,2.87,13,116.23,No_Show
1293,349,93,18,11,2025-04-02,04:53:00,11.14,52,220.06,Completed
1294,580,71,15,37,2025-01-28,01:42:00,10.56,34,183.17,Driver_Cancelled
1295,831,13,15,27,2025-01-25,09:43:00,10.66,44,262.04,Cancelled
1296,594,109,29,10,2025-02-27,04:52:00,9.57,42,201.51,Completed
1297,654,181,23,38,2025-10-24,11:17:00,11.98,56,305.6,No_Show
1298,923,215,23,22,2025-05-14,21:32:00,4.35,23,154.12,Completed
1299,41,191,1,24,2025-11-27,16:36:00,22.52,90,447.46,Driver_Cancelled
1300,751,114,22,8,2025-09-06,02:53:00,12.48,56,208.54,Driver_Cancelled
1301,3,185,7,6,2025-02-07,01:28:00,3.97,23,98.26,Completed
1302,94,153,32,4,2025-03-16,00:30:00,5.27,24,107.84,Completed
1303,59,125,28,5,2025-05-22,21:17:00,11.18,48,236.15,Completed
1304,740,105,32,6,2025-11-18,19:51:00,19.61,88,369.9,Completed
1305,407,237,33,32,2025-06-17,21:58:00,5.23,27,122.1,Completed
1306,18,141,13,38,2025-09-16,14:57:00,4.43,20,190.21,Cancelled
1307,494,37,28,20,2025-12-21,03:09:00,14.96,69,282.75,Completed
1308,751,158,9,40,2025-08-13,03:31:00,15.47,80,318.37,Driver_Cancelled
1309,872,218,3,36,2025-06-01,19:16:00,7.49,33,220.16,Completed
1310,508,140,17,14,2025-01-19,06:00:00,4.61,35,115.59,Cancelled
1311,586,249,34,19,2025-05-26,07:04:00,6.06,30,123.68,Driver_Cancelled
1312,888,193,32,11,2025-08-29,04:57:00,24.66,125,502.67,Cancelled
1313,332,18,9,39,2025-12-10,13:02:00,27.39,90,558.77,Completed
1314,169,122,1,1,2025-08-25,16:28:00,14.69,66,284.94,Completed
1315,776,85,20,35,2025-02-04,21:58:00,12.21,60,276.55,Completed
1316,672,117,5,19,2025-07-09,10:44:00,7.57,32,172.22,Completed
1317,849,118,40,33,2025-01-01,14:37:00,16.48,59,323.48,Completed
1318,681,62,21,32,2025-06-02,00:29:00,5.17,21,114.84,No_Show
1319,941,24,5,36,2025-05-06,02:40:00,6.74,27,180.21,Completed
1320,206,60,4,24,2025-12-11,05:07:00,6.23,28,147.8,Completed
1321,869,145,8,7,2025-08-14,19:49:00,6.12,34,153.91,Completed
1322,521,106,25,7,2025-08-09,10:34:00,3.35,16,141.72,Cancelled
1323,505,60,7,5,2025-07-30,01:02:00,2.36,15,83.92,Driver_Cancelled
1324,346,9,37,14,2025-01-25,07:08:00,7.62,27,140.88,Cancelled
1325,304,180,32,26,2025-01-16,05:00:00,19.65,67,255.97,Completed
1326,115,232,17,1,2025-07-01,15:32:00,16.02,86,235.19,Completed
1327,664,220,28,13,2025-11-25,02:03:00,10.64,45,226.76,Cancelled
1328,87,143,6,23,2025-05-09,07:29:00,8.34,33,129.85,Completed
1329,95,77,36,20,2025-02-11,17:30:00,25.59,87,401.52,Completed
1330,743,156,2,7,2025-12-02,07:14:00,11.55,44,232.94,Completed
1331,428,245,31,6,2025-08-24,08:37:00,5.89,24,138.96,Completed
1332,698,81,1,9,2025-12-26,05:05:00,8.56,30,180.93,Completed
1333,450,126,3,28,2025-02-03,10:41:00,18.48,62,318.83,Completed
1334,626,137,13,10,2025-12-11,23:34:00,2.33,15,72.81,Completed
1335,786,56,31,35,2025-02-14,13:33:00,16.93,70,241.43,Completed
1336,976,213,29,7,2025-05-14,07:26:00,8.38,38,137.5,Completed
1337,541,94,33,25,2025-01-21,23:41:00,7.46,33,203.2,Completed
1338,715,127,10,30,2025-05-02,00:12:00,5.16,26,179.9,Completed
1339,2,203,38,26,2025-03-11,09:40:00,10.45,40,185.51,Completed
1340,78,222,9,12,2025-12-18,10:21:00,10.98,40,193,Completed
1341,324,36,1,13,2025-12-27,17:39:00,8.78,39,195.41,Completed
1342,743,128,37,40,2025-02-17,17:28:00,5.46,28,128.03,Completed
1343,98,184,32,4,2025-02-08,07:57:00,12.26,47,229.41,Completed
1344,629,217,33,1,2025-10-14,19:36:00,20.11,78,290.07,Completed
1345,110,199,2,6,2025-01-10,18:57:00,19.45,85,375.01,Driver_Cancelled
1346,679,20,2,2,2025-01-30,11:42:00,5.84,28,113.71,Completed
1347,457,55,5,27,2025-09-01,14:44:00,5.57,27,101.34,Completed
1348,488,246,10,18,2025-10-01,08:11:00,9.25,35,222.72,Completed
1349,809,60,38,29,2025-03-29,04:40:00,3.73,22,126.31,No_Show
1350,967,163,37,33,2025-09-01,13:04:00,11.43,57,285.8,Completed
1351,371,202,2,3,2025-11-25,17:04:00,5.78,18,155.47,Completed
1352,337,227,40,20,2025-01-15,10:58:00,5.2,33,142.11,Completed
1353,890,129,25,4,2025-01-04,12:49:00,16.24,74,268.05,Completed
1354,599,206,38,18,2025-07-10,01:25:00,4,19,98.46,Completed
1355,971,45,37,8,2025-06-17,20:25:00,12.56,59,236.14,Completed
1356,22,197,18,22,2025-01-09,16:09:00,2.31,15,74.07,Completed
1357,722,168,27,22,2025-04-19,13:48:00,21.75,93,388.8,Completed
1358,305,236,20,19,2025-05-17,23:02:00,8.64,47,255.04,Driver_Cancelled
1359,924,166,34,28,2025-06-03,11:56:00,3.13,15,106.6,Completed
1360,272,248,8,2,2025-07-28,20:06:00,8.4,46,178.98,Completed
1361,490,247,4,9,2025-09-29,05:05:00,23.72,105,430.12,Driver_Cancelled
1362,836,226,30,35,2025-05-23,22:54:00,3.72,22,110.81,Driver_Cancelled
1363,446,24,36,22,2025-04-09,06:01:00,12.64,39,266.34,No_Show
1364,932,4,9,26,2025-11-04,15:57:00,9.99,40,171.29,Cancelled
1365,278,91,12,34,2025-03-10,22:54:00,5.71,28,138.47,No_Show
1366,651,197,14,7,2025-09-04,21:14:00,8.74,37,165.22,Completed
1367,853,107,35,30,2025-09-18,04:31:00,8.73,45,181.69,Cancelled
1368,377,13,6,25,2025-10-03,07:01:00,2.11,16,116.88,Cancelled
1369,232,232,23,9,2025-03-20,20:30:00,4.74,24,129.22,Completed
1370,745,149,4,27,2025-05-26,02:42:00,6.3,35,154.84,Completed
1371,592,101,1,1,2025-04-21,03:00:00,19.27,69,379.13,No_Show
1372,426,160,9,33,2025-09-15,15:10:00,28.52,100,458.67,Completed
1373,55,166,9,8,2025-04-03,18:17:00,3.13,16,90.49,Cancelled
1374,969,95,15,32,2025-01-13,20:38:00,13.76,46,263.98,Completed
1375,803,160,24,40,2025-09-17,03:54:00,2.93,17,85,Completed
1376,441,207,8,19,2025-04-19,19:00:00,24.91,130,490.85,Completed
1377,34,247,28,36,2025-11-26,16:24:00,10.77,45,272.45,Completed
1378,329,57,17,22,2025-07-08,15:33:00,7.4,38,141.64,Completed
1379,845,176,35,39,2025-04-05,09:02:00,6.26,26,141.17,Completed
1380,454,158,31,26,2025-04-15,11:38:00,8.28,30,159.29,Completed
1381,388,235,4,3,2025-01-08,01:40:00,5.16,24,136.51,Completed
1382,764,71,14,9,2025-03-08,16:46:00,6.81,24,157.26,Completed
1383,430,166,25,35,2025-07-10,02:30:00,3.75,25,162.38,Completed
1384,476,223,40,7,2025-09-13,12:54:00,11.69,54,229.7,Cancelled
1385,125,172,7,15,2025-01-09,11:49:00,6.39,35,149.35,Completed
1386,523,154,31,4,2025-04-27,12:56:00,9.1,42,194.12,Completed
1387,482,100,35,37,2025-09-24,01:33:00,17.75,80,263.51,Completed
1388,317,238,38,28,2025-04-09,03:18:00,12.62,50,294.32,Completed
1389,122,107,20,9,2025-10-25,18:51:00,4.61,24,136.52,Completed
1390,547,90,16,35,2025-06-13,02:47:00,11.92,42,213.81,Completed
1391,581,108,22,25,2025-05-21,23:29:00,9.47,40,209.32,Cancelled
1392,313,130,36,9,2025-09-25,14:27:00,2.06,11,85.54,Driver_Cancelled
1393,487,43,19,33,2025-02-06,18:41:00,12.07,61,282.9,Cancelled
1394,651,237,2,17,2025-03-15,20:34:00,8.62,44,176.09,Completed
1395,12,43,4,12,2025-03-14,23:58:00,6.03,31,177.24,Completed
1396,125,63,34,9,2025-11-04,04:35:00,12.9,66,256.33,Completed
1397,811,73,7,5,2025-07-18,22:07:00,5.05,24,123.87,Completed
1398,659,186,14,26,2025-05-10,09:00:00,12.17,56,276.88,No_Show
1399,77,117,32,19,2025-09-03,20:34:00,18.23,83,260.33,Completed
1400,580,48,17,35,2025-11-08,23:11:00,4.06,24,125.61,Completed
1401,718,5,37,2,2025-03-01,20:29:00,11.76,56,174.41,Completed
1402,236,219,14,7,2025-10-06,01:08:00,1.45,15,91.61,Cancelled
1403,571,76,17,9,2025-04-13,08:18:00,7.68,36,134.41,Cancelled
1404,770,35,32,22,2025-10-23,15:28:00,9.69,53,262.88,Completed
1405,254,93,2,33,2025-11-16,21:05:00,5.87,26,114.08,No_Show
1406,904,144,39,16,2025-12-07,03:40:00,8.12,43,211.75,Completed
1407,406,83,4,24,2025-05-31,20:23:00,5.95,30,135.16,Driver_Cancelled
1408,243,177,40,8,2025-06-06,09:59:00,4.2,27,124.64,No_Show
1409,461,60,30,30,2025-07-25,07:42:00,14.07,55,251.01,Cancelled
1410,277,107,30,26,2025-06-28,18:46:00,3,13,125.86,Completed
1411,469,117,33,35,2025-07-16,18:21:00,10.77,44,192.62,Completed
1412,220,51,1,17,2025-08-11,22:59:00,6.53,23,148.05,Completed
1413,225,127,33,38,2025-03-30,00:31:00,8.12,52,153.52,Completed
1414,925,91,36,10,2025-10-14,01:03:00,10.42,54,232.57,Cancelled
1415,101,82,31,17,2025-10-03,03:07:00,16.51,75,239.05,Completed
1416,854,59,37,7,2025-08-24,08:13:00,5.91,35,108.1,Completed
1417,634,64,14,2,2025-07-02,03:12:00,3.77,16,134.21,Completed
1418,730,105,6,11,2025-07-28,07:30:00,8.46,32,145.17,Completed
1419,507,141,7,3,2025-05-10,12:38:00,8.51,49,211.47,Completed
1420,587,222,40,20,2025-06-02,02:18:00,20.93,94,264.98,Completed
1421,331,154,24,13,2025-01-13,19:24:00,3.9,24,129.33,Completed
1422,237,70,4,23,2025-05-02,16:27:00,12.58,64,241.64,Completed
1423,994,131,25,17,2025-12-25,19:12:00,9.92,41,215.52,Cancelled
1424,339,215,3,29,2025-08-08,21:43:00,15.73,73,278.95,Completed
1425,752,12,28,39,2025-04-16,09:23:00,3.8,21,127.61,Driver_Cancelled
1426,506,41,23,32,2025-03-11,10:39:00,7.93,37,189.85,Completed
1427,165,105,36,35,2025-07-14,10:45:00,17.39,84,279.52,Completed
1428,846,207,13,35,2025-07-05,22:59:00,1.9,11,90.74,Completed
1429,669,65,22,34,2025-04-09,05:14:00,3.36,13,100.24,Completed
1430,723,63,25,21,2025-03-23,19:20:00,12.13,36,251.22,Completed
1431,933,178,24,16,2025-03-16,14:53:00,3.11,15,95.91,Completed
1432,789,175,37,23,2025-12-06,15:23:00,8.33,34,163.05,Completed
1433,728,8,33,11,2025-07-11,07:57:00,4.56,26,132.24,Completed
1434,218,159,14,14,2025-11-21,22:14:00,9.71,46,176.18,Completed
1435,745,11,24,3,2025-08-02,14:04:00,23.68,102,328.98,Completed
1436,376,17,22,7,2025-11-11,16:38:00,5.27,28,144.13,Completed
1437,12,155,37,40,2025-11-14,00:44:00,4.83,19,137.37,Driver_Cancelled
1438,432,124,23,11,2025-05-24,10:07:00,16.65,80,269.29,Completed
1439,83,95,6,33,2025-08-04,07:11:00,3.98,21,137.28,Completed
1440,431,155,19,19,2025-12-27,14:13:00,3.19,19,106.41,No_Show
1441,625,206,12,23,2025-11-20,08:00:00,4.43,22,133.8,Completed
1442,478,115,26,23,2025-01-15,00:59:00,11.28,39,186.51,No_Show
1443,783,123,29,29,2025-08-05,12:19:00,4.6,18,125.54,Completed
1444,707,87,14,6,2025-02-04,17:04:00,10.07,60,186.51,Cancelled
1445,369,56,17,39,2025-07-02,19:27:00,12.27,44,230.15,Completed
1446,653,197,30,5,2025-09-27,20:27:00,6.68,25,229.83,Driver_Cancelled
1447,955,94,7,32,2025-12-24,16:48:00,6.41,28,164.73,Completed
1448,969,98,21,40,2025-04-10,10:25:00,7.97,44,171.79,Completed
1449,636,175,1,26,2025-01-07,01:17:00,24.41,94,493.02,Completed
1450,141,19,38,14,2025-01-30,01:22:00,5.87,23,147.28,Completed
1451,720,57,4,18,2025-11-01,04:41:00,8.26,36,151.77,Completed
1452,627,159,8,21,2025-05-24,04:17:00,20.78,112,407.21,Completed
1453,718,16,18,25,2025-04-21,08:59:00,21.86,115,406.49,Driver_Cancelled
1454,456,45,8,20,2025-08-20,11:42:00,5.53,33,149.39,Completed
1455,502,155,31,24,2025-06-28,20:07:00,3.95,27,121.74,Cancelled
1456,403,189,31,3,2025-03-13,23:53:00,14.24,53,200.74,Completed
1457,953,154,28,22,2025-07-29,23:50:00,7.79,33,180.17,No_Show
1458,288,231,37,8,2025-08-08,02:59:00,20.4,91,428.08,No_Show
1459,355,157,3,29,2025-03-21,18:51:00,2.81,15,101.7,Completed
1460,343,113,15,7,2025-03-24,02:23:00,3.95,20,137.57,Driver_Cancelled
1461,149,243,4,6,2025-02-11,20:21:00,8.36,49,185.34,Cancelled
1462,210,121,35,6,2025-09-30,00:49:00,8.97,36,194.25,Completed
1463,112,103,34,12,2025-07-10,09:19:00,4.98,18,163.57,Completed
1464,654,127,36,22,2025-06-22,14:31:00,9.35,50,181.58,Completed
1465,976,44,6,26,2025-01-07,23:36:00,14.88,53,201.72,Cancelled
1466,536,109,4,25,2025-06-04,04:48:00,8.66,40,172,Completed
1467,49,157,30,19,2025-01-10,03:56:00,14.69,53,312,Completed
1468,800,109,39,36,2025-02-03,10:29:00,6.59,26,151.52,Completed
1469,331,110,18,35,2025-02-05,09:47:00,16.01,67,337.91,Completed
1470,365,111,22,13,2025-01-06,02:20:00,11.04,49,209.83,Cancelled
1471,11,223,10,25,2025-08-03,00:14:00,4.37,24,165.45,No_Show
1472,188,130,29,32,2025-05-14,08:24:00,10.9,60,186.69,Completed
1473,509,134,23,30,2025-10-12,08:06:00,8.3,39,146.63,Completed
1474,580,9,4,21,2025-05-06,01:31:00,9.32,40,225.97,Completed
1475,445,15,19,40,2025-12-03,20:22:00,8.25,28,199.33,Completed
1476,90,212,26,8,2025-06-23,17:50:00,5.61,29,105.73,Completed
1477,622,240,7,7,2025-06-01,07:46:00,24.2,117,447.82,Completed
1478,901,58,13,3,2025-11-27,10:41:00,10.05,43,266.55,Completed
1479,676,2,3,37,2025-01-26,00:42:00,8.64,32,166.55,Completed
1480,993,131,40,3,2025-04-25,08:26:00,3.57,18,109.06,Completed
1481,448,247,11,18,2025-10-11,20:04:00,11.76,50,246.45,Completed
1482,718,180,16,9,2025-03-16,22:20:00,2.36,20,100.37,Cancelled
1483,32,55,20,24,2025-06-15,02:22:00,12.67,57,274.92,Completed
1484,327,53,23,7,2025-07-08,05:49:00,3.93,22,111.62,Completed
1485,74,94,23,33,2025-03-19,08:37:00,4.04,18,115.47,Cancelled
1486,251,72,32,25,2025-03-31,14:20:00,3.17,17,100.57,Completed
1487,450,40,38,34,2025-06-25,16:32:00,28.41,131,528.08,Completed
1488,906,213,3,38,2025-01-21,15:08:00,18.1,79,385.94,Completed
1489,355,39,8,21,2025-02-23,01:24:00,5.7,27,203.64,Completed
1490,533,171,38,38,2025-07-03,09:37:00,9.08,37,147.82,Cancelled
1491,296,246,40,40,2025-12-25,20:24:00,11.45,38,201.94,Completed
1492,298,141,14,18,2025-08-10,20:44:00,4.2,20,109.28,Completed
1493,328,104,8,39,2025-11-11,07:45:00,1.46,13,105.11,Completed
1494,302,105,11,33,2025-11-24,04:18:00,5.7,26,133.06,Completed
1495,512,240,33,28,2025-06-28,10:37:00,3.54,24,85.59,No_Show
1496,338,165,15,25,2025-10-03,11:00:00,5.5,27,140.4,Cancelled
1497,585,55,37,14,2025-04-22,11:47:00,9.01,43,221.73,Completed
1498,374,160,14,20,2025-08-12,05:33:00,2.35,19,76.78,Completed
1499,553,142,26,39,2025-08-02,00:03:00,7.22,34,157.73,Completed
1500,94,65,8,20,2025-02-28,05:50:00,7.6,38,217.36,Completed
1501,132,155,4,7,2025-11-23,19:16:00,10.7,57,176.49,Completed
1502,611,24,36,4,2025-04-19,09:47:00,8.8,45,162.61,Completed
1503,910,115,18,31,2025-06-06,09:12:00,9.5,44,199.12,Completed
1504,910,113,27,30,2025-07-10,00:14:00,8.02,43,167.23,Cancelled
1505,53,22,19,37,2025-07-19,13:02:00,11.57,59,193.04,Completed
1506,496,78,3,21,2025-11-08,03:56:00,10.5,58,287.27,Completed
1507,229,45,9,1,2025-07-15,15:04:00,3.17,19,104.94,Completed
1508,640,136,39,3,2025-02-04,13:09:00,14.39,61,307.89,No_Show
1509,212,219,2,13,2025-09-03,09:17:00,7.09,30,188.57,Cancelled
1510,797,195,9,7,2025-08-25,00:59:00,15.27,63,316.11,Completed
1511,791,64,6,6,2025-04-14,07:07:00,9.29,42,140.92,Completed
1512,504,97,38,6,2025-01-07,08:15:00,15.45,63,249.86,Driver_Cancelled
1513,495,115,28,34,2025-10-10,12:07:00,13.44,74,292.73,Completed
1514,853,175,34,32,2025-01-01,05:06:00,4.45,22,124.55,Completed
1515,671,21,29,16,2025-08-07,20:03:00,4.97,27,115.86,No_Show
1516,864,160,3,38,2025-08-18,08:23:00,16.9,65,294.95,Cancelled
1517,233,232,16,8,2025-06-21,20:19:00,12.29,50,198.3,Completed
1518,71,105,35,21,2025-03-28,20:29:00,17.51,67,345.44,Completed
1519,717,45,11,11,2025-02-10,16:31:00,4.05,22,134.93,Completed
1520,189,44,23,23,2025-05-03,06:24:00,6.04,21,163.66,Completed
1521,663,41,30,6,2025-11-27,16:17:00,7.13,38,142.85,No_Show
1522,8,96,5,15,2025-10-25,18:30:00,10.81,56,195.43,Completed
1523,332,180,8,11,2025-06-27,02:48:00,5.25,27,165.51,Cancelled
1524,612,216,10,27,2025-03-04,17:47:00,14.25,52,281.23,Completed
1525,16,139,28,15,2025-06-14,21:24:00,9.7,41,182.62,Completed
1526,666,101,36,38,2025-07-06,09:01:00,9.71,49,219.89,Completed
1527,669,115,10,4,2025-07-28,18:33:00,9.88,41,167.21,Completed
1528,93,213,14,14,2025-08-15,14:59:00,7.09,34,157.81,Completed
1529,262,18,38,10,2025-02-17,22:46:00,10.22,60,181.31,Completed
1530,549,139,37,29,2025-08-12,03:02:00,11.91,51,191.18,Completed
1531,161,27,5,12,2025-01-03,10:20:00,6.26,30,160,Completed
1532,351,171,6,40,2025-06-24,18:30:00,5.25,31,109.33,Completed
1533,174,102,30,20,2025-04-09,18:19:00,7.67,31,184.48,Completed
1534,317,193,19,37,2025-04-26,19:47:00,7.72,43,178.19,Completed
1535,937,182,14,2,2025-09-27,19:01:00,13.24,66,245.48,Completed
1536,18,29,11,20,2025-09-10,22:59:00,6.45,41,168.05,Completed
1537,486,149,5,12,2025-11-13,22:47:00,13.96,74,305.38,Completed
1538,367,29,31,38,2025-04-05,12:29:00,15.77,80,251.49,Completed
1539,351,137,32,30,2025-09-30,07:39:00,8,33,153.83,Completed
1540,528,189,24,18,2025-01-24,03:15:00,9.55,35,196.85,Completed
1541,872,190,10,10,2025-04-26,13:44:00,13.8,67,289.2,Cancelled
1542,435,199,13,7,2025-05-31,00:37:00,17.22,64,293.36,Completed
1543,933,102,13,5,2025-12-04,14:27:00,8.93,44,166.58,Completed
1544,270,223,36,29,2025-02-19,18:16:00,5.43,28,125.26,Completed
1545,871,91,22,35,2025-07-25,16:38:00,13.65,68,242.6,Cancelled
1546,68,247,9,39,2025-12-01,09:18:00,8.08,37,155.67,Completed
1547,30,234,19,12,2025-03-20,15:06:00,4.97,21,105.44,Completed
1548,316,224,7,10,2025-03-11,23:17:00,17.27,71,247.59,Completed
1549,821,5,15,37,2025-01-27,12:45:00,9.87,41,159.96,Completed
1550,737,97,17,2,2025-09-28,17:37:00,18.35,69,343.52,No_Show
1551,164,15,14,3,2025-02-19,01:25:00,12.97,50,211.6,Cancelled
1552,926,185,2,14,2025-10-19,23:59:00,8.24,37,201.91,Completed
1553,320,5,14,20,2025-09-04,05:39:00,14.83,65,225.14,Cancelled
1554,14,148,4,4,2025-09-21,01:55:00,13.7,59,289.88,Completed
1555,279,230,3,26,2025-03-20,13:27:00,4.59,28,104.31,Completed
1556,432,101,3,15,2025-07-09,11:46:00,12.81,64,275.52,Completed
1557,668,81,11,9,2025-02-16,04:06:00,22.95,96,432.07,Completed
1558,634,114,5,3,2025-12-27,11:49:00,8.35,35,178.85,Completed
1559,263,4,29,2,2025-12-20,21:38:00,13.65,71,297.2,Completed
1560,682,184,28,39,2025-12-18,21:25:00,26.02,91,501.87,Completed
1561,522,213,23,30,2025-07-08,13:41:00,7.24,36,200.18,Cancelled
1562,964,247,30,37,2025-09-13,06:42:00,10.37,39,172.82,No_Show
1563,172,34,23,17,2025-08-10,19:34:00,9.98,37,216.49,Completed
1564,358,40,22,3,2025-08-29,18:07:00,9.2,50,175.47,Completed
1565,13,197,12,9,2025-09-26,18:44:00,25.79,112,392.43,Cancelled
1566,725,196,27,8,2025-01-01,03:52:00,3.41,19,106.35,Cancelled
1567,673,249,40,9,2025-02-03,16:54:00,8.48,46,164,Completed
1568,232,150,15,17,2025-03-20,12:03:00,7.95,49,176.05,Completed
1569,476,127,23,24,2025-08-24,09:16:00,8.08,32,157.02,Completed
1570,471,142,19,8,2025-11-30,14:20:00,4.65,25,111.22,Completed
1571,160,196,11,14,2025-12-15,00:26:00,16.12,77,330.72,No_Show
1572,639,136,38,16,2025-04-08,06:38:00,12.8,55,207.27,Completed
1573,560,128,40,18,2025-03-23,01:21:00,5.66,31,138.76,Driver_Cancelled
1574,261,67,3,24,2025-07-11,21:22:00,6.5,30,115.29,Completed
1575,573,174,16,39,2025-09-10,05:45:00,4.28,27,134.95,No_Show
1576,634,157,32,27,2025-02-07,02:02:00,6.96,33,160.53,Completed
1577,602,218,38,28,2025-01-14,20:30:00,10.3,46,188.12,Completed
1578,359,114,9,7,2025-12-13,21:43:00,3.67,23,116.61,Completed
1579,255,119,38,34,2025-11-06,13:07:00,7.45,28,178.9,Completed
1580,602,94,5,27,2025-07-28,14:13:00,2.87,19,106.15,Completed
1581,515,12,1,34,2025-12-23,10:26:00,6.01,26,156.27,Completed
1582,280,207,35,39,2025-03-30,12:57:00,10.66,49,174.39,Completed
1583,117,244,35,19,2025-02-25,05:48:00,7.22,27,155.88,Completed
1584,610,52,12,6,2025-04-04,19:24:00,3.55,21,110.72,Completed
1585,162,186,36,30,2025-04-03,01:00:00,10.31,52,234.22,Completed
1586,852,233,21,28,2025-12-06,17:35:00,8.07,41,148.86,Completed
1587,887,2,8,12,2025-03-26,19:55:00,5.97,28,130.2,Cancelled
1588,990,1,27,15,2025-09-02,12:59:00,7.04,35,161.89,Completed
1589,298,239,9,39,2025-01-22,13:23:00,7.11,28,201.8,No_Show
1590,916,55,28,39,2025-10-18,20:41:00,5.01,29,133.75,Completed
1591,297,239,30,15,2025-09-29,17:25:00,16.66,83,292.55,Completed
1592,594,220,14,36,2025-11-02,07:42:00,17.93,76,284.33,Completed
1593,358,104,23,3,2025-05-02,11:30:00,1.83,14,73.58,Completed
1594,660,99,29,1,2025-05-08,20:26:00,8.51,44,194.7,Completed
1595,518,162,26,7,2025-04-23,22:53:00,19.89,81,415.05,Completed
1596,378,192,22,9,2025-09-30,21:42:00,6.67,39,133.93,Completed
1597,697,68,15,1,2025-12-02,05:27:00,14.94,57,319.46,Completed
1598,426,82,9,5,2025-05-10,18:30:00,13.19,69,286.24,Completed
1599,764,140,26,36,2025-05-12,02:10:00,4.91,21,98.52,Completed
1600,537,50,17,10,2025-03-26,01:29:00,8.17,38,173.72,Completed
1601,553,21,9,2,2025-12-16,16:54:00,8.74,35,208.03,Completed
1602,169,10,3,23,2025-03-22,06:12:00,6.12,33,148.79,Completed
1603,515,85,16,39,2025-11-21,12:11:00,11.51,53,208.86,Completed
1604,364,104,13,29,2025-03-10,13:29:00,13.32,60,192.88,Completed
1605,683,89,26,19,2025-05-28,09:08:00,9.45,48,193.84,Completed
1606,430,114,17,38,2025-01-16,19:42:00,14.08,72,247.52,Completed
1607,569,209,32,20,2025-11-03,05:47:00,9.62,51,144.09,Completed
1608,83,115,24,12,2025-04-15,20:48:00,8.67,47,185.73,Completed
1609,330,198,36,11,2025-06-14,09:38:00,2.57,10,96.68,Completed
1610,691,14,22,35,2025-07-20,06:03:00,3.76,17,96.47,Completed
1611,133,229,9,7,2025-07-16,02:12:00,22.01,102,486.31,Completed
1612,598,168,22,23,2025-07-04,11:16:00,12.24,62,231.76,Completed
1613,457,104,20,17,2025-11-18,14:43:00,19.54,65,295.62,Completed
1614,353,82,3,2,2025-09-22,18:00:00,7.83,41,181.73,Cancelled
1615,783,30,36,5,2025-12-29,10:43:00,30.74,145,448.39,Completed
1616,344,201,33,21,2025-04-10,12:52:00,8.37,42,239.73,Completed
1617,94,14,18,13,2025-12-08,16:15:00,7.88,30,166.56,Completed
1618,382,238,36,11,2025-11-16,19:09:00,2.81,17,151.99,Completed
1619,868,180,10,24,2025-08-02,23:01:00,14.24,52,204.86,Cancelled
1620,762,110,36,33,2025-10-05,10:10:00,19.34,80,250.32,Completed
1621,295,145,21,27,2025-06-11,23:02:00,25.16,97,364.32,No_Show
1622,198,62,25,35,2025-06-06,22:07:00,8.96,39,213.49,Completed
1623,79,226,40,18,2025-09-08,06:15:00,5.54,23,127.85,Completed
1624,678,110,9,21,2025-04-07,04:46:00,8.17,34,166.29,Completed
1625,551,150,27,4,2025-01-18,01:08:00,12.07,48,298.72,Completed
1626,820,53,15,32,2025-11-23,00:45:00,7.27,32,175.43,Completed
1627,214,160,32,11,2025-04-07,18:45:00,7.96,32,212.75,Completed
1628,643,76,39,3,2025-01-01,21:26:00,8.71,40,255.82,Completed
1629,669,55,16,21,2025-08-04,04:59:00,9.06,44,152.1,Driver_Cancelled
1630,989,249,28,14,2025-05-12,06:50:00,3.89,23,136.17,Completed
1631,894,208,6,6,2025-09-17,07:21:00,10.27,35,173.99,Completed
1632,159,22,6,29,2025-05-05,02:26:00,5.19,31,134.88,Completed
1633,834,166,38,31,2025-03-23,06:58:00,9.58,45,186.49,Completed
1634,739,178,2,28,2025-10-10,01:37:00,3.09,10,93.39,Completed
1635,557,103,40,36,2025-06-20,21:49:00,17.19,87,302.39,Completed
1636,201,194,7,28,2025-02-28,10:59:00,8.84,42,213.39,Completed
1637,22,45,27,19,2025-02-01,15:05:00,7.74,34,137.61,Completed
1638,339,119,28,3,2025-06-10,00:43:00,15.98,80,230.49,Completed
1639,242,8,16,12,2025-10-11,14:20:00,12.08,63,243.13,Completed
1640,741,236,9,36,2025-04-16,19:33:00,7.23,30,195.6,Driver_Cancelled
1641,906,65,15,24,2025-04-15,18:06:00,18.38,92,387.56,Completed
1642,238,233,34,12,2025-08-16,06:51:00,8.85,31,137.93,Completed
1643,149,168,20,24,2025-07-07,01:09:00,8.47,45,156.24,Completed
1644,785,233,14,1,2025-03-11,04:46:00,9.73,32,189.67,Cancelled
1645,579,5,11,28,2025-11-14,22:59:00,26.35,124,429.35,Completed
1646,7,45,30,16,2025-10-17,14:15:00,2.88,17,84.96,Completed
1647,233,46,3,21,2025-03-28,23:33:00,27.7,93,423.01,Completed
1648,869,164,2,30,2025-12-28,03:27:00,15.64,81,331.63,Completed
1649,804,145,14,34,2025-02-25,20:33:00,7.4,33,152.56,Cancelled
1650,768,169,29,26,2025-04-23,11:06:00,6.65,34,148.06,Completed
1651,579,158,5,35,2025-01-13,21:08:00,10.56,46,228.96,Completed
1652,762,180,6,31,2025-01-18,14:52:00,11.83,55,210.9,Completed
1653,77,79,8,16,2025-07-01,09:56:00,17.61,67,230.09,Completed
1654,489,148,39,29,2025-04-23,23:56:00,8.49,41,178.83,Driver_Cancelled
1655,926,164,39,29,2025-08-17,14:25:00,8.5,45,230.36,Completed
1656,87,66,29,9,2025-06-20,17:17:00,2.04,14,94.01,Completed
1657,764,173,39,14,2025-10-22,11:09:00,6.38,22,150.47,Completed
1658,967,4,27,8,2025-07-08,12:49:00,22.19,81,340.11,Completed
1659,222,178,16,2,2025-03-20,12:39:00,12.38,46,257.75,Completed
1660,413,88,27,11,2025-05-26,11:28:00,12.24,61,196.21,No_Show
1661,584,240,39,2,2025-07-01,23:13:00,6.81,29,171.19,No_Show
1662,202,55,40,18,2025-10-13,18:13:00,6.27,29,199.21,Completed
1663,929,59,1,5,2025-09-07,23:37:00,12.44,51,278.9,Completed
1664,571,170,33,7,2025-12-20,13:07:00,10.79,51,204.14,Completed
1665,276,2,39,23,2025-11-10,09:09:00,12.47,58,307.95,Completed
1666,221,46,27,19,2025-07-15,12:28:00,9.57,34,199.5,Completed
1667,157,2,17,19,2025-11-19,20:18:00,10.81,43,214.32,Completed
1668,181,178,15,19,2025-03-12,20:38:00,3.78,23,113.48,Completed
1669,725,129,22,40,2025-09-05,15:35:00,23.98,106,436.37,Completed
1670,129,13,19,28,2025-05-26,22:51:00,6.99,34,201.45,Completed
1671,243,70,28,11,2025-04-16,13:53:00,9.81,42,209.69,Completed
1672,930,22,23,11,2025-09-20,05:48:00,2.14,15,85.22,Cancelled
1673,172,17,36,9,2025-10-23,03:59:00,6.19,24,157.6,Completed
1674,503,187,39,14,2025-03-11,17:17:00,9.36,36,235.19,Completed
1675,480,241,20,34,2025-07-12,09:30:00,12.03,54,241.61,Completed
1676,877,86,9,29,2025-03-09,02:43:00,2.52,9,74.38,Completed
1677,270,235,23,21,2025-11-01,13:59:00,9.35,43,235.79,Completed
1678,421,70,7,5,2025-02-21,16:13:00,17.66,78,350.13,Completed
1679,163,116,31,33,2025-12-29,01:44:00,11.3,57,241.18,No_Show
1680,955,3,11,9,2025-10-12,16:39:00,18.69,71,331.5,Completed
1681,24,110,40,3,2025-11-30,23:58:00,12.03,46,251.87,Completed
1682,497,249,17,14,2025-01-09,00:23:00,6.66,33,154.29,Completed
1683,193,198,36,18,2025-09-08,15:46:00,8.1,40,216.41,No_Show
1684,878,81,26,12,2025-11-28,00:28:00,9.98,52,212.22,Completed
1685,390,227,36,23,2025-10-25,09:33:00,12.78,67,213.16,Driver_Cancelled
1686,497,177,18,14,2025-07-03,04:04:00,13.3,55,232.82,Completed
1687,964,243,31,16,2025-06-28,15:30:00,7.19,24,152.75,No_Show
1688,806,178,35,37,2025-07-17,01:06:00,7.1,34,145.29,Completed
1689,129,101,28,20,2025-05-08,13:49:00,6.41,27,129.69,Completed
1690,553,239,26,20,2025-01-20,11:50:00,3.38,21,106.78,Cancelled
1691,543,35,6,15,2025-11-24,10:46:00,15.2,52,315.32,Driver_Cancelled
1692,36,151,34,25,2025-03-06,21:21:00,7.26,32,192.4,Completed
1693,457,200,28,17,2025-07-01,08:16:00,4.44,17,105.38,Completed
1694,361,135,9,12,2025-08-29,17:00:00,11.95,58,262.02,Completed
1695,765,50,29,39,2025-01-24,15:31:00,12.68,61,239.17,Completed
1696,950,10,34,7,2025-03-24,10:02:00,3.91,18,131.64,Completed
1697,877,218,12,8,2025-11-15,07:27:00,17.41,75,288.5,No_Show
1698,215,183,16,24,2025-07-04,02:42:00,16.01,80,295.1,Completed
1699,287,202,7,25,2025-11-12,18:54:00,9.76,35,184.47,Completed
1700,768,19,31,21,2025-04-09,15:41:00,9.52,47,189.89,Completed
1701,925,23,33,33,2025-03-03,07:14:00,15.1,66,311.84,Completed
1702,369,95,7,10,2025-10-13,11:55:00,6.89,38,134.54,Cancelled
1703,469,64,3,22,2025-01-22,18:38:00,17.51,76,343.06,Completed
1704,899,161,20,19,2025-07-31,13:39:00,2.58,12,98.7,Completed
1705,186,194,5,29,2025-05-06,02:21:00,10.37,47,218.06,Completed
1706,474,220,3,3,2025-02-11,11:18:00,8.62,36,178.17,Completed
1707,61,250,38,39,2025-04-08,17:49:00,3.76,24,101.78,Cancelled
1708,262,96,15,4,2025-01-31,12:27:00,15.38,76,269.18,No_Show
1709,788,97,35,37,2025-06-07,17:17:00,6.3,37,155.45,Completed
1710,111,9,23,31,2025-04-22,05:53:00,14.18,53,292.76,Completed
1711,829,125,33,6,2025-09-04,20:44:00,12.4,59,257.08,Completed
1712,942,157,2,28,2025-05-02,05:10:00,5.27,25,140.12,Completed
1713,141,207,36,10,2025-09-30,12:12:00,2.64,15,85.98,Completed
1714,745,18,21,12,2025-10-21,06:38:00,11.23,44,208.44,Completed
1715,535,82,14,2,2025-07-26,03:27:00,12.67,54,207.24,Completed
1716,79,246,14,3,2025-04-20,22:01:00,10.5,50,192.1,Completed
1717,494,199,11,1,2025-10-05,06:44:00,5.3,27,139.23,Completed
1718,31,206,4,35,2025-02-25,15:34:00,26.1,91,490.91,Driver_Cancelled
1719,516,29,30,24,2025-02-26,11:29:00,8.69,37,138.82,Completed
1720,509,242,36,34,2025-10-18,02:27:00,2.88,15,150.29,Driver_Cancelled
1721,971,116,20,20,2025-04-24,01:38:00,15.56,69,252.96,Completed
1722,630,83,16,16,2025-11-04,02:32:00,5.68,26,128.58,Completed
1723,66,61,34,30,2025-12-07,04:30:00,13.03,66,251.88,Completed
1724,510,133,8,39,2025-07-17,20:30:00,5.08,30,154.29,Completed
1725,912,105,20,25,2025-11-17,10:09:00,8.87,39,168.37,Completed
1726,371,114,21,5,2025-06-28,17:43:00,4.2,26,147.99,Completed
1727,287,237,40,29,2025-08-07,06:17:00,8.4,49,177.6,Completed
1728,176,69,30,37,2025-10-04,01:30:00,5.43,28,213.99,Completed
1729,123,184,36,28,2025-01-16,07:00:00,7.58,40,176.99,No_Show
1730,231,118,5,23,2025-03-02,23:25:00,6.36,25,140.75,Completed
1731,555,180,21,32,2025-02-23,00:48:00,15.89,82,230.2,Completed
1732,4,15,38,18,2025-06-17,19:14:00,19.33,92,292.62,Completed
1733,702,90,23,35,2025-01-26,15:06:00,6.18,35,141.77,Completed
1734,816,88,19,24,2025-12-02,14:46:00,16.86,77,319.39,Completed
1735,412,83,10,28,2025-03-06,02:56:00,25.32,125,451.53,Completed
1736,250,20,27,36,2025-04-10,17:19:00,3.98,23,87.63,Completed
1737,656,107,35,21,2025-03-15,01:48:00,8.04,44,189.03,Completed
1738,487,73,13,5,2025-07-11,04:20:00,6.83,34,151.01,Completed
1739,345,245,9,26,2025-06-20,14:39:00,24.68,110,444.1,Completed
1740,894,246,17,23,2025-09-30,06:11:00,10.25,54,175.74,No_Show
1741,333,92,31,33,2025-07-06,22:21:00,25.29,125,423.49,Completed
1742,453,16,24,26,2025-01-23,16:08:00,13.84,63,238.33,Completed
1743,158,75,19,22,2025-06-30,23:12:00,14.88,76,349.12,Driver_Cancelled
1744,577,98,30,20,2025-11-23,05:34:00,8.73,37,216.33,Completed
1745,837,153,5,2,2025-04-18,09:10:00,12.03,52,257.86,Completed
1746,270,232,8,18,2025-12-01,23:13:00,11.4,38,219.19,Completed
1747,587,119,37,5,2025-06-11,10:53:00,12.21,48,300.09,Completed
1748,418,57,36,32,2025-10-29,12:57:00,2.44,16,122.09,Driver_Cancelled
1749,440,149,25,11,2025-07-25,03:55:00,21.96,104,370.3,Completed
1750,29,133,5,21,2025-03-19,21:30:00,12.45,64,255.69,Completed
1751,978,203,33,22,2025-01-16,00:02:00,8.03,31,162.93,Completed
1752,335,235,22,3,2025-11-23,10:52:00,15.18,57,248.48,Driver_Cancelled
1753,238,137,25,9,2025-04-06,10:42:00,8.28,38,154.23,Completed
1754,153,11,29,2,2025-05-27,03:35:00,17.06,79,285.69,Completed
1755,606,229,30,28,2025-01-02,05:47:00,6.21,31,148.71,No_Show
1756,749,105,30,34,2025-01-10,06:22:00,22.48,100,432.42,Completed
1757,834,65,31,10,2025-05-05,09:21:00,10.21,43,233.75,Completed
1758,115,191,34,19,2025-03-22,04:14:00,22.33,86,329.54,Completed
1759,808,26,28,29,2025-05-20,02:45:00,27.68,141,334.62,Completed
1760,731,202,10,2,2025-11-22,15:57:00,6.82,36,134.53,Completed
1761,758,232,4,6,2025-05-30,08:55:00,1.59,13,73.28,Completed
1762,399,19,33,7,2025-10-15,13:30:00,1.42,10,65.88,Completed
1763,32,16,17,36,2025-12-27,23:44:00,4.03,26,139.99,Completed
1764,532,237,11,8,2025-12-06,00:13:00,3.62,21,100.36,Completed
1765,53,56,7,19,2025-05-09,01:29:00,6.75,27,165.33,Completed
1766,718,101,17,10,2025-08-27,17:47:00,16.75,60,281.68,Completed
1767,731,114,28,33,2025-02-27,21:44:00,7.49,27,187.67,No_Show
1768,195,233,17,37,2025-07-17,08:23:00,11.36,56,186.31,Completed
1769,305,68,10,38,2025-07-30,23:52:00,14.21,65,243.36,No_Show
1770,707,78,26,27,2025-02-14,05:18:00,13.35,47,269.45,Completed
1771,973,30,6,29,2025-04-07,05:06:00,3.88,19,90.82,Completed
1772,345,7,17,19,2025-10-06,21:44:00,4.67,16,140.66,Completed
1773,82,140,16,18,2025-01-23,04:46:00,5.31,28,102.75,Cancelled
1774,1,152,39,23,2025-12-01,16:17:00,5.03,26,120.59,Cancelled
1775,167,231,26,1,2025-02-13,21:49:00,9.73,39,278.32,Completed
1776,317,107,4,3,2025-01-27,16:58:00,5.28,26,146.22,Driver_Cancelled
1777,183,22,20,10,2025-10-09,07:49:00,7.55,40,143.87,Completed
1778,965,175,11,7,2025-04-07,13:10:00,10.46,48,186.47,Completed
1779,898,30,23,26,2025-02-05,06:24:00,1.82,17,86.84,No_Show
1780,862,188,33,16,2025-04-19,19:38:00,5.86,26,131.64,Driver_Cancelled
1781,273,167,31,39,2025-02-24,06:29:00,5.18,30,101.25,No_Show
1782,669,148,7,32,2025-07-11,22:11:00,8.72,32,157.99,Completed
1783,373,154,22,12,2025-08-07,22:47:00,9.81,49,209.23,Completed
1784,362,49,5,8,2025-07-04,19:20:00,17.45,86,366.06,Completed
1785,900,69,37,8,2025-03-10,08:54:00,15.49,73,316.4,Completed
1786,201,232,1,11,2025-11-13,20:09:00,6.17,33,115.64,Cancelled
1787,192,42,6,33,2025-05-10,01:33:00,7.13,45,173.03,Completed
1788,341,6,4,25,2025-02-24,22:24:00,7.52,34,165.4,Completed
1789,299,181,30,17,2025-04-07,20:44:00,14.02,67,284.3,Completed
1790,506,34,30,31,2025-12-02,05:22:00,18.68,61,293.37,Completed
1791,588,122,17,19,2025-03-28,22:10:00,12.08,59,257.25,Completed
1792,140,124,24,15,2025-10-21,02:32:00,9.95,38,148.16,Completed
1793,306,197,31,35,2025-04-29,20:36:00,3.13,16,92.7,Cancelled
1794,196,10,28,39,2025-07-27,05:20:00,8.3,35,170.25,Completed
1795,61,28,4,2,2025-11-30,17:58:00,15.08,62,321.88,Cancelled
1796,988,3,39,34,2025-06-03,08:31:00,8.46,47,237.09,Completed
1797,969,77,19,25,2025-02-04,19:21:00,8.28,32,181.03,Completed
1798,360,176,24,38,2025-03-20,00:16:00,3.24,16,90.55,Completed
1799,307,111,7,4,2025-03-08,23:56:00,19.43,100,367.52,Cancelled
1800,480,194,9,16,2025-12-09,12:43:00,3.45,13,96.88,Completed
1801,333,126,22,32,2025-02-03,15:58:00,19.84,78,255.96,Completed
1802,866,35,2,15,2025-04-07,18:35:00,9.93,61,217.27,Completed
1803,83,180,27,14,2025-06-18,17:27:00,23.29,109,286.74,Completed
1804,334,114,16,15,2025-06-18,22:42:00,14.18,75,330.99,Cancelled
1805,517,62,5,7,2025-05-31,00:52:00,15.3,77,296.54,Completed
1806,731,52,12,7,2025-03-12,08:48:00,7.78,37,170.69,Completed
1807,924,116,26,8,2025-01-03,17:46:00,8.63,34,234.86,Completed
1808,766,47,15,19,2025-11-10,19:43:00,7.82,33,130.93,Completed
1809,474,182,3,18,2025-02-01,19:46:00,5.15,25,128.53,Completed
1810,394,156,9,17,2025-10-14,15:56:00,9.98,39,200.6,Completed
1811,600,101,28,18,2025-03-23,04:16:00,4.5,29,179.32,Completed
1812,721,23,39,19,2025-02-12,15:13:00,6.01,33,175.49,Completed
1813,692,107,36,40,2025-04-15,10:26:00,5.9,22,137.64,Completed
1814,720,215,25,13,2025-01-01,01:06:00,6.25,30,155.45,Cancelled
1815,785,35,28,11,2025-03-02,13:55:00,5.34,23,179.63,Completed
1816,577,233,21,7,2025-09-27,21:54:00,2.96,12,75.3,Completed
1817,380,103,29,27,2025-06-29,19:30:00,4.38,22,131.44,Cancelled
1818,21,119,25,37,2025-08-12,06:46:00,11.49,48,213.73,Completed
1819,950,32,30,5,2025-01-06,12:11:00,6.9,41,182.7,Completed
1820,879,2,39,8,2025-04-13,04:01:00,7.44,33,163.43,Completed
1821,177,239,11,10,2025-01-10,12:46:00,18.78,78,308.39,Completed
1822,363,236,19,37,2025-03-12,21:21:00,24.87,80,336.59,Driver_Cancelled
1823,22,112,11,26,2025-03-31,09:07:00,20.9,80,296.63,Completed
1824,837,122,25,15,2025-08-14,05:55:00,19.86,74,419.32,Completed
1825,960,16,1,16,2025-06-07,15:15:00,13.72,48,200.95,Completed
1826,548,144,32,29,2025-08-16,14:55:00,16.81,72,391.73,Completed
1827,250,179,21,28,2025-05-06,22:24:00,17.59,80,332.12,Driver_Cancelled
1828,661,195,13,10,2025-07-28,14:02:00,18.1,64,282.76,Completed
1829,952,92,34,40,2025-04-07,20:29:00,4.29,25,130.22,Completed
1830,73,221,17,4,2025-03-15,03:49:00,7.87,44,229.25,Completed
1831,91,54,19,40,2025-04-25,09:44:00,9.71,37,266.52,Completed
1832,176,148,10,14,2025-07-10,08:49:00,3.47,22,110.62,Completed
1833,126,228,9,33,2025-06-19,11:18:00,2.86,23,129.9,Completed
1834,204,33,11,18,2025-11-03,10:28:00,10.51,43,194.89,Completed
1835,914,214,38,12,2025-07-23,21:56:00,4.82,19,131.14,Completed
1836,246,136,31,10,2025-02-25,22:04:00,11.56,50,241.5,No_Show
1837,611,248,2,21,2025-07-27,07:19:00,11.94,55,226.16,Completed
1838,271,239,24,33,2025-02-10,16:32:00,7.97,35,190.39,Completed
1839,44,152,5,14,2025-02-01,14:00:00,8.09,33,154.97,Driver_Cancelled
1840,734,53,30,9,2025-01-15,02:31:00,6.06,33,153.56,Completed
1841,941,64,39,26,2025-03-03,07:28:00,3.76,23,103.96,Cancelled
1842,609,58,35,15,2025-06-04,11:37:00,10.79,57,176.7,Cancelled
1843,548,118,17,21,2025-10-11,10:22:00,7.99,39,143.22,Completed
1844,168,37,31,22,2025-07-28,23:09:00,4.31,20,109.42,Completed
1845,435,212,2,5,2025-11-16,23:11:00,7.36,35,139.4,Completed
1846,30,12,16,16,2025-07-06,18:59:00,15.66,78,281.16,Completed
1847,794,212,21,35,2025-05-10,11:34:00,2.83,20,136.51,Completed
1848,597,84,30,5,2025-05-07,10:46:00,8.86,43,165.57,Completed
1849,357,132,1,26,2025-10-19,06:08:00,4.09,16,110.19,Completed
1850,491,94,14,26,2025-04-24,05:10:00,7.36,39,137.9,Completed
1851,633,159,16,5,2025-07-18,09:10:00,2.15,13,92.18,Completed
1852,799,86,9,36,2025-01-13,05:37:00,3.04,12,87.63,No_Show
1853,248,207,8,24,2025-09-28,19:58:00,2.86,18,93.53,Completed
1854,696,38,9,15,2025-03-30,13:03:00,23.11,81,344.87,Completed
1855,253,165,34,30,2025-08-03,13:18:00,10.41,48,213.15,Completed
1856,957,92,33,5,2025-10-05,14:20:00,4.81,23,113.23,No_Show
1857,785,203,22,40,2025-07-22,17:05:00,4.96,28,142.01,No_Show
1858,721,14,30,22,2025-03-15,01:22:00,13.3,56,253.24,Completed
1859,866,75,7,33,2025-01-25,06:43:00,11.77,58,253.44,Driver_Cancelled
1860,382,128,18,5,2025-04-11,02:38:00,8.28,36,194.15,Completed
1861,536,73,21,32,2025-06-25,09:06:00,19.68,65,406.52,No_Show
1862,634,152,5,23,2025-04-27,02:44:00,4.97,15,116.09,Completed
1863,737,10,7,10,2025-06-15,10:35:00,2.93,19,126.01,Completed
1864,900,38,12,36,2025-02-10,21:38:00,18.92,70,363.21,Completed
1865,905,171,17,17,2025-12-10,10:14:00,6.12,21,147,Completed
1866,898,105,24,27,2025-04-30,12:08:00,3,18,106.5,Cancelled
1867,419,165,37,8,2025-04-07,13:46:00,8.54,33,162.56,Completed
1868,123,170,19,40,2025-05-25,19:21:00,9.62,44,203.39,No_Show
1869,294,32,16,6,2025-08-04,18:10:00,8.32,38,185.23,Completed
1870,685,212,25,7,2025-08-17,05:34:00,18.19,64,315.24,Completed
1871,143,14,27,26,2025-11-09,13:16:00,24.1,91,317.44,Completed
1872,938,230,7,17,2025-05-10,16:08:00,6.18,31,179.82,Completed
1873,899,132,8,37,2025-12-18,10:33:00,14.41,67,296.46,Cancelled
1874,511,152,15,23,2025-11-14,13:45:00,6.73,35,127.65,Completed
1875,927,96,16,27,2025-05-17,00:18:00,18.77,73,376.27,Completed
1876,948,247,8,40,2025-11-20,23:39:00,3.44,27,91.86,Completed
1877,681,245,36,19,2025-12-03,15:29:00,9.27,47,196.5,Completed
1878,57,10,32,27,2025-09-30,07:21:00,12.43,54,287.12,No_Show
1879,42,118,17,25,2025-04-27,08:25:00,12.63,47,213.56,Completed
1880,821,107,36,40,2025-11-02,18:29:00,6.47,34,156.37,Driver_Cancelled
1881,631,16,22,25,2025-04-04,04:11:00,7.85,39,134.84,Completed
1882,121,167,32,21,2025-06-17,05:35:00,11.83,61,246.6,Completed
1883,824,96,11,25,2025-07-22,18:06:00,9.43,50,196.92,No_Show
1884,763,18,6,7,2025-12-07,10:53:00,9.08,39,154,Completed
1885,343,153,22,35,2025-05-29,13:40:00,6.33,31,157.18,Completed
1886,332,7,14,6,2025-07-02,07:01:00,4.51,26,125.76,Completed
1887,456,184,28,40,2025-06-01,14:20:00,16.34,67,326.41,Completed
1888,437,126,39,15,2025-03-15,18:26:00,4.27,20,168.33,Cancelled
1889,341,245,12,24,2025-12-31,08:49:00,18.27,85,304.36,Completed
1890,341,175,27,4,2025-10-01,20:00:00,20.49,115,411.8,Driver_Cancelled
1891,416,115,1,7,2025-02-11,12:13:00,14.02,64,217.94,Completed
1892,849,210,10,30,2025-07-31,09:48:00,6.63,36,127.3,Completed
1893,182,111,33,17,2025-04-11,06:01:00,2.75,17,111.2,Completed
1894,677,82,16,38,2025-02-14,10:22:00,12.52,42,199.38,Completed
1895,984,131,39,30,2025-03-23,10:25:00,3.57,17,101.59,No_Show
1896,264,129,6,39,2025-01-17,10:24:00,5.45,28,156.82,Completed
1897,210,33,25,9,2025-03-14,11:14:00,6.23,30,136.87,Completed
1898,523,199,20,19,2025-01-14,22:28:00,4.56,20,145.15,Cancelled
1899,182,74,36,13,2025-06-06,10:51:00,5.13,22,173.13,Cancelled
1900,444,108,23,37,2025-08-11,04:56:00,9.34,46,198.12,Completed
1901,251,59,16,19,2025-05-12,23:27:00,29.52,139,407.2,Cancelled
1902,138,72,1,6,2025-12-04,00:38:00,11.81,48,197.38,Completed
1903,218,246,30,12,2025-02-16,21:47:00,16.44,74,243.41,Completed
1904,751,160,27,15,2025-04-17,02:03:00,5.93,34,120.12,Completed
1905,454,87,2,3,2025-04-18,10:29:00,25.6,105,520.14,Completed
1906,883,145,21,4,2025-09-22,17:46:00,23.9,89,284.73,Completed
1907,849,206,9,37,2025-07-24,01:09:00,6.66,40,220.03,Completed
1908,87,17,24,38,2025-03-20,19:41:00,24.94,102,468.56,Completed
1909,810,89,39,6,2025-06-04,08:09:00,5.04,20,147.15,Completed
1910,293,149,7,28,2025-09-28,15:56:00,7.57,26,177.12,No_Show
1911,92,55,30,8,2025-09-04,10:21:00,8.05,38,187.16,Completed
1912,208,6,2,31,2025-01-19,16:15:00,6.41,39,213.88,Completed
1913,204,84,12,21,2025-12-12,02:38:00,2.43,17,92.27,Completed
1914,186,177,13,29,2025-01-26,00:58:00,2.58,12,74.65,Completed
1915,85,84,3,15,2025-08-05,00:39:00,7.13,39,217.44,Completed
1916,827,250,40,24,2025-06-03,09:50:00,17.24,66,364.39,Completed
1917,664,154,18,21,2025-06-03,14:42:00,8.21,49,186.01,Completed
1918,156,160,39,23,2025-06-23,22:12:00,5.36,20,165.08,Completed
1919,293,72,6,31,2025-04-02,07:38:00,14.39,51,270.04,Completed
1920,533,109,27,34,2025-12-04,09:29:00,12.37,65,212.13,Completed
1921,161,112,15,28,2025-06-30,18:12:00,10.41,45,223.82,Completed
1922,386,172,15,32,2025-05-11,16:58:00,5.21,24,175.01,Completed
1923,485,187,19,22,2025-10-25,00:41:00,8.86,34,221.47,Completed
1924,503,29,38,3,2025-10-02,22:25:00,1.45,13,66.17,Completed
1925,851,17,20,9,2025-09-30,04:58:00,17.71,61,282.76,Completed
1926,156,18,20,6,2025-03-17,00:57:00,12.57,56,204.78,Completed
1927,143,168,18,1,2025-06-26,11:30:00,5.99,36,176.26,Completed
1928,769,63,34,22,2025-07-03,01:38:00,9.32,44,180.82,Cancelled
1929,619,82,39,4,2025-11-15,03:26:00,7.18,26,134.74,Cancelled
1930,284,75,37,8,2025-05-11,12:56:00,9.17,40,168.1,Completed
1931,562,173,35,37,2025-12-29,08:03:00,29.74,101,366.89,Completed
1932,35,204,38,19,2025-02-18,22:47:00,18.02,63,237.49,Completed
1933,224,79,38,1,2025-02-24,18:11:00,15.04,52,212.77,Completed
1934,668,90,1,24,2025-06-03,08:51:00,15.1,77,272.86,Completed
1935,393,249,12,17,2025-12-21,14:34:00,18.97,74,302.66,Completed
1936,408,131,5,32,2025-07-19,14:38:00,19.32,73,299.54,Completed
1937,703,131,27,14,2025-11-04,02:00:00,13.51,57,258.24,Cancelled
1938,388,166,39,17,2025-12-22,01:15:00,8.63,48,182.51,Cancelled
1939,696,99,20,32,2025-04-28,15:21:00,4.13,18,97.48,Completed
1940,749,201,40,33,2025-09-20,09:44:00,11.19,65,250.8,Completed
1941,297,107,19,30,2025-02-15,05:35:00,7.84,30,173.37,Completed
1942,323,40,38,34,2025-10-29,07:33:00,4.42,19,105.9,Completed
1943,816,68,15,28,2025-12-22,07:21:00,9.41,39,216.01,No_Show
1944,854,182,6,24,2025-07-08,14:58:00,3.23,22,95.44,Completed
1945,488,248,9,14,2025-11-06,20:13:00,6.74,32,152.78,Completed
1946,570,20,36,34,2025-11-14,21:02:00,15.4,57,348.59,Completed
1947,39,15,23,1,2025-05-09,13:37:00,8.64,47,231.43,Cancelled
1948,505,93,10,22,2025-02-18,04:12:00,12.7,51,268.13,Cancelled
1949,503,133,1,33,2025-01-25,15:01:00,12.33,65,215.76,Completed
1950,753,39,11,18,2025-09-23,01:56:00,8.19,39,167.25,Completed
1951,537,40,20,39,2025-04-28,23:53:00,13.86,67,303.52,Completed
1952,316,135,28,12,2025-05-24,15:43:00,8.89,43,199.72,Completed
1953,496,200,22,10,2025-07-19,10:39:00,3.78,17,112.87,No_Show
1954,117,96,20,2,2025-06-06,23:08:00,7.97,43,201.17,Completed
1955,342,100,38,2,2025-12-14,23:41:00,25.33,99,493.64,No_Show
1956,882,33,16,6,2025-05-14,09:57:00,4.92,16,125.19,Completed
1957,240,118,2,20,2025-05-28,21:34:00,24.33,124,305.64,Cancelled
1958,687,37,25,38,2025-12-02,14:48:00,1.61,12,61.47,Completed
1959,994,32,27,28,2025-03-12,14:41:00,3.15,16,143.34,No_Show
1960,445,43,3,3,2025-08-21,12:26:00,4.6,28,111.11,Completed
1961,852,191,23,37,2025-11-30,13:19:00,3.44,17,97.87,Completed
1962,740,36,32,37,2025-10-26,10:20:00,15.72,70,378.51,Cancelled
1963,997,98,17,25,2025-06-03,14:05:00,2.84,19,98.03,Completed
1964,487,49,40,23,2025-03-31,15:28:00,4.96,27,164.17,Completed
1965,765,25,20,13,2025-11-30,17:21:00,13.76,56,270.4,No_Show
1966,411,108,30,24,2025-07-18,06:34:00,10.34,43,232.21,Completed
1967,892,96,28,3,2025-06-10,13:36:00,8.29,40,148.63,Completed
1968,623,66,23,38,2025-01-26,21:22:00,7.57,31,186.27,Completed
1969,753,9,19,28,2025-05-01,19:28:00,13.37,52,346.25,Cancelled
1970,736,230,25,26,2025-10-28,09:39:00,3.69,17,134.24,Completed
1971,298,221,24,20,2025-07-31,09:55:00,4.7,16,114.37,Completed
1972,52,102,1,27,2025-03-04,18:26:00,11.62,65,282.44,Completed
1973,733,146,28,1,2025-03-09,06:14:00,4.94,27,132.82,Completed
1974,304,22,29,10,2025-09-10,21:34:00,9.08,34,192.13,Completed
1975,288,99,35,10,2025-01-02,05:49:00,6.87,30,126.58,Completed
1976,664,15,17,1,2025-04-18,00:26:00,5.47,21,142.57,Completed
1977,899,7,11,32,2025-10-13,08:11:00,8.08,45,175.97,Completed
1978,118,141,37,32,2025-02-18,22:45:00,1.88,8,70.81,Completed
1979,923,106,7,27,2025-05-20,10:53:00,11.37,61,265.18,Completed
1980,969,164,26,13,2025-08-06,04:40:00,11.11,50,234.33,Completed
1981,424,16,23,17,2025-02-13,16:07:00,19.46,89,297.55,Completed
1982,791,169,18,28,2025-09-26,10:50:00,4.47,30,191.84,Completed
1983,647,21,29,25,2025-03-19,17:33:00,17.37,71,290.46,Completed
1984,209,28,39,36,2025-08-04,17:15:00,4.61,25,136.92,Completed
1985,127,74,34,2,2025-04-08,04:35:00,14.12,73,227.62,Completed
1986,293,83,38,32,2025-08-24,21:48:00,3.41,16,129.4,Completed
1987,519,17,8,32,2025-10-09,07:50:00,4.94,31,127.08,Completed
1988,222,65,21,6,2025-05-29,06:49:00,5.22,33,149.51,Completed
1989,77,141,21,31,2025-10-31,14:16:00,9.19,39,187.44,Completed
1990,338,36,36,9,2025-03-07,22:24:00,10.66,42,211.2,Driver_Cancelled
1991,863,239,17,16,2025-08-22,19:45:00,2.74,15,136.76,Completed
1992,790,58,16,25,2025-03-28,01:25:00,9.88,49,242.59,Completed
1993,846,234,15,40,2025-03-20,14:46:00,9.12,33,179.97,Completed
1994,850,20,15,28,2025-07-24,00:16:00,10.56,50,229.06,Completed
1995,739,233,40,17,2025-10-06,07:37:00,10.69,57,206.45,Completed
1996,913,104,17,31,2025-12-03,19:37:00,20.45,102,304.58,Completed
1997,275,180,1,23,2025-09-11,10:44:00,5.55,29,134.21,Cancelled
1998,863,6,13,31,2025-10-31,14:11:00,17.78,64,256.34,Completed
1999,807,23,38,26,2025-05-10,17:12:00,11.54,47,200.2,Completed
2000,117,170,10,4,2025-03-25,12:05:00,6.82,34,134.09,Completed
2001,292,152,33,39,2025-10-03,21:08:00,5.95,25,169.48,Completed
2002,271,244,26,15,2025-07-06,18:45:00,13.16,56,218.76,Completed
2003,447,241,12,37,2025-02-15,14:21:00,4.63,22,143.97,Completed
2004,157,5,19,38,2025-07-02,12:54:00,11.93,41,195.64,Completed
2005,572,160,15,23,2025-09-25,14:02:00,6.02,34,181.97,Completed
2006,184,46,5,5,2025-10-23,17:25:00,13.48,67,287.36,Driver_Cancelled
2007,424,17,2,25,2025-11-18,06:33:00,5.37,27,103.02,Completed
2008,656,75,14,30,2025-04-10,19:55:00,7.57,39,177.45,Completed
2009,673,27,29,26,2025-03-19,04:03:00,6.25,25,136.8,Completed
2010,601,196,1,3,2025-09-29,21:01:00,19.58,89,373.28,Completed
2011,16,23,13,4,2025-12-05,22:57:00,24.01,114,499.03,Driver_Cancelled
2012,926,87,32,18,2025-06-11,06:35:00,6.35,25,161.79,Completed
2013,761,113,34,37,2025-02-13,03:12:00,10.45,57,226.21,Completed
2014,98,121,14,11,2025-08-26,23:36:00,8.7,36,211.42,Completed
2015,962,162,38,11,2025-05-14,03:08:00,5.94,36,160.14,Completed
2016,616,149,38,36,2025-07-11,03:07:00,4.49,21,133.03,Completed
2017,300,150,15,16,2025-12-22,23:49:00,4.05,21,158.04,Completed
2018,747,65,39,25,2025-10-05,21:32:00,5.1,25,141.93,No_Show
2019,422,160,6,1,2025-01-18,17:29:00,6.54,33,152.92,Cancelled
2020,307,190,29,26,2025-01-12,11:32:00,7.16,35,147.12,Completed
2021,956,28,37,30,2025-06-29,23:16:00,2.26,16,75.73,Completed
2022,274,82,19,6,2025-05-03,08:59:00,15.27,70,294.64,Completed
2023,261,7,1,27,2025-09-03,08:34:00,18.34,77,359.86,Completed
2024,239,182,21,19,2025-08-10,07:53:00,20.41,104,382.44,Completed
2025,936,102,39,38,2025-02-20,01:23:00,3.17,19,133.72,Completed
2026,774,198,18,19,2025-03-12,20:44:00,7.53,34,212.8,Completed
2027,332,14,27,39,2025-02-17,17:47:00,16.07,54,326.95,Completed
2028,115,222,28,32,2025-01-19,16:21:00,1.95,11,95.86,Cancelled
2029,268,183,8,1,2025-09-19,12:03:00,3.79,20,112.01,Driver_Cancelled
2030,12,58,31,25,2025-03-25,19:50:00,13.75,50,308.68,Completed
2031,73,44,12,13,2025-06-04,22:53:00,6.84,33,165.79,Cancelled
2032,874,174,6,10,2025-02-22,13:08:00,7.63,40,171.27,Completed
2033,406,14,26,18,2025-04-17,14:51:00,5.23,20,134.43,Completed
2034,817,44,16,36,2025-12-23,16:02:00,10.24,45,154.81,Completed
2035,178,169,30,22,2025-10-31,02:15:00,9.43,37,167.8,Completed
2036,976,73,19,6,2025-05-15,20:52:00,4.12,20,89.31,Driver_Cancelled
2037,772,223,18,27,2025-03-10,09:37:00,17.18,58,333.24,Completed
2038,946,2,24,8,2025-01-11,12:47:00,1.63,11,77.29,Driver_Cancelled
2039,259,210,20,24,2025-05-23,22:58:00,11.04,46,258.28,Completed
2040,400,5,7,20,2025-07-11,22:06:00,9.44,49,256.28,Completed
2041,270,90,7,22,2025-03-10,09:19:00,20.73,84,329.45,Completed
2042,832,87,16,9,2025-01-23,15:44:00,6.32,25,159.37,Completed
2043,632,140,14,40,2025-06-30,11:17:00,5.61,35,110.71,Completed
2044,681,78,12,39,2025-10-20,13:31:00,15.95,65,252.76,Completed
2045,486,127,29,19,2025-01-09,02:10:00,5.15,28,166.95,Completed
2046,580,77,15,1,2025-09-28,15:29:00,3.73,22,118.24,Completed
2047,59,99,8,11,2025-04-03,22:23:00,14.62,63,292.51,Completed
2048,642,47,39,10,2025-01-17,16:26:00,14.15,44,236.13,Completed
2049,887,79,9,1,2025-06-03,16:30:00,12.25,55,244.68,Completed
2050,266,163,28,27,2025-11-24,00:05:00,4.77,24,134.19,Completed
2051,75,116,27,17,2025-05-29,08:26:00,16.86,77,252.77,Completed
2052,999,147,7,17,2025-09-24,03:14:00,9.19,52,175.94,Cancelled
2053,90,79,14,39,2025-11-24,05:56:00,9.15,38,257.86,Completed
2054,505,191,11,2,2025-04-16,19:12:00,24.6,117,456.2,Completed
2055,357,115,32,23,2025-02-04,07:55:00,3.52,16,134.66,Driver_Cancelled
2056,154,8,28,10,2025-04-29,01:06:00,13.66,64,259.49,Cancelled
2057,900,23,6,30,2025-01-14,20:38:00,21.83,76,298.53,Driver_Cancelled
2058,218,13,35,35,2025-01-14,20:31:00,3.79,17,186.17,Completed
2059,486,23,6,25,2025-09-23,10:50:00,10.58,37,236.64,Completed
2060,540,31,24,17,2025-05-20,01:19:00,5.14,30,134.32,Completed
2061,130,158,9,19,2025-10-21,13:11:00,11.91,46,301.36,Completed
2062,66,170,2,18,2025-12-30,03:46:00,11.13,62,241.6,Driver_Cancelled
2063,144,130,38,18,2025-04-29,14:17:00,13.36,59,246.15,Completed
2064,380,139,14,35,2025-08-26,17:56:00,5.12,23,120.01,Completed
2065,313,153,31,10,2025-02-03,17:45:00,10.39,57,163.84,Completed
2066,407,157,30,23,2025-06-18,17:13:00,13.81,60,260.36,Completed
2067,407,22,27,22,2025-01-10,14:55:00,5.84,34,155.1,Completed
2068,973,126,36,9,2025-05-02,03:17:00,11.03,43,229.58,Completed
2069,277,147,31,32,2025-05-25,22:58:00,6.92,38,180.37,Cancelled
2070,615,201,6,26,2025-08-11,18:20:00,16.4,64,308.7,Driver_Cancelled
2071,409,169,18,29,2025-09-14,14:32:00,3.25,20,88.05,Completed
2072,314,166,14,19,2025-09-25,04:46:00,10.31,56,150.31,Completed
2073,549,157,20,29,2025-12-25,07:53:00,19.74,80,292.58,Completed
2074,249,74,11,35,2025-01-04,20:52:00,7.1,41,151.85,Completed
2075,945,22,37,12,2025-12-20,04:42:00,2.87,19,91.92,Driver_Cancelled
2076,461,216,40,8,2025-04-16,10:29:00,10.08,47,211.23,Completed
2077,399,8,4,25,2025-03-26,05:17:00,19.35,79,358.28,Completed
2078,668,47,6,27,2025-08-02,12:02:00,8.29,37,160.73,Completed
2079,451,134,23,6,2025-05-01,14:51:00,8.68,46,204.84,Completed
2080,471,7,8,13,2025-05-12,15:31:00,2.95,20,87.72,Completed
2081,644,212,30,11,2025-12-04,11:01:00,16,65,339.58,Completed
2082,559,209,36,38,2025-07-16,01:51:00,7.44,32,157.64,Completed
2083,434,164,11,6,2025-01-19,16:10:00,15.94,53,297.66,Completed
2084,956,136,5,5,2025-05-10,11:01:00,14.07,60,311.45,Completed
2085,446,205,3,7,2025-01-12,21:30:00,4.96,24,128.45,Cancelled
2086,707,88,15,19,2025-03-22,08:34:00,11.13,45,192.69,Completed
2087,103,46,2,6,2025-11-26,15:28:00,14.22,64,277.7,Completed
2088,328,242,2,25,2025-12-20,04:28:00,18.1,88,295.17,Completed
2089,683,64,8,9,2025-09-19,08:32:00,6.68,30,224.34,Completed
2090,601,159,30,20,2025-05-05,17:02:00,8.85,39,146.15,Completed
2091,246,23,5,25,2025-11-03,04:59:00,2.09,13,73.47,No_Show
2092,58,61,30,8,2025-09-24,11:55:00,20.79,81,353.7,Completed
2093,105,209,10,37,2025-05-20,11:00:00,12.82,58,214.49,Completed
2094,692,50,33,38,2025-11-25,08:57:00,11.45,45,248.73,Completed
2095,972,46,24,2,2025-01-02,13:11:00,2.02,12,68.04,Completed
2096,69,216,19,22,2025-01-08,11:47:00,12.03,52,217.82,Completed
2097,993,43,30,36,2025-09-07,13:04:00,10.04,39,255.99,Driver_Cancelled
2098,302,138,25,4,2025-05-19,19:45:00,8.18,36,212.91,Completed
2099,153,95,11,1,2025-05-04,02:13:00,10.72,35,167.62,Completed
2100,537,237,35,33,2025-11-05,06:51:00,9.11,48,181.74,Completed
2101,889,148,1,24,2025-08-16,20:43:00,12.34,55,265.18,Completed
2102,35,144,17,5,2025-01-10,03:46:00,10.43,52,216.62,Completed
2103,957,206,31,35,2025-07-31,01:32:00,7.78,46,156.81,Completed
2104,15,3,6,26,2025-04-22,11:06:00,11.9,43,183.69,Completed
2105,106,30,13,26,2025-01-08,01:42:00,5.61,31,128.19,Completed
2106,730,18,26,5,2025-10-19,11:36:00,10.47,43,205.02,Completed
2107,896,187,36,18,2025-12-28,08:57:00,11.11,58,194.33,Cancelled
2108,74,198,5,25,2025-09-10,22:29:00,11.21,50,217.19,Completed
2109,856,212,14,40,2025-01-14,00:17:00,11.02,45,203.13,Completed
2110,931,35,15,38,2025-08-28,04:36:00,14.86,53,204.82,Completed
2111,285,147,12,21,2025-08-30,21:17:00,12.06,57,216.98,Completed
2112,550,26,8,24,2025-12-08,11:35:00,14.27,46,241.03,Completed
2113,197,35,31,28,2025-05-29,20:54:00,6.36,36,177.28,Completed
2114,280,76,26,4,2025-08-24,14:09:00,7.38,35,134.32,Cancelled
2115,787,72,29,8,2025-11-02,07:55:00,18.78,70,347.76,Completed
2116,686,249,4,33,2025-06-16,06:59:00,4.19,17,119.85,Completed
2117,817,57,28,3,2025-01-20,03:29:00,13.76,66,203.86,Completed
2118,556,101,25,20,2025-08-04,20:13:00,17.36,88,320.77,Completed
2119,969,49,40,35,2025-12-09,18:20:00,8.33,47,184.37,Completed
2120,666,10,32,39,2025-05-15,06:22:00,4.6,21,139.69,Completed
2121,153,213,36,7,2025-05-09,01:46:00,8.98,36,188.66,Completed
2122,291,241,11,27,2025-10-21,19:20:00,2.79,17,101.68,Completed
2123,932,105,37,5,2025-09-03,23:31:00,6.83,32,151.46,Completed
2124,142,237,10,37,2025-07-08,09:29:00,7.69,35,186.78,Completed
2125,768,234,38,1,2025-02-13,02:31:00,11.53,60,264.16,Completed
2126,312,157,36,22,2025-03-27,22:40:00,6.25,21,185.73,Completed
2127,646,223,27,7,2025-02-13,07:57:00,7.47,39,152.13,Completed
2128,32,104,17,8,2025-11-26,19:40:00,17.8,67,379.63,Completed
2129,26,71,7,30,2025-05-25,08:11:00,4.97,24,120.48,Completed
2130,911,98,9,28,2025-02-20,09:55:00,18.11,79,267.01,Completed
2131,255,226,35,26,2025-08-30,09:17:00,10.77,60,171.43,Completed
2132,945,222,9,34,2025-10-21,10:37:00,14.77,66,238.91,Completed
2133,735,68,36,32,2025-02-20,08:46:00,4.55,26,115.75,Driver_Cancelled
2134,56,233,30,22,2025-09-23,15:56:00,8.36,33,180.71,Completed
2135,293,222,31,20,2025-04-30,09:21:00,8.37,47,202.78,Completed
2136,637,217,19,14,2025-07-19,17:44:00,7.96,48,149.97,Completed
2137,230,78,23,23,2025-09-05,18:54:00,9.57,53,180,Completed
2138,53,24,20,3,2025-03-11,18:38:00,6.07,24,153.44,Completed
2139,954,43,6,19,2025-12-07,11:43:00,5.89,28,119.96,Completed
2140,101,95,24,14,2025-02-26,17:03:00,6.27,32,157.22,Completed
2141,467,245,22,40,2025-02-08,22:57:00,14.99,79,217.69,Cancelled
2142,846,126,6,39,2025-10-16,22:39:00,3.89,18,91,Completed
2143,804,167,24,37,2025-01-18,21:09:00,6.1,19,127.91,Completed
2144,869,92,22,35,2025-08-08,04:28:00,13.23,68,256.57,Completed
2145,267,153,18,1,2025-11-09,23:42:00,19.36,71,326.21,Cancelled
2146,795,83,16,19,2025-09-01,07:15:00,19.09,86,339.85,Driver_Cancelled
2147,2,196,36,15,2025-12-18,03:33:00,14.22,55,300.48,Completed
2148,22,34,13,25,2025-10-31,18:18:00,17.19,60,264.87,Completed
2149,578,224,37,1,2025-10-25,16:09:00,7.3,37,151.5,Completed
2150,212,217,24,31,2025-10-10,06:11:00,6.23,25,144.6,Completed
2151,236,119,19,37,2025-03-15,11:07:00,1.77,12,83.64,Completed
2152,880,214,20,22,2025-04-20,11:14:00,6.39,27,182.18,Completed
2153,529,53,27,20,2025-06-29,05:34:00,6.9,33,130.07,Cancelled
2154,388,220,17,5,2025-02-01,14:31:00,2.31,9,97.27,Completed
2155,14,183,16,15,2025-08-22,02:24:00,4.51,22,110.8,Cancelled
2156,519,243,1,2,2025-10-09,02:21:00,24.09,122,311.08,Completed
2157,847,53,21,12,2025-01-25,01:41:00,8.2,39,199.58,Completed
2158,222,146,27,7,2025-11-27,14:45:00,4.58,27,133.32,Completed
2159,912,117,1,2,2025-10-06,23:43:00,7.57,39,208.7,Completed
2160,616,135,30,8,2025-08-14,07:15:00,9.95,37,182.13,Completed
2161,962,191,20,9,2025-02-26,21:40:00,8.43,33,160.65,Completed
2162,403,75,24,27,2025-06-29,07:17:00,5.45,31,189.55,Completed
2163,513,42,2,28,2025-08-20,07:49:00,13.47,53,255.49,Completed
2164,287,139,15,37,2025-12-09,08:26:00,29.66,102,473.99,Completed
2165,384,247,29,15,2025-10-14,14:50:00,16.23,63,321.19,Completed
2166,247,137,35,19,2025-03-05,11:58:00,7.5,31,182.01,Completed
2167,900,35,13,30,2025-08-20,02:19:00,7.95,35,149.32,Completed
2168,91,248,19,13,2025-10-16,21:44:00,11.95,58,230.31,Completed
2169,826,101,1,6,2025-08-01,22:55:00,9.55,36,149.14,Completed
2170,312,87,16,30,2025-09-15,22:18:00,15.81,67,320.37,Driver_Cancelled
2171,437,97,3,1,2025-01-18,11:16:00,17.5,73,283.19,Driver_Cancelled
2172,985,193,40,38,2025-06-24,01:30:00,2.93,7,109.64,Completed
2173,726,84,6,25,2025-08-17,15:07:00,11.44,55,254.23,Driver_Cancelled
2174,43,5,31,35,2025-08-14,04:50:00,1.76,16,100.41,Cancelled
2175,74,221,5,26,2025-03-25,15:51:00,21.47,88,296.57,Cancelled
2176,754,154,26,13,2025-10-18,03:00:00,7.03,37,148.58,Completed
2177,993,51,28,19,2025-09-03,02:27:00,3.02,9,92.93,Completed
2178,561,38,15,10,2025-04-20,11:42:00,10.15,44,185.82,Completed
2179,880,3,9,7,2025-09-11,10:52:00,18.83,72,371.37,Completed
2180,876,213,22,15,2025-03-29,12:48:00,18.53,86,284.54,Completed
2181,316,187,37,23,2025-03-13,08:25:00,11.34,50,271.97,Completed
2182,734,13,21,36,2025-01-30,22:00:00,6.2,34,177.49,Completed
2183,862,223,29,31,2025-06-21,16:59:00,7.34,31,159.14,Completed
2184,144,209,26,8,2025-11-05,01:58:00,4.17,17,100.43,Completed
2185,329,163,6,30,2025-12-09,21:28:00,9.21,35,151.71,Completed
2186,209,87,11,34,2025-06-26,18:40:00,9.6,34,148.99,Driver_Cancelled
2187,99,3,36,33,2025-05-19,08:24:00,3.53,17,110.49,Completed
2188,700,181,20,1,2025-07-13,07:32:00,15.28,55,256.68,Completed
2189,114,55,20,16,2025-07-05,15:09:00,1.39,14,88.51,Completed
2190,175,173,27,11,2025-08-06,04:34:00,12.02,49,259.01,Completed
2191,271,66,6,27,2025-06-13,05:36:00,14.38,63,260.48,Completed
2192,63,195,33,22,2025-06-10,22:16:00,15.99,62,247.98,Driver_Cancelled
2193,796,84,30,40,2025-01-13,08:51:00,8.88,37,150.2,Completed
2194,404,240,34,19,2025-10-23,14:13:00,9.51,48,191.19,Completed
2195,225,245,5,6,2025-03-30,04:19:00,14.89,64,259.42,Completed
2196,959,172,16,40,2025-11-20,13:15:00,10.06,39,267.77,Completed
2197,161,249,12,39,2025-02-11,11:03:00,5.43,31,109.89,Completed
2198,36,73,12,20,2025-07-29,06:17:00,10.04,61,221.32,Completed
2199,381,112,11,3,2025-08-17,14:44:00,22.67,99,320.02,Completed
2200,653,196,21,1,2025-12-16,01:38:00,6.38,38,148.11,Completed
2201,318,62,7,23,2025-10-02,20:03:00,5.6,30,137.81,Completed
2202,708,25,34,38,2025-10-06,05:25:00,7.5,29,179.05,Completed
2203,663,52,29,3,2025-09-08,19:12:00,10.61,51,255.44,Cancelled
2204,456,50,6,34,2025-11-06,20:53:00,4.9,23,103.19,Completed
2205,269,122,36,17,2025-07-27,17:24:00,2.87,13,161.67,Cancelled
2206,344,129,34,27,2025-11-17,21:20:00,9.97,53,262.17,Completed
2207,40,39,8,39,2025-05-20,22:12:00,9.23,38,153.84,Completed
2208,750,52,37,23,2025-10-07,01:20:00,2.9,10,92.88,Completed
2209,414,76,10,38,2025-02-03,02:14:00,3.69,16,130.31,Completed
2210,380,40,16,11,2025-11-05,08:30:00,8.75,47,184.3,Completed
2211,222,232,2,15,2025-01-18,20:04:00,6.44,34,121.38,Completed
2212,281,60,19,26,2025-02-26,23:20:00,4.9,19,110.54,Completed
2213,225,216,7,11,2025-04-22,09:20:00,6.54,33,160.2,Completed
2214,457,246,2,7,2025-01-05,04:08:00,5.13,21,140.61,Completed
2215,154,201,23,8,2025-07-01,03:59:00,7.63,39,127.76,Driver_Cancelled
2216,280,110,31,5,2025-01-13,03:49:00,13.43,59,235.12,Completed
2217,353,84,4,17,2025-12-05,20:44:00,14.82,67,263,Completed
2218,39,197,16,23,2025-10-12,14:08:00,5.28,23,132.3,Completed
2219,729,20,10,2,2025-09-16,06:08:00,9.4,45,216.55,Completed
2220,756,85,21,27,2025-03-31,17:08:00,9.34,35,193.5,Completed
2221,621,2,28,21,2025-04-14,16:13:00,3.2,22,94.01,Completed
2222,975,213,12,7,2025-07-05,01:57:00,2.1,13,87.52,Completed
2223,573,106,13,38,2025-09-07,18:21:00,17.54,75,362.96,Completed
2224,489,216,40,26,2025-09-12,20:55:00,11.88,55,184.26,Completed
2225,945,9,17,30,2025-03-17,15:57:00,17.23,85,266.01,Driver_Cancelled
2226,937,167,18,12,2025-04-18,09:03:00,14.59,52,254.72,Completed
2227,198,247,10,11,2025-06-05,02:42:00,11.89,50,196.34,Completed
2228,276,158,28,17,2025-03-23,22:29:00,14.71,71,293.82,Completed
2229,172,182,13,10,2025-03-18,23:11:00,7.63,35,137.26,Driver_Cancelled
2230,784,210,34,16,2025-09-15,15:36:00,12.52,52,258.63,Completed
2231,508,58,6,15,2025-05-07,00:28:00,14.4,67,284.91,Completed
2232,405,172,12,15,2025-10-09,21:15:00,12.15,34,207.84,Completed
2233,271,43,29,20,2025-03-29,16:14:00,4.87,26,97.36,Cancelled
2234,935,138,13,4,2025-07-23,11:07:00,4.02,21,116.97,Completed
2235,554,109,26,32,2025-01-16,12:09:00,11.55,44,207.39,No_Show
2236,701,233,4,22,2025-05-31,18:14:00,5.05,23,114.89,Completed
2237,772,48,15,35,2025-09-11,11:59:00,5.19,22,179.89,Completed
2238,664,126,16,14,2025-07-07,18:45:00,6.47,35,124.29,Completed
2239,131,213,19,30,2025-11-25,12:32:00,7.12,37,173.54,Completed
2240,626,214,26,31,2025-02-01,18:07:00,6.66,30,151.51,Cancelled
2241,385,145,32,10,2025-09-28,22:40:00,6.33,23,124.48,No_Show
2242,734,128,6,6,2025-01-05,01:27:00,7.66,44,169.59,Completed
2243,397,133,6,27,2025-11-26,13:12:00,3.6,19,96.39,No_Show
2244,566,198,5,11,2025-11-04,09:56:00,2.85,23,87.43,Cancelled
2245,850,202,2,36,2025-11-29,19:20:00,20.24,68,293.08,Completed
2246,296,192,2,10,2025-06-18,15:51:00,4.52,27,100.07,Completed
2247,383,107,37,16,2025-06-30,05:40:00,1.32,10,64.13,Completed
2248,512,194,3,24,2025-06-27,06:12:00,5.7,23,147.2,Completed
2249,395,71,6,21,2025-05-23,20:58:00,2.27,19,95.16,Completed
2250,554,238,31,40,2025-12-28,01:32:00,3.06,10,104.23,Completed
2251,605,132,5,36,2025-09-05,00:21:00,8.05,33,151.05,Completed
2252,260,101,10,23,2025-05-07,12:41:00,3.29,18,103.74,Cancelled
2253,281,83,27,21,2025-09-20,23:14:00,17.39,66,247.97,Cancelled
2254,356,245,24,32,2025-02-09,19:21:00,12.7,60,293.4,Completed
2255,420,28,22,17,2025-12-21,20:18:00,14.77,62,294.11,Completed
2256,192,212,25,17,2025-09-12,19:45:00,8.41,49,134.78,Completed
2257,637,222,3,21,2025-05-23,21:11:00,3.72,23,116.34,Completed
2258,428,106,16,4,2025-08-28,03:47:00,6.31,35,130.7,Completed
2259,808,38,30,23,2025-08-16,02:52:00,9.58,34,201.6,Completed
2260,348,66,4,25,2025-12-07,03:24:00,15.87,68,244.14,Completed
2261,429,195,40,32,2025-07-17,12:25:00,3.85,23,131.62,Completed
2262,392,188,16,6,2025-03-06,22:24:00,8.19,30,191.94,Completed
2263,341,47,40,14,2025-01-11,14:26:00,14.35,70,264.01,Completed
2264,547,106,8,38,2025-04-18,09:38:00,9.81,44,194.16,Cancelled
2265,940,241,24,38,2025-01-26,16:28:00,20.24,103,312.76,No_Show
2266,402,103,16,16,2025-05-31,14:29:00,6.03,29,146.01,Completed
2267,47,25,27,32,2025-08-09,18:20:00,6.17,24,140.53,Completed
2268,665,66,2,16,2025-12-07,18:22:00,1.91,14,79.94,Completed
2269,750,231,20,19,2025-08-25,14:09:00,7.74,41,141.55,Completed
2270,425,79,20,37,2025-08-25,08:30:00,11.23,46,192.74,Completed
2271,517,67,20,21,2025-08-07,12:01:00,15.37,62,320.93,Completed
2272,960,197,19,15,2025-05-31,05:10:00,8.37,46,231.06,Driver_Cancelled
2273,958,246,18,26,2025-05-03,09:39:00,16.03,86,289.61,Completed
2274,637,40,13,30,2025-05-24,00:38:00,11.78,43,266.04,Completed
2275,879,100,17,40,2025-07-08,15:23:00,23.51,81,512.78,Completed
2276,328,178,33,15,2025-09-12,10:49:00,10.01,35,210.29,Completed
2277,87,115,28,13,2025-03-09,17:05:00,12.55,55,214.53,Completed
2278,515,168,5,27,2025-04-14,22:27:00,11.38,59,162.49,Completed
2279,165,119,28,23,2025-12-02,01:11:00,15.39,56,342.31,Completed
2280,223,230,25,34,2025-06-08,01:28:00,10.32,43,171.77,Completed
2281,861,165,20,34,2025-11-05,14:33:00,6.77,33,120.48,Completed
2282,297,219,21,23,2025-12-28,03:47:00,3.61,15,94.43,Completed
2283,916,197,13,20,2025-10-27,17:55:00,5.82,32,108.19,Completed
2284,451,145,6,9,2025-03-31,23:17:00,6.49,31,140.82,Driver_Cancelled
2285,343,62,29,20,2025-12-23,16:32:00,16.49,86,302.96,Completed
2286,936,230,9,39,2025-09-13,14:09:00,13.67,70,310.2,Completed
2287,341,237,29,14,2025-12-19,14:08:00,28.65,111,536.11,Completed
2288,461,169,38,26,2025-08-08,03:37:00,8.21,44,182.16,Cancelled
2289,392,248,1,27,2025-01-09,07:37:00,4.25,31,115.75,Completed
2290,901,76,30,34,2025-01-12,17:58:00,4.69,30,127.44,Completed
2291,537,170,32,29,2025-11-21,03:21:00,14.8,72,203.68,Completed
2292,551,31,23,32,2025-09-01,16:48:00,5.57,25,159.22,Completed
2293,421,33,39,5,2025-07-01,02:55:00,2.79,15,104.83,Completed
2294,381,43,10,4,2025-10-11,11:12:00,11.49,63,242.11,Driver_Cancelled
2295,617,93,21,23,2025-11-08,20:15:00,14.24,70,278.98,Driver_Cancelled
2296,5,230,26,21,2025-04-09,05:35:00,2.61,14,82.06,Completed
2297,648,195,15,33,2025-07-16,20:48:00,5.96,22,177.26,Completed
2298,4,38,17,24,2025-08-14,11:30:00,5.58,21,128.71,Completed
2299,681,41,35,16,2025-11-29,16:48:00,8.6,36,213.15,Completed
2300,316,118,25,32,2025-04-13,19:00:00,5.54,25,183.45,Cancelled
2301,822,191,15,19,2025-04-16,03:06:00,7.82,35,208.23,Completed
2302,918,168,33,26,2025-12-31,04:21:00,9.73,32,143.34,Completed
2303,78,158,11,3,2025-02-27,15:29:00,2.62,8,113.14,Completed
2304,531,175,24,35,2025-03-19,10:54:00,7.16,38,165.24,Cancelled
2305,717,22,6,39,2025-03-16,02:54:00,6.29,25,130.88,Completed
2306,355,230,28,18,2025-02-11,14:20:00,7.18,40,131.67,Completed
2307,836,96,29,7,2025-11-20,19:46:00,7.17,25,217.9,Completed
2308,33,127,21,32,2025-06-30,19:31:00,2.37,19,110.12,Completed
2309,662,183,12,24,2025-02-02,15:46:00,22.47,111,436.48,No_Show
2310,705,171,22,16,2025-03-12,14:54:00,8.91,49,180.12,Completed
2311,139,61,27,24,2025-02-25,02:01:00,15.06,75,243.68,Completed
2312,272,74,21,4,2025-04-15,07:58:00,4.64,25,123.34,Completed
2313,196,32,15,32,2025-07-19,06:28:00,17.47,90,305.91,Completed
2314,127,235,18,34,2025-04-11,14:00:00,8.78,39,195.1,Completed
2315,349,132,10,19,2025-09-13,05:41:00,12.21,63,272.15,Completed
2316,743,221,22,14,2025-11-03,21:28:00,3.07,11,98.57,Completed
2317,44,45,20,38,2025-03-15,22:20:00,6.5,28,224.94,Completed
2318,742,72,19,13,2025-06-20,01:16:00,9.22,45,192.11,Completed
2319,728,20,28,22,2025-05-23,10:22:00,22.55,111,407.85,Driver_Cancelled
2320,244,239,37,31,2025-06-15,09:49:00,11.27,38,228.01,Completed
2321,9,199,1,30,2025-09-18,09:15:00,3.9,18,99.3,Completed
2322,762,65,34,23,2025-08-09,10:04:00,4.22,18,114.85,No_Show
2323,712,188,35,12,2025-03-24,02:43:00,2.81,14,103.61,Completed
2324,846,89,26,14,2025-07-01,15:47:00,4.91,22,168.61,Completed
2325,79,154,30,36,2025-11-03,15:50:00,17.64,66,362.5,Completed
2326,757,201,12,8,2025-01-10,07:12:00,10.79,36,216.68,Completed
2327,190,23,14,24,2025-01-04,14:16:00,12.28,66,230.45,Completed
2328,86,40,39,3,2025-12-17,18:09:00,17.69,84,321.19,Completed
2329,485,130,4,14,2025-12-02,02:50:00,12.45,52,231.86,Cancelled
2330,271,154,12,11,2025-10-19,04:19:00,3.3,16,105.98,Completed
2331,774,78,24,38,2025-10-08,12:30:00,14.18,67,246.03,Completed
2332,513,190,40,28,2025-08-03,23:24:00,25.57,132,499.05,Completed
2333,20,44,31,23,2025-04-08,08:19:00,3.36,16,109.6,Completed
2334,489,159,1,18,2025-04-11,13:54:00,9.81,49,195.9,Completed
2335,932,154,37,20,2025-01-09,04:37:00,17.29,71,255.02,Completed
2336,130,247,1,33,2025-03-02,21:58:00,14.76,59,246.99,No_Show
2337,838,113,15,2,2025-11-05,18:32:00,25.74,111,483.5,Cancelled
2338,770,83,13,39,2025-05-26,10:04:00,17.72,83,319.34,Completed
2339,643,230,29,37,2025-03-04,18:20:00,5.38,29,161.81,Completed
2340,7,117,4,26,2025-05-01,01:09:00,15.93,90,244,Completed
2341,852,5,15,2,2025-08-14,15:19:00,8.35,32,171.53,No_Show
2342,753,121,40,3,2025-04-15,01:49:00,7.01,25,139.53,Completed
2343,704,70,12,20,2025-09-17,05:24:00,5.53,22,209.51,Completed
2344,937,35,25,10,2025-12-15,16:32:00,16.16,75,260.9,Completed
2345,310,16,27,21,2025-09-12,13:13:00,3.63,16,118.74,Cancelled
2346,809,159,6,40,2025-07-26,12:29:00,9.53,54,277.41,Driver_Cancelled
2347,627,210,23,9,2025-01-28,12:55:00,5.6,33,143.7,Completed
2348,901,14,15,2,2025-06-19,07:05:00,8.67,32,164.42,Driver_Cancelled
2349,473,25,39,28,2025-12-02,17:11:00,7.54,37,218.12,Completed
2350,102,79,5,3,2025-03-17,09:56:00,8.86,37,192.39,Completed
2351,338,218,23,16,2025-04-26,15:19:00,10.84,48,280.12,Cancelled
2352,319,228,15,4,2025-03-10,05:12:00,5.11,28,138.46,Cancelled
2353,513,203,25,23,2025-12-20,21:56:00,3.65,23,92.64,Completed
2354,25,101,30,30,2025-08-22,06:34:00,5.02,20,130.49,Completed
2355,721,105,4,38,2025-01-01,06:27:00,9.55,49,178.21,Cancelled
2356,430,229,13,13,2025-06-16,18:03:00,8.71,47,204.92,Cancelled
2357,143,199,40,6,2025-12-18,16:24:00,5.06,24,139.18,Driver_Cancelled
2358,709,146,39,10,2025-08-06,07:59:00,9.47,48,199.68,Completed
2359,657,178,23,17,2025-09-30,06:49:00,16.75,79,325.85,No_Show
2360,149,20,16,8,2025-09-08,18:10:00,8.77,36,150.93,No_Show
2361,693,56,35,9,2025-12-13,06:49:00,4.83,25,136.37,Completed
2362,55,130,16,34,2025-12-10,12:26:00,3.14,17,100.51,Cancelled
2363,471,154,7,17,2025-06-23,06:38:00,8.68,34,169.1,Completed
2364,363,23,13,22,2025-06-19,04:04:00,4.53,19,109.53,Completed
2365,650,32,29,3,2025-09-03,00:16:00,6.8,32,165.97,Completed
2366,209,141,39,40,2025-03-31,01:35:00,11.02,51,239.49,Completed
2367,185,13,20,29,2025-02-18,15:34:00,10.36,48,246.1,Completed
2368,65,145,29,39,2025-10-21,01:28:00,17.18,69,252.14,Cancelled
2369,549,217,18,27,2025-05-30,08:16:00,2.46,20,112.35,Completed
2370,112,186,22,39,2025-05-12,07:20:00,7.4,40,173.23,Completed
2371,263,214,36,40,2025-02-28,01:02:00,7.57,41,190.85,Driver_Cancelled
2372,76,27,36,37,2025-11-20,01:03:00,9.62,47,177.87,Completed
2373,296,145,8,3,2025-07-18,04:18:00,3.93,20,137.23,Completed
2374,178,218,3,19,2025-08-03,00:49:00,5.35,23,126.06,Completed
2375,766,166,29,34,2025-02-18,03:36:00,3.67,20,111.22,Completed
2376,1,14,9,14,2025-08-20,15:12:00,10.1,42,171.4,Completed
2377,148,245,8,21,2025-09-04,23:02:00,5.18,32,156.44,Cancelled
2378,876,142,30,2,2025-08-27,18:06:00,14.61,63,227.42,Completed
2379,671,140,12,10,2025-06-17,14:18:00,13.34,63,294.46,Cancelled
2380,836,69,28,17,2025-02-17,00:36:00,15.76,53,290.61,Completed
2381,986,229,10,2,2025-02-20,04:14:00,6.37,33,152.19,Completed
2382,780,68,13,27,2025-10-26,02:48:00,6.4,28,156.72,Completed
2383,662,55,2,1,2025-04-08,15:31:00,6.71,34,122.66,Completed
2384,129,191,1,36,2025-08-04,07:18:00,4.87,27,153.5,Completed
2385,638,29,22,33,2025-06-26,18:30:00,3.47,20,101.29,Completed
2386,513,89,33,22,2025-03-21,00:14:00,4.38,17,133.61,Completed
2387,899,45,16,35,2025-07-04,22:42:00,19.5,82,321.3,Completed
2388,629,132,29,34,2025-01-27,03:47:00,5.94,24,147.68,Completed
2389,972,242,10,18,2025-07-14,16:16:00,22.64,82,317.53,Completed
2390,502,144,39,36,2025-08-02,11:53:00,5.72,24,150.59,Completed
2391,149,242,7,3,2025-12-08,21:54:00,9.36,46,188.1,Completed
2392,269,66,1,16,2025-04-24,20:57:00,10.32,41,218.98,Completed
2393,701,23,26,11,2025-08-30,02:16:00,8.5,32,191.4,Completed
2394,653,68,5,10,2025-05-04,07:21:00,5.74,32,138.67,Completed
2395,105,148,35,21,2025-11-01,14:55:00,2.18,14,96.63,Completed
2396,466,145,13,25,2025-03-17,09:46:00,7.98,43,142.09,Driver_Cancelled
2397,764,180,27,35,2025-11-07,19:31:00,4.81,26,112.37,Completed
2398,929,6,12,6,2025-11-08,11:34:00,5.92,36,135.73,Completed
2399,902,82,30,8,2025-07-15,22:43:00,5.66,34,163.69,Cancelled
2400,281,212,32,34,2025-12-17,15:44:00,19.48,85,328.64,Completed
2401,407,123,31,1,2025-02-13,14:30:00,4.22,21,150.66,Completed
2402,856,167,5,3,2025-07-05,05:50:00,22.31,104,445.17,Completed
2403,613,237,37,38,2025-12-09,22:18:00,25.33,98,332.98,Completed
2404,794,105,2,27,2025-09-03,08:31:00,14.3,52,249.49,No_Show
2405,900,34,38,13,2025-03-25,06:51:00,1.57,6,141.2,Driver_Cancelled
2406,358,232,7,19,2025-07-26,01:19:00,3.39,17,141.24,Completed
2407,675,238,1,19,2025-05-31,02:57:00,16.19,80,244.21,No_Show
2408,203,54,3,6,2025-06-05,07:08:00,4.02,17,123.34,Completed
2409,612,216,20,14,2025-01-16,14:52:00,8.98,50,232.53,Completed
2410,281,82,2,5,2025-06-14,07:03:00,5.67,28,120.09,Cancelled
2411,916,94,21,36,2025-05-25,17:46:00,17.03,82,320.89,Completed
2412,257,65,32,9,2025-02-06,06:08:00,8.6,33,140.67,Completed
2413,94,87,20,23,2025-11-29,02:09:00,9.44,47,189.33,Completed
2414,324,29,31,32,2025-02-14,05:47:00,31.81,142,607.43,Completed
2415,791,41,33,29,2025-07-25,22:30:00,22.55,101,412.9,Completed
2416,739,105,24,28,2025-03-03,19:35:00,8.57,45,159.97,Completed
2417,362,63,18,40,2025-12-22,19:32:00,1.88,9,95.11,Completed
2418,662,160,20,11,2025-11-04,16:22:00,12.85,51,250.69,Completed
2419,351,66,32,19,2025-01-19,07:41:00,27.43,99,468.73,Driver_Cancelled
2420,62,112,5,1,2025-12-31,03:12:00,2.19,16,72.16,Cancelled
2421,641,100,2,9,2025-10-27,11:31:00,13.83,57,252.39,Completed
2422,187,173,26,2,2025-01-07,06:24:00,17.6,69,374.87,No_Show
2423,580,145,25,4,2025-09-06,06:23:00,8.56,45,252.58,Completed
2424,915,171,22,29,2025-04-27,00:56:00,9.16,33,206.29,Completed
2425,542,247,39,4,2025-03-09,20:35:00,8.7,37,193.61,Completed
2426,897,66,22,1,2025-02-03,17:25:00,3.77,20,128.16,Completed
2427,304,68,11,28,2025-07-13,22:26:00,33.4,172,657.76,Completed
2428,787,236,11,18,2025-11-21,02:35:00,2.95,14,76.77,Completed
2429,639,34,4,13,2025-02-24,16:31:00,13.94,68,272.07,Completed
2430,436,1,33,40,2025-09-23,10:26:00,13.35,48,283.63,Completed
2431,213,151,18,6,2025-02-11,01:13:00,4.05,13,112.49,Driver_Cancelled
2432,406,134,31,39,2025-10-24,03:45:00,9.06,42,186.91,Completed
2433,818,16,28,22,2025-08-19,00:48:00,3.53,23,107.7,Driver_Cancelled
2434,962,2,22,30,2025-01-10,22:14:00,11.6,64,215.36,Driver_Cancelled
2435,134,238,40,27,2025-12-24,09:37:00,18.21,63,361.33,Completed
2436,960,116,3,8,2025-05-08,22:33:00,9.31,50,181.12,Completed
2437,917,76,7,28,2025-06-28,23:26:00,13.4,52,225.89,Completed
2438,993,27,20,2,2025-07-12,14:24:00,4.37,23,117.23,Driver_Cancelled
2439,915,19,7,20,2025-04-02,09:29:00,4.34,23,100.74,Completed
2440,219,28,7,11,2025-08-19,15:32:00,8.81,42,201.32,Completed
2441,421,35,29,14,2025-03-19,01:54:00,3.32,21,106.76,Completed
2442,319,115,26,24,2025-03-26,07:42:00,4.07,29,160.48,Completed
2443,157,235,3,13,2025-01-30,01:57:00,5.54,22,161.33,Driver_Cancelled
2444,188,68,17,8,2025-08-01,03:07:00,11.64,42,207.81,Completed
2445,476,49,40,21,2025-02-18,11:04:00,4.3,22,107.58,Cancelled
2446,162,241,20,22,2025-09-22,04:13:00,8.34,44,234.36,Completed
2447,129,7,34,9,2025-05-25,14:32:00,13.83,82,302.92,Completed
2448,304,37,33,11,2025-03-10,09:48:00,6.03,26,139.08,No_Show
2449,89,115,16,16,2025-02-27,10:20:00,6.14,29,143.28,Completed
2450,895,153,23,9,2025-07-04,09:32:00,11.69,58,169.46,Driver_Cancelled
2451,917,245,4,3,2025-03-03,18:28:00,9.54,35,211.44,Completed
2452,162,250,40,36,2025-11-04,11:08:00,6.53,32,159.29,Completed
2453,922,115,33,13,2025-10-23,03:41:00,4.74,21,116.82,Completed
2454,36,41,8,1,2025-06-15,05:26:00,5.45,23,114.47,No_Show
2455,227,81,5,11,2025-06-20,22:29:00,14.02,63,278.84,No_Show
2456,151,62,33,24,2025-03-04,19:08:00,6.03,33,122.67,Completed
2457,593,169,25,5,2025-05-27,08:31:00,35.64,155,529.67,Completed
2458,47,142,7,2,2025-11-02,07:40:00,5.04,23,128.68,Completed
2459,716,229,7,17,2025-06-10,12:22:00,12.4,54,207.93,Completed
2460,940,182,33,17,2025-05-21,09:09:00,12.76,58,195.37,Completed
2461,660,2,33,20,2025-11-30,22:56:00,10.7,52,186.03,Completed
2462,231,88,29,15,2025-04-07,18:22:00,3.13,22,92.65,No_Show
2463,539,207,39,4,2025-08-09,16:27:00,15.74,74,219.07,Completed
2464,701,48,32,11,2025-02-12,08:28:00,8.18,42,169.89,Cancelled
2465,165,179,37,23,2025-10-19,22:42:00,18.86,71,390.4,Completed
2466,724,225,29,1,2025-04-18,08:42:00,6.9,38,163.08,Completed
2467,820,55,22,4,2025-09-23,05:48:00,6.84,38,131.25,No_Show
2468,587,12,2,38,2025-04-05,17:25:00,11.06,45,184.6,Completed
2469,604,211,9,2,2025-09-19,03:52:00,8.19,40,189.82,Cancelled
2470,574,244,29,27,2025-11-09,07:50:00,3.29,18,114.58,No_Show
2471,66,239,33,34,2025-03-12,06:58:00,14.03,55,224.85,Completed
2472,920,197,10,13,2025-08-07,14:32:00,2.91,17,102.03,Completed
2473,80,1,28,18,2025-01-21,16:40:00,15.49,75,265.54,Completed
2474,140,235,39,11,2025-04-02,03:18:00,4.53,17,142.18,Completed
2475,400,187,12,5,2025-05-07,21:22:00,26.1,103,373.05,Completed
2476,932,201,22,29,2025-03-21,03:03:00,3.22,16,106.81,Completed
2477,130,103,6,25,2025-11-08,13:30:00,3.46,19,98.52,Completed
2478,985,34,40,14,2025-08-26,21:27:00,4.39,26,130.98,Completed
2479,766,221,23,38,2025-07-01,00:09:00,15.16,61,293.08,Completed
2480,446,241,34,37,2025-01-25,11:54:00,11.88,67,237.46,Completed
2481,832,240,38,11,2025-06-05,08:07:00,15.95,57,306.23,Completed
2482,29,112,16,32,2025-01-05,18:31:00,12.53,57,265.52,Completed
2483,988,46,10,6,2025-04-30,20:33:00,8.12,40,196.05,Completed
2484,202,187,21,6,2025-10-04,02:17:00,18.05,94,268.58,Completed
2485,237,194,10,22,2025-01-18,23:32:00,22.4,92,315.21,Completed
2486,599,147,11,3,2025-07-17,04:54:00,4.13,22,119.52,Completed
2487,608,156,21,19,2025-02-26,22:17:00,17.4,83,273.93,Cancelled
2488,799,99,25,34,2025-04-03,10:29:00,17.22,59,331.08,Completed
2489,339,168,34,7,2025-01-19,11:02:00,4.6,18,123.37,Completed
2490,399,245,31,16,2025-12-19,18:21:00,5.53,23,143.63,No_Show
2491,439,57,27,38,2025-07-12,02:49:00,14.57,66,260.26,Cancelled
2492,289,51,25,9,2025-08-25,13:58:00,6.06,28,136.46,Completed
2493,252,240,32,13,2025-10-04,01:15:00,9.46,42,220.57,Completed
2494,977,22,11,34,2025-08-15,13:08:00,9.9,40,182.58,Completed
2495,692,68,26,37,2025-08-21,14:32:00,4.36,25,123.3,Completed
2496,100,136,36,6,2025-02-09,09:15:00,4.36,20,104.1,No_Show
2497,916,60,37,38,2025-11-19,20:27:00,3.88,17,125.55,Completed
2498,585,65,33,4,2025-06-02,05:38:00,12.06,42,240.58,Driver_Cancelled
2499,422,36,33,5,2025-05-07,17:18:00,3.22,19,137.6,Completed
2500,643,199,36,6,2025-08-25,01:35:00,15.38,66,245.54,No_Show
2501,694,217,13,13,2025-02-24,21:36:00,5.87,29,142.58,Completed
2502,706,29,14,24,2025-06-21,03:58:00,9.39,52,238.69,Completed
2503,18,193,37,28,2025-04-19,03:51:00,3.77,18,128.29,Completed
2504,471,56,40,13,2025-12-20,04:32:00,26.44,126,440.82,Completed
2505,638,82,1,18,2025-07-03,15:40:00,12.69,50,258.74,Completed
2506,723,132,5,7,2025-07-17,07:58:00,12.36,53,260.16,Cancelled
2507,7,212,30,4,2025-03-28,11:14:00,13.14,50,248.93,Completed
2508,419,238,18,31,2025-07-20,15:24:00,11.7,62,239.18,Cancelled
2509,380,200,37,24,2025-12-03,03:30:00,4.13,23,106.88,Completed
2510,508,219,39,22,2025-11-18,12:59:00,4.87,21,96.48,Completed
2511,114,178,12,21,2025-10-02,10:43:00,8.02,39,174.39,No_Show
2512,852,167,34,26,2025-07-30,05:49:00,11.99,46,279.96,Completed
2513,511,163,14,30,2025-04-28,08:41:00,14.02,75,284.89,Completed
2514,596,153,38,35,2025-07-10,12:15:00,5.15,24,156.71,Completed
2515,851,245,16,23,2025-02-11,00:08:00,7.55,33,131.5,Completed
2516,873,206,11,40,2025-02-11,05:05:00,23.38,92,320.33,Driver_Cancelled
2517,976,44,33,30,2025-11-11,18:49:00,6.71,28,156.69,Completed
2518,614,175,15,19,2025-10-03,10:29:00,15.8,79,316.45,Completed
2519,469,168,10,32,2025-11-25,05:39:00,2.94,21,100.76,Cancelled
2520,93,31,3,19,2025-01-17,05:41:00,6.84,34,182.7,Completed
2521,492,197,11,22,2025-10-10,02:58:00,17.47,72,343.14,Completed
2522,828,81,11,4,2025-09-15,19:12:00,19.91,73,376.69,No_Show
2523,102,249,16,12,2025-03-04,05:00:00,11.04,54,229.13,Completed
2524,493,74,38,15,2025-03-03,04:47:00,2.06,11,90.5,Cancelled
2525,763,171,30,15,2025-04-10,19:41:00,1.96,8,72.91,Completed
2526,536,124,1,10,2025-01-19,13:12:00,10.49,47,209.27,Cancelled
2527,485,183,38,19,2025-01-17,13:34:00,11.12,36,225.53,Driver_Cancelled
2528,989,16,34,8,2025-11-21,12:52:00,27.95,125,551.91,Completed
2529,479,240,19,31,2025-09-03,02:32:00,5.25,32,141.35,Completed
2530,877,68,34,9,2025-09-08,15:53:00,3.68,12,92.83,Completed
2531,167,119,36,29,2025-03-22,11:45:00,7.74,32,173.98,Completed
2532,140,69,4,7,2025-02-08,13:30:00,6.45,32,164.32,Completed
2533,94,42,10,8,2025-02-05,01:17:00,12.88,48,222.55,Completed
2534,181,110,17,17,2025-07-16,07:14:00,14.3,56,260.1,Completed
2535,576,41,16,15,2025-06-07,08:57:00,7.58,38,253.11,No_Show
2536,4,50,21,16,2025-07-23,13:37:00,13.86,52,243.18,Completed
2537,606,212,28,7,2025-07-15,10:14:00,4.32,27,138.16,Completed
2538,389,6,8,19,2025-08-04,03:45:00,10.04,53,170.42,Completed
2539,272,75,29,38,2025-10-12,03:07:00,1.55,6,93.44,Completed
2540,795,181,6,25,2025-07-15,20:42:00,5.19,24,180.78,Completed
2541,132,17,30,12,2025-11-03,19:30:00,12.15,46,212.36,Completed
2542,584,105,2,32,2025-06-01,23:13:00,22.71,87,446.54,Driver_Cancelled
2543,816,185,31,10,2025-01-14,10:20:00,4.73,27,116.76,No_Show
2544,904,67,25,24,2025-11-21,14:06:00,10.22,41,189.24,Completed
2545,593,144,23,4,2025-05-26,01:54:00,4.6,20,129.12,Completed
2546,512,180,21,37,2025-02-26,04:35:00,6.58,39,154.79,Completed
2547,686,100,16,39,2025-07-30,09:46:00,11.48,51,189.91,Completed
2548,812,90,4,4,2025-09-25,14:38:00,4.04,24,116.4,Completed
2549,963,216,8,36,2025-07-29,23:25:00,6.57,29,115.38,Completed
2550,987,246,6,37,2025-01-17,15:35:00,9.5,40,248.66,Completed
2551,52,239,27,25,2025-10-13,03:14:00,9.95,44,207.39,Completed
2552,290,162,36,30,2025-12-10,16:35:00,8.86,35,224.75,Completed
2553,446,212,36,1,2025-07-22,20:41:00,9.5,45,221.33,Completed
2554,237,81,24,29,2025-04-09,13:59:00,5.39,28,160.04,Completed
2555,789,115,6,16,2025-10-06,20:25:00,4.87,24,109.62,Driver_Cancelled
2556,491,20,33,37,2025-07-28,08:43:00,4.13,24,113.92,No_Show
2557,280,80,2,37,2025-05-09,18:32:00,4.52,24,124.57,Completed
2558,44,56,16,7,2025-12-01,02:46:00,4.26,22,115.06,Completed
2559,882,179,38,40,2025-10-15,03:31:00,8.96,37,149.35,Completed
2560,766,53,9,33,2025-09-09,20:15:00,4.6,25,114.13,Completed
2561,937,49,5,22,2025-09-22,08:00:00,9.52,40,166.17,Completed
2562,925,4,10,27,2025-09-28,19:00:00,7.67,37,140.2,Completed
2563,359,18,30,29,2025-07-07,11:44:00,10.62,34,244.21,Completed
2564,646,36,7,16,2025-08-02,13:20:00,8.57,41,161.12,Completed
2565,568,117,29,21,2025-10-10,06:14:00,8.04,42,217.35,Completed
2566,526,35,2,11,2025-07-30,04:27:00,15.34,78,283.94,No_Show
2567,690,30,20,21,2025-12-31,01:51:00,14.45,52,249.81,Completed
2568,462,118,4,9,2025-03-17,09:34:00,10.16,42,228.54,Completed
2569,101,63,28,27,2025-05-28,09:05:00,14.28,54,266.18,Completed
2570,692,82,8,39,2025-11-17,21:06:00,4.54,25,106.26,Completed
2571,984,149,35,22,2025-08-01,22:27:00,6.7,37,164.71,Completed
2572,461,180,2,15,2025-04-19,11:49:00,6.84,32,193.82,Completed
2573,769,224,28,23,2025-05-09,19:17:00,9.75,44,143.48,Completed
2574,268,69,11,29,2025-01-10,06:55:00,3.06,20,80.96,Completed
2575,883,125,36,39,2025-02-16,18:36:00,10.08,37,209.08,Completed
2576,362,169,9,16,2025-11-11,05:36:00,12.05,45,256.85,Completed
2577,408,54,38,3,2025-04-06,07:30:00,11.79,59,274.07,Completed
2578,37,87,1,16,2025-04-13,00:06:00,2.9,12,109.05,Completed
2579,468,158,27,8,2025-12-08,21:52:00,3.26,18,98.23,Completed
2580,966,219,3,26,2025-05-26,08:37:00,5.3,24,201.71,Completed
2581,716,56,39,9,2025-01-27,06:40:00,23.15,117,470.53,Completed
2582,981,79,9,35,2025-08-08,20:40:00,10.24,57,193.38,Completed
2583,259,169,40,7,2025-01-18,22:46:00,3.36,22,108.65,No_Show
2584,509,142,28,8,2025-06-16,05:27:00,10.65,49,182.16,Driver_Cancelled
2585,667,149,21,35,2025-03-23,12:40:00,8.88,48,223.13,Completed
2586,750,120,28,39,2025-03-13,10:37:00,11.55,50,271.85,Driver_Cancelled
2587,309,226,24,36,2025-11-06,08:58:00,7.96,32,199.65,Completed
2588,612,218,18,6,2025-09-11,21:56:00,8.2,31,185.04,No_Show
2589,273,25,9,7,2025-06-11,05:12:00,5.25,30,194.24,Completed
2590,625,178,26,12,2025-11-23,07:11:00,26.81,130,376.76,Completed
2591,110,109,24,39,2025-02-07,02:25:00,6.51,25,134.38,Completed
2592,655,95,6,1,2025-07-20,18:14:00,7.4,35,135.7,Completed
2593,679,53,12,25,2025-07-19,23:18:00,5.9,28,160.39,Completed
2594,260,48,36,12,2025-09-12,23:53:00,1.96,12,103.03,Driver_Cancelled
2595,657,70,9,27,2025-06-28,05:42:00,3.12,20,89.62,Completed
2596,742,176,10,23,2025-02-04,01:55:00,9.08,37,138.22,Completed
2597,907,132,3,19,2025-03-23,06:45:00,6.34,25,159.34,Completed
2598,268,152,29,21,2025-08-08,23:33:00,2.66,12,115.7,Completed
2599,32,234,7,21,2025-06-07,22:30:00,12.54,63,291.83,Completed
2600,923,159,26,24,2025-01-04,02:49:00,12.31,67,215.21,Completed
2601,940,83,8,13,2025-06-16,22:44:00,11.12,43,178.42,Completed
2602,811,203,13,36,2025-07-23,11:55:00,8.67,41,194.89,Completed
2603,731,157,35,15,2025-07-13,01:16:00,20.44,108,277.09,Completed
2604,177,133,19,1,2025-08-23,16:56:00,6.05,25,170.38,Completed
2605,104,82,22,34,2025-07-25,05:34:00,8.64,35,201.48,Completed
2606,236,195,16,31,2025-05-30,19:16:00,3.81,20,92.59,Driver_Cancelled
2607,93,104,15,32,2025-06-08,00:32:00,2.87,14,77.91,Completed
2608,201,75,2,36,2025-10-06,17:54:00,18.72,72,293.87,Completed
2609,811,213,38,29,2025-10-31,01:33:00,11.1,57,235.16,Completed
2610,899,222,21,10,2025-06-15,02:17:00,10.24,53,237.83,Completed
2611,743,211,30,21,2025-11-07,07:33:00,26,109,423.02,Completed
2612,925,181,7,36,2025-03-09,18:33:00,2.51,8,120.39,Completed
2613,767,89,31,24,2025-03-29,02:24:00,3.34,17,100.51,Completed
2614,597,64,35,27,2025-08-05,10:05:00,23.22,98,454.71,Completed
2615,35,35,4,21,2025-01-01,10:53:00,8.83,35,183.52,Completed
2616,117,12,34,18,2025-05-15,19:41:00,8.7,36,150.13,Completed
2617,688,175,1,4,2025-07-04,22:49:00,6.55,29,140.05,Completed
2618,458,90,10,18,2025-12-17,01:03:00,8.45,35,144.14,Completed
2619,471,55,30,9,2025-05-20,23:37:00,10.7,45,237.58,Completed
2620,935,248,32,30,2025-04-16,18:53:00,17.71,65,248.6,Completed
2621,985,112,3,35,2025-05-13,16:21:00,21.2,96,401.5,Cancelled
2622,920,69,10,30,2025-04-18,15:19:00,13.46,63,259.44,Completed
2623,788,211,9,39,2025-06-27,17:24:00,25.93,107,306.82,Completed
2624,399,91,17,6,2025-10-25,20:09:00,5.22,20,108.85,Completed
2625,597,38,3,14,2025-12-24,18:54:00,15.48,54,273.04,Completed
2626,117,29,27,29,2025-12-25,08:16:00,10.62,39,179.82,Completed
2627,362,12,35,32,2025-05-26,15:15:00,9.97,34,209.94,Completed
2628,204,147,4,14,2025-03-15,01:55:00,5.57,25,131.69,Completed
2629,146,137,4,20,2025-04-18,20:34:00,7.97,29,135.32,Completed
2630,444,82,32,9,2025-05-02,10:00:00,6.18,34,145.89,Completed
2631,727,157,38,12,2025-01-17,04:51:00,1.88,20,74.15,Completed
2632,617,3,11,14,2025-07-15,19:19:00,9.81,39,266.04,Completed
2633,861,87,39,23,2025-11-23,19:28:00,23.63,88,406.55,Cancelled
2634,297,158,6,34,2025-11-14,09:14:00,5.45,22,172.91,Completed
2635,868,238,35,16,2025-10-24,06:17:00,10.11,39,241.54,Driver_Cancelled
2636,581,186,32,18,2025-09-09,12:27:00,4.26,19,120.13,No_Show
2637,487,88,23,40,2025-04-29,11:15:00,14.47,51,228.4,No_Show
2638,986,53,37,33,2025-06-11,18:15:00,18.1,80,269.51,Cancelled
2639,767,101,26,5,2025-07-17,05:59:00,2.16,14,99.46,Completed
2640,231,229,34,39,2025-02-14,06:56:00,7.46,38,152.2,Completed
2641,203,4,38,10,2025-11-10,10:10:00,6.39,25,168.09,Completed
2642,362,57,11,22,2025-06-28,12:14:00,7.3,31,147.49,Completed
2643,395,182,21,33,2025-02-13,11:49:00,13.91,62,275.89,Cancelled
2644,248,28,24,31,2025-09-28,17:20:00,7.2,40,154.9,No_Show
2645,440,16,15,6,2025-03-19,12:47:00,16.18,69,246.92,Completed
2646,914,13,3,36,2025-11-22,07:45:00,1.85,14,91.02,Completed
2647,396,200,2,3,2025-06-27,21:30:00,9.41,32,286.78,Completed
2648,761,184,7,4,2025-12-23,07:36:00,9.96,50,194.88,Completed
2649,656,53,5,27,2025-01-03,14:58:00,3.58,16,127.47,Completed
2650,795,48,40,38,2025-08-02,03:31:00,21.79,86,360.88,Completed
2651,356,25,29,25,2025-12-08,15:13:00,6.66,41,169.6,Cancelled
2652,401,66,32,37,2025-03-15,15:37:00,12.54,59,266.27,Completed
2653,241,158,30,27,2025-02-20,23:18:00,5.14,29,121.94,Driver_Cancelled
2654,341,104,8,36,2025-03-08,05:22:00,4.46,16,132.9,Completed
2655,887,3,32,36,2025-11-28,15:47:00,13.64,67,228.93,Cancelled
2656,229,151,2,7,2025-04-03,07:36:00,4.8,24,118.97,Completed
2657,543,157,10,30,2025-06-25,18:13:00,7.33,32,178.1,Cancelled
2658,621,169,37,29,2025-05-25,04:05:00,5.48,31,212.66,Completed
2659,931,94,3,40,2025-01-07,16:46:00,13.13,49,279.47,Completed
2660,539,11,23,5,2025-09-26,05:58:00,6.28,22,148.17,Completed
2661,855,21,34,6,2025-11-18,04:11:00,3.87,17,166.37,Driver_Cancelled
2662,672,127,18,7,2025-01-04,21:31:00,10.72,46,213.86,Completed
2663,529,91,33,39,2025-05-18,14:05:00,20.37,80,254.11,Completed
2664,267,152,33,32,2025-08-19,02:38:00,14.38,68,272.21,Completed
2665,129,244,17,15,2025-03-29,10:06:00,14.63,50,276.77,Completed
2666,220,95,6,13,2025-01-17,10:19:00,5.6,28,185.14,Cancelled
2667,82,94,13,18,2025-02-21,04:48:00,9.51,36,201.13,Completed
2668,561,193,21,10,2025-05-14,23:16:00,6.62,39,150.42,Completed
2669,553,129,31,40,2025-07-30,13:32:00,4.13,28,101.87,No_Show
2670,20,182,21,11,2025-11-21,21:50:00,10.86,47,255.87,Cancelled
2671,327,200,33,40,2025-08-07,19:44:00,10.12,34,232.26,Driver_Cancelled
2672,37,112,28,40,2025-07-24,17:33:00,7.73,35,170.93,Completed
2673,382,234,6,2,2025-07-30,16:46:00,17.18,78,329.9,Completed
2674,912,34,8,27,2025-10-04,02:43:00,2.93,20,130.81,Completed
2675,39,80,13,8,2025-01-24,00:12:00,12.14,53,194.44,Completed
2676,109,219,34,38,2025-01-04,22:36:00,11.02,53,238.81,Completed
2677,429,196,40,16,2025-06-01,02:52:00,2.41,15,93.34,Completed
2678,64,83,22,24,2025-09-16,07:36:00,10.8,36,195.98,Completed
2679,175,29,1,23,2025-11-20,11:02:00,2.82,22,119.34,Completed
2680,791,233,13,14,2025-12-23,01:03:00,6.37,29,126.23,Cancelled
2681,32,131,1,27,2025-06-17,06:12:00,6.88,38,160.94,Completed
2682,945,11,10,10,2025-06-25,16:09:00,5.31,33,109.18,Completed
2683,721,136,5,28,2025-11-06,19:20:00,5.12,23,111.3,Driver_Cancelled
2684,891,62,20,25,2025-10-18,09:14:00,5.42,27,134.76,Completed
2685,531,103,13,2,2025-02-25,10:18:00,9.06,49,192.69,Completed
2686,106,33,37,33,2025-04-18,23:21:00,15.82,58,302.93,No_Show
2687,482,136,10,35,2025-10-23,23:07:00,11.5,59,234.48,No_Show
2688,206,153,3,13,2025-11-20,18:53:00,13.02,43,208.98,Completed
2689,247,88,34,5,2025-10-29,01:54:00,19.6,74,380.65,Completed
2690,835,154,34,5,2025-11-30,23:45:00,17.37,55,252.23,Completed
2691,679,154,30,22,2025-05-21,10:02:00,12.78,52,223.57,Completed
2692,89,17,37,34,2025-06-04,18:17:00,3.38,21,100.68,Completed
2693,316,91,4,1,2025-09-19,07:01:00,6.25,28,143.04,Completed
2694,11,157,34,17,2025-09-30,07:32:00,2.26,9,92.31,Completed
2695,49,43,32,9,2025-08-20,04:38:00,3.24,16,91.71,Completed
2696,911,231,21,10,2025-08-29,10:00:00,6.74,27,135.98,Completed
2697,896,73,24,15,2025-12-21,13:00:00,8.79,44,170.95,Completed
2698,979,206,9,29,2025-12-03,14:59:00,15.92,64,338.62,Completed
2699,573,5,24,25,2025-09-15,08:16:00,13.23,67,353.61,Completed
2700,171,178,25,21,2025-09-06,06:12:00,18.64,86,239.87,Completed
2701,143,222,36,17,2025-03-18,06:32:00,4.18,23,143.25,Completed
2702,207,56,8,27,2025-06-29,09:26:00,18.22,75,328.97,Completed
2703,998,191,29,28,2025-03-07,20:57:00,11.3,61,201.74,Completed
2704,463,57,25,23,2025-11-04,19:30:00,14.5,56,228.28,Completed
2705,509,247,35,39,2025-12-14,03:31:00,9.69,49,188.9,Completed
2706,201,220,38,36,2025-06-20,05:05:00,11.19,55,226.36,Completed
2707,5,173,28,3,2025-01-22,15:50:00,8.64,47,205.46,Completed
2708,211,165,19,33,2025-04-17,02:49:00,7.11,36,142.88,Completed
2709,984,72,32,7,2025-11-19,01:02:00,9.01,38,204.74,Completed
2710,29,79,37,5,2025-08-15,13:28:00,10.85,47,236.28,Completed
2711,190,246,28,26,2025-08-04,00:55:00,22.43,116,420.89,Completed
2712,188,220,35,17,2025-03-10,06:10:00,5.41,21,151.94,Completed
2713,837,36,8,17,2025-03-25,02:25:00,5.51,22,131.57,No_Show
2714,767,161,23,3,2025-04-13,19:35:00,6.42,26,111.21,Completed
2715,150,134,40,3,2025-02-08,02:06:00,19.26,75,322.57,Completed
2716,525,248,23,34,2025-01-13,19:49:00,16,49,349.73,No_Show
2717,946,115,32,8,2025-10-24,04:57:00,9.89,47,244.61,Cancelled
2718,884,204,10,6,2025-11-09,20:33:00,7.93,30,182.64,Completed
2719,943,71,17,37,2025-06-30,04:06:00,4.34,21,123.08,Completed
2720,366,173,35,22,2025-09-25,17:01:00,2.97,20,121.37,Completed
2721,157,92,35,33,2025-01-13,05:34:00,7.2,40,130.67,Completed
2722,80,135,3,7,2025-04-30,19:16:00,4.07,25,126.07,Completed
2723,868,105,36,40,2025-12-19,15:35:00,15.45,75,248.26,Completed
2724,273,65,29,19,2025-02-26,12:40:00,9.43,47,206.08,Completed
2725,660,245,27,10,2025-02-09,09:26:00,8.31,48,211.32,Completed
2726,718,24,31,23,2025-12-02,02:43:00,3.69,19,97.88,Completed
2727,626,45,34,2,2025-05-08,12:25:00,6.46,37,155.1,Cancelled
2728,518,189,12,21,2025-06-22,03:05:00,8.44,33,200.84,Completed
2729,790,147,37,24,2025-02-04,02:07:00,19.39,84,275.51,Completed
2730,232,117,25,13,2025-09-16,10:15:00,8.77,29,216.92,Completed
2731,649,160,2,5,2025-01-05,04:06:00,11.74,41,210.06,Completed
2732,160,30,30,18,2025-08-06,09:07:00,5.11,24,114.98,Completed
2733,344,65,9,11,2025-01-11,19:58:00,7.65,46,226.3,No_Show
2734,289,160,23,37,2025-11-23,12:00:00,3.3,19,121.08,Cancelled
2735,205,185,9,32,2025-04-27,22:16:00,17.37,84,254.44,Completed
2736,995,148,20,28,2025-07-03,18:27:00,15.05,76,310.31,Completed
2737,838,85,1,22,2025-12-28,10:39:00,21.99,86,419.99,Completed
2738,305,83,39,28,2025-04-26,18:53:00,8.41,31,136.03,Completed
2739,360,222,23,1,2025-06-11,10:09:00,2.3,13,80.33,Completed
2740,670,114,18,6,2025-03-08,21:21:00,7.87,33,147.79,Completed
2741,870,220,32,11,2025-07-19,07:39:00,5.19,27,144.26,Completed
2742,400,96,9,33,2025-01-31,11:31:00,9.41,35,203.69,Completed
2743,449,158,11,16,2025-03-16,09:27:00,8.67,35,194.23,Completed
2744,106,87,1,13,2025-08-25,20:51:00,7.19,35,165.49,No_Show
2745,82,219,11,21,2025-11-23,01:32:00,5,31,141.32,Completed
2746,342,229,33,39,2025-03-07,20:38:00,15.19,62,203.09,Completed
2747,986,187,30,24,2025-03-11,16:17:00,4.47,31,125.48,Completed
2748,782,218,5,27,2025-10-24,01:22:00,9.63,42,213.83,Completed
2749,952,190,1,37,2025-01-20,18:39:00,20.86,106,367.35,Completed
2750,421,67,10,3,2025-08-14,08:28:00,14.57,62,298.45,Completed
2751,49,31,13,12,2025-07-18,11:21:00,4.77,32,143.92,Cancelled
2752,206,66,27,7,2025-02-08,21:45:00,9.99,43,219.03,Completed
2753,218,250,8,20,2025-05-25,06:41:00,3.19,25,96.71,Completed
2754,818,54,28,15,2025-02-14,16:49:00,4.33,22,92.7,Completed
2755,676,10,2,1,2025-11-22,03:54:00,6.96,38,155.17,Driver_Cancelled
2756,436,166,12,10,2025-04-01,06:13:00,7.48,38,210.36,Driver_Cancelled
2757,791,83,27,14,2025-08-26,12:56:00,14.01,72,250.51,Completed
2758,322,159,13,15,2025-03-11,20:41:00,7.36,45,125.96,Completed
2759,231,29,22,34,2025-06-15,02:16:00,8.48,48,168.52,Completed
2760,711,153,40,25,2025-05-10,16:05:00,13.65,59,282.62,Completed
2761,487,32,15,31,2025-08-02,05:38:00,4.93,27,148.77,Completed
2762,429,17,31,10,2025-12-06,20:51:00,20.45,81,282.01,Completed
2763,883,115,7,37,2025-03-30,02:54:00,17.99,89,313.15,Completed
2764,726,45,39,6,2025-12-01,15:50:00,9.1,43,138.05,Completed
2765,284,49,35,6,2025-09-09,18:41:00,12.88,69,245,Completed
2766,486,87,7,28,2025-12-15,01:13:00,9.09,48,217.4,Driver_Cancelled
2767,276,146,12,38,2025-03-13,06:28:00,7.95,26,207.68,Completed
2768,433,75,14,14,2025-06-14,13:40:00,10.12,55,185.01,Completed
2769,185,123,34,13,2025-02-18,03:48:00,15.33,48,209.62,Completed
2770,722,124,39,13,2025-02-21,03:12:00,14.4,59,301.67,Completed
2771,633,52,9,10,2025-10-16,07:35:00,5.37,32,120.31,Completed
2772,216,148,33,16,2025-10-05,12:39:00,8.24,46,172.71,Completed
2773,97,190,12,39,2025-04-24,13:29:00,3.84,22,154.95,Completed
2774,955,141,34,35,2025-08-27,18:50:00,11.83,52,194.6,Completed
2775,119,88,27,15,2025-05-13,08:21:00,12.97,48,340.43,Completed
2776,365,171,22,23,2025-10-01,06:18:00,11.23,51,254.06,Completed
2777,794,84,18,37,2025-06-15,14:01:00,34.1,143,419.02,No_Show
2778,403,243,18,8,2025-10-20,07:43:00,9.58,38,194.47,Completed
2779,618,106,37,26,2025-08-31,04:55:00,2.18,10,89.75,Completed
2780,397,92,7,22,2025-11-16,16:19:00,8.64,45,195.67,Completed
2781,458,99,4,5,2025-05-18,13:56:00,4.67,21,150.74,Cancelled
2782,318,21,16,34,2025-03-20,12:22:00,13.76,67,289.08,Completed
2783,382,6,22,27,2025-06-19,15:22:00,15.62,71,236,Completed
2784,142,199,36,19,2025-05-03,21:57:00,7.24,34,197.78,Cancelled
2785,457,221,20,35,2025-06-25,23:22:00,8.61,35,159.71,Completed
2786,501,53,31,20,2025-10-27,04:47:00,10.37,60,201.38,Completed
2787,907,87,33,38,2025-03-23,07:44:00,10.14,42,215.01,Completed
2788,323,180,13,13,2025-03-28,17:19:00,15.66,76,239.53,Cancelled
2789,1000,197,20,18,2025-08-13,15:58:00,9.88,48,161.41,Completed
2790,268,86,38,18,2025-01-16,07:27:00,8.32,40,164.18,Completed
2791,803,137,22,1,2025-11-06,06:32:00,7.27,27,193.38,Completed
2792,487,96,39,32,2025-12-24,22:27:00,3.49,21,127.53,Completed
2793,878,246,23,25,2025-06-12,09:12:00,4.46,24,112.81,Completed
2794,679,202,33,21,2025-04-08,09:46:00,4.27,24,144.13,Completed
2795,160,174,30,27,2025-06-05,13:02:00,29.75,120,506.14,Completed
2796,743,235,14,11,2025-01-02,08:25:00,8.16,46,159.21,Completed
2797,14,113,36,1,2025-12-16,01:57:00,12.9,52,202.73,Completed
2798,705,220,8,19,2025-06-18,18:03:00,11.85,50,219.08,Driver_Cancelled
2799,155,203,22,32,2025-11-11,02:47:00,2.35,15,103.97,Completed
2800,101,71,4,8,2025-11-21,08:56:00,7.55,35,162.52,Cancelled
2801,572,158,35,19,2025-04-02,09:17:00,11.08,42,222.02,Completed
2802,43,43,8,16,2025-06-30,10:10:00,1.9,13,66.34,Completed
2803,193,237,34,35,2025-08-19,19:39:00,7.55,37,213.9,Completed
2804,311,187,22,2,2025-10-28,10:07:00,13.57,71,275.74,Completed
2805,621,243,25,12,2025-05-28,20:48:00,6.76,38,140.78,No_Show
2806,605,166,25,29,2025-10-07,11:48:00,12.39,60,246.78,Cancelled
2807,728,34,40,10,2025-07-08,13:03:00,4.76,24,123.81,Completed
2808,465,46,40,22,2025-12-13,13:38:00,6.46,27,143.21,Completed
2809,163,220,17,34,2025-12-16,10:16:00,12.91,55,228.97,Completed
2810,351,32,16,21,2025-11-10,01:13:00,7.76,36,240.01,Completed
2811,234,144,39,37,2025-05-08,12:20:00,3.84,16,156.99,Completed
2812,928,167,15,5,2025-01-07,22:07:00,13.62,49,212.42,Completed
2813,403,1,17,6,2025-02-16,00:04:00,10.09,37,235.57,Completed
2814,351,226,35,32,2025-02-22,02:31:00,4.9,21,158.1,Completed
2815,167,233,33,3,2025-07-06,04:53:00,12.76,59,250.48,Cancelled
2816,148,185,40,10,2025-02-07,15:16:00,7.05,33,133.02,Cancelled
2817,28,215,39,5,2025-08-14,04:51:00,18.12,76,288.9,Completed
2818,259,242,18,24,2025-02-22,21:07:00,15.58,60,268.67,Cancelled
2819,928,245,30,20,2025-08-12,07:37:00,8.67,44,149.77,Completed
2820,598,20,23,37,2025-06-03,04:34:00,11.44,42,201.65,Completed
2821,620,210,37,31,2025-02-17,22:49:00,17.45,64,266.5,Completed
2822,442,210,7,17,2025-12-17,08:02:00,8.61,36,173.87,Completed
2823,950,170,10,24,2025-05-27,05:40:00,2.24,8,83.04,Completed
2824,938,232,16,18,2025-03-05,15:56:00,11.36,49,260.38,Driver_Cancelled
2825,629,213,28,26,2025-12-15,03:44:00,13.96,51,278.41,No_Show
2826,876,72,23,7,2025-07-01,12:19:00,14.29,53,199.89,Completed
2827,527,162,34,14,2025-05-05,08:14:00,4.7,22,116.28,Completed
2828,998,178,18,2,2025-06-28,02:51:00,18.28,70,416.63,Completed
2829,211,11,23,30,2025-02-08,18:42:00,30.62,120,465.24,Completed
2830,830,107,20,17,2025-09-17,11:28:00,14.12,64,329.61,Completed
2831,543,243,31,20,2025-01-03,14:33:00,6.98,34,149.71,Completed
2832,445,43,14,10,2025-03-05,09:29:00,10.53,53,177.23,Completed
2833,794,10,23,24,2025-01-29,15:15:00,12.38,47,252.93,Completed
2834,453,8,2,12,2025-01-11,12:54:00,13.21,52,251.21,Completed
2835,697,239,29,27,2025-04-07,17:16:00,9.61,54,170.26,Completed
2836,404,200,9,15,2025-12-24,10:52:00,4.18,19,120.53,Completed
2837,66,19,33,9,2025-07-22,05:17:00,13.03,46,264.94,Completed
2838,405,193,12,18,2025-01-21,10:56:00,5.58,30,151.74,Completed
2839,883,55,19,7,2025-02-08,17:54:00,6.94,26,133.98,Completed
2840,828,180,20,28,2025-08-11,10:43:00,4.93,26,100.9,Completed
2841,575,3,37,36,2025-04-12,01:42:00,3.92,24,111.46,Driver_Cancelled
2842,435,53,31,3,2025-02-15,18:25:00,6.76,28,174.63,Completed
2843,228,44,35,16,2025-03-07,02:03:00,10.18,46,157.37,Completed
2844,476,96,21,36,2025-04-01,17:12:00,6.01,29,138.91,Completed
2845,468,48,13,4,2025-06-13,14:10:00,4.79,26,122.01,Completed
2846,101,54,39,35,2025-04-21,14:45:00,8.46,43,143.07,Completed
2847,423,144,27,9,2025-12-04,01:50:00,2.5,20,88.21,Completed
2848,356,158,25,12,2025-05-03,21:53:00,1.65,14,72.93,No_Show
2849,139,241,2,10,2025-07-12,07:23:00,14.64,62,285.92,Completed
2850,631,92,35,2,2025-04-09,14:21:00,3.43,22,145.64,Completed
2851,569,156,8,19,2025-10-18,09:25:00,8.96,31,155.26,Completed
2852,131,144,33,13,2025-06-08,09:18:00,14.75,63,266.78,Completed
2853,549,233,25,33,2025-04-13,19:29:00,9.09,52,192.21,Completed
2854,468,246,21,1,2025-10-08,19:50:00,5.09,28,124,Completed
2855,480,51,36,28,2025-02-12,05:20:00,8.59,38,143.34,Driver_Cancelled
2856,111,161,13,40,2025-03-25,14:31:00,5.51,24,187.89,Completed
2857,153,153,9,6,2025-07-10,20:41:00,6.57,25,143.4,Cancelled
2858,917,18,35,3,2025-02-20,03:34:00,2.91,23,85.06,Completed
2859,762,126,36,25,2025-07-29,10:48:00,1.68,7,63.79,Completed
2860,242,154,10,16,2025-05-06,20:30:00,6.27,26,117.86,Completed
2861,720,6,5,4,2025-03-10,08:51:00,3.73,23,133.78,Completed
2862,880,166,31,8,2025-09-22,04:50:00,11.27,55,237.73,Driver_Cancelled
2863,682,172,24,39,2025-09-15,22:58:00,8.33,41,142.46,Completed
2864,769,195,32,16,2025-07-07,00:42:00,6.58,38,187.29,Completed
2865,279,171,3,38,2025-08-18,12:53:00,21.69,79,324.4,No_Show
2866,363,134,16,23,2025-07-08,18:59:00,10.06,37,194.65,Cancelled
2867,625,78,20,6,2025-01-10,05:36:00,9.28,46,224.19,Completed
2868,408,192,24,16,2025-04-24,05:33:00,17.84,91,249.15,Driver_Cancelled
2869,175,82,34,16,2025-03-17,10:17:00,4.47,28,124.9,Completed
2870,601,80,23,23,2025-06-13,00:09:00,5.91,33,134.82,Cancelled
2871,135,88,38,16,2025-03-26,01:33:00,4.12,15,90.57,Completed
2872,506,13,2,36,2025-02-18,03:55:00,8.23,38,200.6,Cancelled
2873,294,65,5,12,2025-11-22,02:17:00,25.53,126,425.36,Cancelled
2874,495,166,18,37,2025-06-26,23:48:00,5.95,21,114.36,Completed
2875,815,64,29,9,2025-08-06,04:37:00,7.65,40,161.68,Completed
2876,871,14,10,18,2025-07-08,04:20:00,3.41,18,120.76,Completed
2877,419,145,16,9,2025-12-12,05:50:00,14.82,60,246.11,Completed
2878,206,121,23,21,2025-08-18,05:03:00,19.89,75,406.44,Completed
2879,318,77,30,1,2025-09-12,10:25:00,6.03,24,119.87,Driver_Cancelled
2880,73,13,6,23,2025-08-24,19:23:00,30.4,155,389.65,Completed
2881,259,73,36,5,2025-01-26,09:01:00,2.39,14,160.28,Completed
2882,358,134,20,19,2025-03-13,14:36:00,7.19,27,176.3,Completed
2883,148,6,16,35,2025-09-18,17:20:00,5.94,31,120.59,No_Show
2884,225,121,28,33,2025-09-11,03:11:00,8.64,39,158.15,Completed
2885,105,94,26,18,2025-09-28,05:51:00,13.29,43,240.8,Completed
2886,556,165,22,40,2025-05-03,06:27:00,19.15,70,338.77,Cancelled
2887,928,57,11,14,2025-05-24,03:31:00,5.35,18,129.9,Completed
2888,356,53,1,20,2025-09-14,08:49:00,10.23,33,234.14,Completed
2889,538,46,5,13,2025-05-24,23:04:00,9.39,50,171.67,Completed
2890,816,78,36,16,2025-09-16,22:00:00,14.4,58,268.5,Driver_Cancelled
2891,261,132,2,31,2025-02-16,22:21:00,6.46,31,184.49,Completed
2892,571,34,6,39,2025-12-17,00:35:00,5.16,25,106.91,Completed
2893,573,194,27,35,2025-01-13,22:30:00,5.63,32,175.41,Driver_Cancelled
2894,817,191,26,20,2025-07-27,23:15:00,12.22,40,216.04,Completed
2895,926,189,35,1,2025-11-07,22:05:00,2.8,12,126.83,Completed
2896,913,209,13,40,2025-08-23,01:55:00,5.77,27,112.36,Cancelled
2897,70,42,12,13,2025-05-29,05:37:00,7.76,36,130.3,Completed
2898,954,78,18,7,2025-11-18,09:21:00,10.04,42,244.37,Cancelled
2899,447,64,38,22,2025-06-04,22:43:00,9.79,37,170.28,Completed
2900,957,243,6,7,2025-06-15,10:44:00,4.23,30,103.2,Driver_Cancelled
2901,447,145,28,20,2025-03-31,16:38:00,3.36,15,129.11,Completed
2902,783,189,28,37,2025-07-05,16:15:00,10.65,55,209.05,Completed
2903,257,118,25,36,2025-11-14,17:32:00,5.42,24,124.49,Cancelled
2904,909,30,5,4,2025-12-24,19:09:00,7.66,38,150.97,Completed
2905,944,171,15,6,2025-06-23,08:09:00,4.59,29,132.86,Completed
2906,896,93,9,3,2025-08-05,22:22:00,4.54,20,153.31,No_Show
2907,930,7,2,3,2025-09-21,23:55:00,11.45,61,230.7,Completed
2908,637,201,9,3,2025-04-07,18:37:00,8.9,40,153.39,No_Show
2909,926,174,26,36,2025-04-27,15:08:00,6.95,43,148.99,Completed
2910,531,23,23,9,2025-07-18,13:01:00,8.09,29,171.88,Completed
2911,119,36,28,16,2025-11-16,06:06:00,5.96,27,118.45,Completed
2912,832,142,6,16,2025-01-21,23:01:00,8.41,28,260.16,Completed
2913,66,148,4,12,2025-07-19,03:23:00,6.79,32,143.21,Completed
2914,245,184,30,38,2025-12-07,13:43:00,19.37,81,319.08,Completed
2915,57,116,18,20,2025-09-05,01:10:00,5.74,23,156.66,Cancelled
2916,44,81,30,31,2025-10-03,11:54:00,4.83,23,129.25,Completed
2917,524,160,27,30,2025-09-21,08:12:00,15.54,74,227.15,Completed
2918,890,25,31,21,2025-02-27,03:19:00,7.06,35,165.4,Completed
2919,424,115,39,3,2025-10-29,07:15:00,16.32,59,256.99,Completed
2920,748,94,30,21,2025-01-31,00:44:00,11.62,50,280.83,Completed
2921,536,49,37,28,2025-09-06,11:10:00,4.47,23,130.37,Completed
2922,395,185,12,28,2025-04-03,09:07:00,8.58,46,215.45,Completed
2923,450,27,17,5,2025-09-22,17:04:00,3.71,13,83.37,Completed
2924,257,155,34,7,2025-09-28,04:48:00,18.49,89,397.53,Completed
2925,954,174,28,5,2025-04-04,23:19:00,4.81,32,104.37,Completed
2926,796,95,4,9,2025-06-03,21:51:00,1.57,15,67.89,Completed
2927,836,173,34,21,2025-10-12,21:42:00,4.11,26,122.87,Cancelled
2928,361,154,14,20,2025-03-21,03:14:00,20.91,109,348.39,Completed
2929,763,14,13,38,2025-10-19,15:45:00,10.35,58,279.95,Completed
2930,606,122,3,40,2025-03-25,09:16:00,8.55,39,144.89,Completed
2931,380,48,21,37,2025-12-31,13:41:00,2.58,12,84.9,Completed
2932,443,128,16,17,2025-02-06,02:50:00,21.89,89,316.71,Cancelled
2933,967,85,38,28,2025-12-08,14:31:00,17.01,72,265.22,No_Show
2934,892,92,26,31,2025-11-23,10:12:00,4.08,23,189.94,Completed
2935,534,15,6,33,2025-08-20,13:42:00,2.47,17,93.62,Completed
2936,474,222,18,32,2025-04-03,13:13:00,12.89,74,232.54,Completed
2937,157,217,6,32,2025-12-02,16:21:00,14.7,48,298.27,Completed
2938,89,51,25,23,2025-04-12,03:08:00,10.64,45,267.52,Cancelled
2939,202,54,24,21,2025-06-15,09:27:00,16.86,63,368.66,Completed
2940,980,139,30,25,2025-06-08,10:21:00,9.61,53,164.96,Completed
2941,462,108,23,33,2025-01-14,04:12:00,5.42,26,162.38,Completed
2942,481,75,8,3,2025-08-13,20:33:00,17.74,77,317.05,Completed
2943,709,28,9,6,2025-03-14,04:17:00,5.27,27,150,Completed
2944,557,183,6,28,2025-09-06,05:25:00,8.16,43,173.11,Driver_Cancelled
2945,454,197,33,2,2025-04-01,14:48:00,10.47,51,201.77,Completed
2946,470,220,33,32,2025-08-04,13:03:00,7.73,32,135.35,Completed
2947,380,200,7,26,2025-03-31,20:27:00,18.96,61,388.16,Completed
2948,401,154,18,5,2025-01-29,16:10:00,15.97,72,283.02,Completed
2949,79,128,6,11,2025-11-01,06:16:00,5.46,27,145.94,Completed
2950,551,70,37,10,2025-08-08,00:06:00,18.89,93,315.32,Completed
2951,936,160,21,15,2025-11-24,00:56:00,2.49,16,104.72,Completed
2952,796,176,26,18,2025-08-03,16:07:00,2.42,12,98.42,Completed
2953,386,96,15,14,2025-08-09,23:12:00,34.68,118,645.96,Driver_Cancelled
2954,978,140,30,28,2025-02-11,15:54:00,15.96,62,301.32,Completed
2955,667,198,11,30,2025-05-15,15:49:00,3.9,20,104.31,Cancelled
2956,661,205,8,13,2025-02-11,03:17:00,7.01,39,237.02,Completed
2957,343,103,5,20,2025-06-13,10:34:00,7.01,46,228.04,Completed
2958,903,232,8,2,2025-12-27,04:23:00,14.34,69,212.29,Completed
2959,445,236,5,25,2025-10-10,04:13:00,12.22,49,245.39,Driver_Cancelled
2960,52,189,10,12,2025-02-27,01:17:00,18.16,85,325.88,Completed
2961,251,162,15,25,2025-10-29,14:41:00,5.15,32,169.19,Completed
2962,944,87,38,4,2025-11-18,12:49:00,14.98,79,279.31,Completed
2963,894,105,3,12,2025-01-25,01:03:00,4.77,18,138.93,Completed
2964,659,109,10,7,2025-03-14,10:05:00,10.57,51,184.51,Completed
2965,329,81,7,38,2025-05-09,02:42:00,10.61,45,250.48,Driver_Cancelled
2966,908,45,24,40,2025-03-28,03:33:00,7.72,36,201.47,Completed
2967,494,112,26,32,2025-11-26,05:56:00,4.75,19,123.81,Completed
2968,350,60,34,6,2025-06-02,22:24:00,11.31,48,266.98,Completed
2969,967,193,8,27,2025-07-01,11:32:00,14.76,64,252.53,Completed
2970,770,71,39,35,2025-05-05,18:44:00,28.32,93,394.08,Completed
2971,785,13,5,21,2025-03-08,18:00:00,7.97,39,148.42,Cancelled
2972,459,78,36,20,2025-01-06,10:57:00,7.16,32,131.34,Completed
2973,498,245,26,19,2025-05-05,06:24:00,18.38,68,325.32,Cancelled
2974,125,209,10,33,2025-11-10,16:47:00,17.67,82,318.28,Cancelled
2975,204,222,33,4,2025-11-22,00:16:00,3.02,15,80.17,Completed
2976,768,176,36,19,2025-02-22,19:54:00,15.12,66,217.73,Completed
2977,643,239,31,28,2025-03-07,16:26:00,13.94,73,264.75,Completed
2978,21,125,38,22,2025-11-10,23:36:00,7.5,40,151.04,Driver_Cancelled
2979,590,177,25,24,2025-03-23,09:57:00,9.63,50,179.29,Completed
2980,847,98,13,30,2025-03-28,13:37:00,3.17,22,117.82,Completed
2981,563,91,1,29,2025-01-02,05:19:00,14.78,62,262.37,Completed
2982,362,186,36,10,2025-07-23,15:33:00,12.99,61,249.02,Completed
2983,361,89,36,32,2025-05-30,05:02:00,19.25,84,370.04,Completed
2984,778,236,24,9,2025-10-20,04:09:00,5.14,30,100.91,Completed
2985,116,99,27,25,2025-04-13,15:55:00,5.72,29,127.27,Cancelled
2986,55,73,18,16,2025-01-24,18:33:00,7.79,46,156.28,Cancelled
2987,292,70,15,15,2025-07-31,10:22:00,2.74,19,98.27,Completed
2988,51,189,17,18,2025-03-06,18:11:00,6.57,35,162.15,Completed
2989,842,154,29,23,2025-07-28,14:18:00,18.01,79,345.52,Cancelled
2990,785,230,5,3,2025-09-08,06:42:00,11.12,47,210.05,Completed
2991,254,39,11,7,2025-04-27,18:31:00,2.82,15,102.94,Driver_Cancelled
2992,492,186,16,39,2025-04-26,05:30:00,5.32,18,136.06,Completed
2993,985,27,34,11,2025-08-25,12:01:00,5.07,23,138.96,Completed
2994,573,40,17,24,2025-04-15,23:57:00,21.83,74,467.02,Completed
2995,859,123,33,35,2025-09-16,04:28:00,12.14,46,258.08,Completed
2996,993,31,31,25,2025-02-15,08:51:00,18.03,80,345.26,Cancelled
2997,971,131,18,28,2025-11-07,20:56:00,2.29,12,110.56,Completed
2998,909,216,25,12,2025-11-27,16:38:00,8.11,31,191.98,Completed
2999,961,15,5,23,2025-08-04,06:56:00,5.05,23,127.17,Completed
3000,863,182,30,17,2025-10-28,14:20:00,5.67,26,154.98,Cancelled
3001,225,70,23,37,2025-11-29,10:16:00,6.85,34,147.1,Completed
3002,469,11,38,18,2025-01-24,09:34:00,7.32,37,160.33,Cancelled
3003,848,30,18,9,2025-02-04,08:01:00,6.59,30,118.3,Completed
3004,103,35,32,35,2025-01-24,04:56:00,3.29,14,108.03,Completed
3005,983,112,30,36,2025-01-28,23:17:00,22.13,76,304.96,Completed
3006,970,230,29,18,2025-01-16,13:06:00,9.05,45,172.63,Completed
3007,48,43,36,20,2025-02-28,16:27:00,26.47,90,401.31,Completed
3008,737,189,9,21,2025-08-31,13:45:00,17.26,66,319.72,Completed
3009,342,168,23,20,2025-07-26,08:04:00,5.79,28,120.89,Completed
3010,233,93,3,6,2025-09-28,00:33:00,17.2,83,239.91,Completed
3011,582,215,22,9,2025-09-06,04:26:00,3.62,19,85.79,Completed
3012,559,170,40,29,2025-09-24,19:18:00,5.83,34,152.55,Completed
3013,228,170,31,29,2025-07-12,18:27:00,7.06,38,123.05,Completed
3014,522,119,22,13,2025-12-01,23:55:00,8.52,44,204.88,Completed
3015,697,3,11,36,2025-08-06,22:33:00,6.04,28,155,Completed
3016,592,90,3,27,2025-04-25,14:04:00,7.82,22,135.1,No_Show
3017,13,78,14,6,2025-03-09,12:36:00,10.26,46,229.5,Cancelled
3018,499,83,19,39,2025-10-26,07:29:00,8.07,28,185.15,Completed
3019,445,85,31,32,2025-11-21,10:23:00,7.24,28,199.69,Completed
3020,826,124,36,28,2025-03-16,15:36:00,15.74,73,246.6,Driver_Cancelled
3021,340,149,32,1,2025-04-13,22:18:00,17,83,225.53,Completed
3022,324,201,26,31,2025-10-24,17:18:00,11.49,59,166.87,Completed
3023,596,77,1,30,2025-06-27,20:19:00,4.7,20,172.17,Cancelled
3024,598,105,2,18,2025-08-03,17:50:00,3.65,21,145.28,Completed
3025,157,250,6,29,2025-11-11,19:48:00,8.41,40,226.78,Completed
3026,656,53,14,38,2025-02-08,17:31:00,5.41,32,125.72,No_Show
3027,575,44,28,23,2025-09-16,06:56:00,10.34,57,216.32,Completed
3028,431,46,33,22,2025-07-23,12:12:00,4.2,26,117.72,Completed
3029,555,37,25,2,2025-01-07,19:27:00,17.22,69,276.22,Completed
3030,407,38,40,5,2025-02-18,05:39:00,22.78,94,443.55,Completed
3031,158,109,18,15,2025-01-26,03:18:00,8.65,42,155.21,Completed
3032,185,109,34,32,2025-06-10,04:16:00,7.05,31,141.01,Completed
3033,798,88,12,6,2025-12-23,01:23:00,24.35,88,479.24,Completed
3034,491,166,27,14,2025-06-25,05:15:00,13.08,55,213.17,Driver_Cancelled
3035,835,238,24,24,2025-03-20,18:43:00,21.3,98,376.69,Completed
3036,952,11,33,21,2025-01-02,14:16:00,8.4,28,160.18,Completed
3037,536,93,15,14,2025-05-12,01:02:00,4.78,18,104.28,Completed
3038,357,173,32,12,2025-10-03,20:58:00,8.68,38,198.88,Completed
3039,717,64,17,4,2025-04-27,03:17:00,15.78,63,298.81,Completed
3040,362,172,35,21,2025-06-13,08:13:00,12.89,58,319.66,Driver_Cancelled
3041,224,126,35,17,2025-10-15,19:42:00,7.61,37,173.39,Cancelled
3042,613,112,13,29,2025-01-28,16:02:00,3.78,20,122.59,Completed
3043,204,230,9,16,2025-11-29,22:24:00,7.16,39,180.14,Completed
3044,8,105,10,18,2025-01-01,09:43:00,3.82,14,120.07,Completed
3045,472,209,1,38,2025-07-07,14:06:00,24.21,101,427.37,Completed
3046,172,62,34,11,2025-02-25,16:38:00,1.9,9,85.17,Completed
3047,720,244,37,32,2025-02-04,04:24:00,5.14,21,145.16,Driver_Cancelled
3048,96,240,25,28,2025-04-22,13:56:00,7.05,32,170.6,Completed
3049,674,218,22,16,2025-10-13,20:49:00,12.42,45,273,Completed
3050,803,61,10,34,2025-11-06,05:16:00,10.05,46,184.35,Completed
3051,608,90,26,30,2025-02-05,02:11:00,2.47,12,87.03,Completed
3052,306,12,19,38,2025-08-05,05:54:00,5.6,25,198.86,Completed
3053,657,210,40,22,2025-03-21,11:06:00,6.5,35,164.34,Completed
3054,258,137,4,5,2025-11-10,23:27:00,6.53,33,163.35,Completed
3055,474,195,40,9,2025-03-24,02:55:00,9.67,37,215.92,Completed
3056,950,74,5,13,2025-03-06,18:33:00,18.7,97,365.24,Completed
3057,300,107,29,39,2025-11-21,09:48:00,3.13,17,122.04,Completed
3058,465,130,38,23,2025-05-08,09:50:00,9.4,30,171.11,Completed
3059,614,136,5,27,2025-11-03,01:26:00,3.73,17,98.13,Driver_Cancelled
3060,689,116,1,32,2025-01-22,03:26:00,14.63,49,295.88,Completed
3061,898,43,28,31,2025-08-04,12:59:00,11.19,40,198.39,Completed
3062,328,146,19,33,2025-04-17,21:34:00,2.53,15,89.74,Completed
3063,110,180,36,26,2025-04-19,15:47:00,13.98,71,286.13,Completed
3064,710,39,1,18,2025-12-23,00:59:00,9.21,39,173.82,Completed
3065,905,31,29,12,2025-06-30,04:57:00,2.71,15,95.82,Completed
3066,129,142,36,3,2025-12-22,04:04:00,7.83,50,214.17,Completed
3067,965,64,32,5,2025-06-13,12:07:00,11.14,40,174.86,Completed
3068,871,103,14,14,2025-03-09,11:13:00,37.47,150,554.87,Completed
3069,137,97,32,12,2025-10-19,15:45:00,4.09,22,116.52,Completed
3070,910,221,9,4,2025-06-29,19:16:00,2.31,8,78.35,Cancelled
3071,539,44,19,16,2025-06-30,05:34:00,5.59,27,144.9,Completed
3072,649,188,11,11,2025-06-18,15:46:00,10.06,46,166.72,Completed
3073,164,97,4,36,2025-01-22,22:21:00,10.09,49,227.44,Completed
3074,349,227,25,38,2025-03-07,01:11:00,8.54,48,189.66,Completed
3075,980,2,17,2,2025-01-21,11:03:00,8.34,35,197.81,Completed
3076,463,227,8,13,2025-04-10,14:11:00,7.52,39,173.04,Driver_Cancelled
3077,868,160,1,8,2025-10-27,11:25:00,7.11,28,128.45,No_Show
3078,643,36,2,21,2025-04-13,02:56:00,19.44,78,352.51,Completed
3079,504,238,10,26,2025-02-16,04:33:00,4.5,19,150.15,Completed
3080,885,55,27,38,2025-02-08,23:34:00,6,36,190.92,Completed
3081,151,114,27,35,2025-10-12,09:28:00,3.1,22,111.76,Completed
3082,890,87,13,15,2025-11-06,12:30:00,10.45,41,252.69,Completed
3083,246,191,11,40,2025-03-31,18:01:00,15.46,87,211.61,Cancelled
3084,110,69,14,30,2025-03-26,10:33:00,8.75,45,147.83,Completed
3085,585,111,32,2,2025-09-30,11:26:00,20.09,103,335.04,Completed
3086,798,80,16,16,2025-12-02,12:12:00,7.79,41,173.5,Completed
3087,275,40,29,13,2025-07-07,16:12:00,3.03,13,96.59,Completed
3088,870,24,38,1,2025-06-08,09:41:00,11.74,57,265.29,Completed
3089,67,117,34,28,2025-08-31,07:19:00,2.29,18,121.23,Completed
3090,50,186,26,1,2025-03-14,10:43:00,4.86,22,183.77,Completed
3091,816,104,5,40,2025-02-18,19:02:00,7.27,36,135.34,Completed
3092,515,156,19,34,2025-04-11,22:55:00,4.63,21,124.97,Completed
3093,226,62,39,13,2025-01-02,02:53:00,30.62,125,385.45,Completed
3094,578,153,28,2,2025-09-01,16:16:00,8.59,35,164.71,Completed
3095,506,7,28,4,2025-06-25,08:15:00,8.37,34,203.74,Completed
3096,155,38,17,25,2025-08-26,12:37:00,11.29,55,184.88,Completed
3097,983,199,37,34,2025-02-28,12:18:00,4.48,23,146.03,Completed
3098,874,119,19,13,2025-12-19,20:02:00,12.2,55,262.53,Completed
3099,480,243,27,36,2025-04-09,16:35:00,13.94,65,235.51,Completed
3100,111,86,12,32,2025-12-25,22:07:00,11.46,65,252.77,Completed
3101,483,86,3,21,2025-01-02,07:38:00,31.67,116,399.31,Completed
3102,808,91,4,26,2025-08-31,17:28:00,5.69,21,182.36,Completed
3103,893,121,11,15,2025-10-24,02:02:00,7.75,30,170.96,No_Show
3104,768,97,34,29,2025-07-30,11:32:00,3.03,13,129.47,Completed
3105,274,173,18,26,2025-05-03,09:21:00,7.17,35,141.65,Completed
3106,155,160,35,21,2025-08-17,20:47:00,8.11,44,189.03,Completed
3107,651,103,18,12,2025-03-23,10:45:00,10.58,54,178.12,Completed
3108,167,160,6,12,2025-05-24,03:32:00,8.22,32,173.5,Completed
3109,19,1,34,5,2025-05-20,09:15:00,4.47,22,115.18,Completed
3110,345,202,33,26,2025-01-29,10:36:00,11.33,46,256.99,Completed
3111,903,45,8,32,2025-09-27,00:28:00,10.28,32,186.81,Completed
3112,735,64,20,2,2025-09-04,09:15:00,7.35,37,131.78,Completed
3113,569,196,20,8,2025-01-12,17:03:00,5.92,25,156.11,Cancelled
3114,898,221,18,27,2025-12-21,13:37:00,4.84,22,103.77,Completed
3115,294,135,27,37,2025-12-03,23:49:00,18.2,65,337.16,Completed
3116,645,166,5,8,2025-04-16,01:49:00,13.47,67,232.42,Driver_Cancelled
3117,462,70,7,24,2025-02-01,22:27:00,13.14,55,229.54,Cancelled
3118,338,181,22,13,2025-03-15,09:04:00,8.08,40,147.08,Completed
3119,804,75,34,29,2025-06-20,01:00:00,15.16,56,323.4,Completed
3120,452,247,13,13,2025-12-03,19:43:00,9.53,35,193.12,Completed
3121,344,73,32,23,2025-03-10,09:18:00,7.89,33,159.41,Completed
3122,717,158,24,15,2025-10-28,11:45:00,4.77,28,128.06,No_Show
3123,631,150,16,24,2025-12-28,07:57:00,8.19,34,142.37,Completed
3124,765,186,14,23,2025-05-17,22:28:00,1.69,13,83.5,Completed
3125,85,231,39,10,2025-04-10,04:05:00,14.83,50,272.2,Driver_Cancelled
3126,697,73,7,38,2025-05-26,23:14:00,4.35,16,119.93,Completed
3127,737,55,12,5,2025-01-09,02:47:00,5.1,22,107.29,Completed
3128,660,230,20,5,2025-03-03,06:00:00,6.42,29,184.13,Driver_Cancelled
3129,389,243,33,31,2025-07-04,07:58:00,4.8,26,155.33,Cancelled
3130,792,46,6,40,2025-01-29,01:31:00,10.87,48,169.87,Cancelled
3131,227,97,40,1,2025-04-24,09:10:00,16.26,73,253.28,Completed
3132,286,154,27,2,2025-05-23,19:17:00,16.88,87,296.3,Cancelled
3133,284,192,13,29,2025-04-30,23:17:00,7.16,37,160.86,Completed
3134,693,208,5,7,2025-06-19,08:13:00,5.31,30,156.18,Completed
3135,947,137,24,29,2025-06-06,17:25:00,15.58,51,211.06,No_Show
3136,109,215,10,9,2025-12-01,13:08:00,3.77,21,171.18,Completed
3137,135,15,32,36,2025-12-15,18:54:00,14.25,68,221.93,Cancelled
3138,938,147,9,7,2025-09-17,01:01:00,11.18,58,264.17,Completed
3139,291,234,35,28,2025-03-23,20:28:00,10.66,56,183.41,Completed
3140,887,144,12,10,2025-08-30,08:16:00,5.43,24,112.99,Completed
3141,990,25,11,16,2025-06-21,10:28:00,13.44,48,302.6,Completed
3142,802,99,36,10,2025-08-19,13:48:00,8.56,46,207.57,Completed
3143,615,179,8,39,2025-07-27,20:58:00,13.76,71,251.05,Completed
3144,713,77,10,26,2025-03-16,22:24:00,2.82,18,105.46,Driver_Cancelled
3145,508,174,14,34,2025-09-27,08:29:00,1.97,14,70.11,Completed
3146,629,7,30,34,2025-04-24,16:52:00,26.55,93,584.12,Completed
3147,844,34,1,40,2025-03-03,10:07:00,2.7,13,119.63,Completed
3148,822,58,12,14,2025-12-28,02:52:00,18.01,60,310.1,Driver_Cancelled
3149,29,78,5,18,2025-11-16,03:33:00,12.65,44,198.65,Completed
3150,394,23,14,1,2025-04-12,04:10:00,13.54,61,350.63,Completed
3151,27,151,36,17,2025-12-28,22:31:00,2.21,15,79.92,Completed
3152,467,145,17,22,2025-07-29,10:59:00,11.77,46,290.1,Completed
3153,13,141,22,37,2025-09-12,12:32:00,8.36,35,174.91,Completed
3154,554,122,31,16,2025-01-20,08:47:00,3.79,29,103.29,Completed
3155,933,27,26,7,2025-02-27,23:27:00,5.68,24,125.82,Completed
3156,445,66,13,15,2025-04-22,08:54:00,7.48,42,177.45,No_Show
3157,224,101,3,21,2025-11-09,23:38:00,6.94,34,157.87,Cancelled
3158,463,158,11,2,2025-07-15,06:56:00,22.31,106,370.33,Completed
3159,21,132,5,25,2025-12-19,05:53:00,6.65,39,159.53,Completed
3160,387,94,38,9,2025-04-02,06:21:00,16.54,72,329.03,Cancelled
3161,648,67,4,20,2025-02-21,10:48:00,10.24,47,271.37,Completed
3162,326,250,32,10,2025-10-20,12:10:00,2.63,17,115.44,Completed
3163,733,142,10,21,2025-01-08,00:33:00,3.59,22,90.25,Completed
3164,467,11,10,4,2025-10-27,03:02:00,2.91,20,83.11,Completed
3165,657,40,18,30,2025-04-08,04:11:00,10.16,51,249.42,Cancelled
3166,522,215,23,34,2025-08-24,20:11:00,11.76,61,229.51,Completed
3167,225,233,18,30,2025-03-10,23:31:00,5.52,25,150.84,Completed
3168,653,240,35,14,2025-02-14,04:48:00,12.87,54,232.75,Completed
3169,475,224,3,22,2025-05-17,04:41:00,10.11,56,207.17,Completed
3170,618,131,1,1,2025-08-22,20:04:00,14.14,56,248.37,Completed
3171,780,234,17,8,2025-02-01,11:44:00,10.32,43,175.84,Completed
3172,706,1,6,11,2025-10-16,07:09:00,12.26,53,187.84,Driver_Cancelled
3173,458,9,11,1,2025-05-06,23:39:00,6,27,188.53,No_Show
3174,640,112,14,5,2025-03-08,06:53:00,8.67,37,166.7,No_Show
3175,213,73,28,10,2025-01-30,06:07:00,5.07,26,142.88,Cancelled
3176,663,124,39,39,2025-04-24,08:07:00,22.71,112,385.45,Completed
3177,961,76,36,13,2025-07-23,22:24:00,12.52,60,197.33,Completed
3178,481,129,11,21,2025-01-29,15:13:00,9.93,48,222.01,Completed
3179,896,144,40,36,2025-05-11,23:39:00,2.93,20,81.73,Completed
3180,180,94,4,33,2025-07-04,21:20:00,16.19,54,279.68,No_Show
3181,829,72,6,28,2025-09-10,12:05:00,18.13,85,403.38,Cancelled
3182,538,238,38,9,2025-10-13,12:37:00,3.84,19,135.37,Completed
3183,527,46,19,11,2025-03-03,16:40:00,8.15,34,171.16,Completed
3184,22,138,31,40,2025-01-03,02:30:00,9.35,45,149.26,Driver_Cancelled
3185,345,161,2,29,2025-03-09,00:21:00,4.44,27,89.53,Cancelled
3186,577,102,25,7,2025-01-25,04:34:00,6.31,27,142.1,Completed
3187,763,41,11,27,2025-06-28,08:51:00,5.8,33,138.38,Cancelled
3188,922,179,40,22,2025-05-21,10:57:00,15.64,69,330.87,Completed
3189,21,22,21,31,2025-08-19,11:18:00,20.94,90,337.06,Completed
3190,745,144,3,30,2025-10-27,11:39:00,7.4,37,133.66,Completed
3191,408,83,2,28,2025-06-12,05:38:00,11.42,60,223.2,Completed
3192,487,203,11,20,2025-11-07,11:12:00,2.61,17,165.5,Completed
3193,528,190,24,15,2025-05-10,02:55:00,17.71,59,306.41,Completed
3194,416,181,24,15,2025-09-03,08:21:00,11.72,49,255.92,No_Show
3195,272,75,21,12,2025-10-24,07:42:00,9.32,47,216.03,Completed
3196,205,14,25,17,2025-06-21,21:46:00,7.96,34,178.99,Completed
3197,298,231,4,23,2025-03-05,15:18:00,5.07,29,210.62,Completed
3198,672,187,40,6,2025-01-31,22:20:00,15.65,84,349.23,Completed
3199,946,154,23,16,2025-02-16,16:02:00,12.2,49,219.71,Completed
3200,553,172,24,27,2025-05-10,15:09:00,14.11,48,248.74,Completed
3201,108,148,21,23,2025-12-18,07:44:00,9,50,191.75,Completed
3202,637,212,2,1,2025-11-29,08:04:00,17.08,79,321.8,Completed
3203,152,247,23,7,2025-04-20,17:24:00,5.33,19,141.72,Completed
3204,13,133,15,39,2025-03-10,20:45:00,19.78,85,300.27,Completed
3205,715,193,26,40,2025-02-27,21:36:00,16.44,60,311.09,Cancelled
3206,79,11,26,40,2025-04-16,04:05:00,10.18,39,186.88,Completed
3207,906,47,28,39,2025-10-27,12:54:00,4.44,18,107.2,Completed
3208,554,10,26,18,2025-11-26,22:28:00,15.99,64,277.13,Completed
3209,169,61,2,36,2025-09-13,14:11:00,5.16,26,135.93,Completed
3210,249,111,35,22,2025-11-08,06:00:00,7.15,27,133.92,Completed
3211,121,220,32,2,2025-06-20,13:07:00,3.44,22,98.44,No_Show
3212,387,45,30,26,2025-06-11,06:01:00,4.5,30,118.77,Cancelled
3213,439,47,20,32,2025-10-13,07:07:00,9.57,51,255.62,Completed
3214,272,162,13,23,2025-03-12,18:42:00,20.88,103,419.11,Completed
3215,300,118,27,40,2025-09-12,06:03:00,11.11,55,247.53,Completed
3216,721,141,23,18,2025-02-24,02:48:00,11.51,58,202.25,Completed
3217,473,236,16,19,2025-11-19,10:12:00,10.91,48,240.47,Completed
3218,158,217,31,24,2025-01-03,16:54:00,12.24,42,237.14,Completed
3219,633,23,12,4,2025-01-26,19:28:00,13.06,58,242.06,Cancelled
3220,227,36,33,2,2025-11-09,08:40:00,15.76,69,265.62,Completed
3221,421,191,38,30,2025-05-06,14:40:00,18.54,82,341.03,Cancelled
3222,956,76,32,38,2025-02-22,04:35:00,5.98,28,162.24,Cancelled
3223,973,175,2,31,2025-07-17,21:14:00,15.13,78,215.19,Driver_Cancelled
3224,24,109,23,40,2025-10-26,00:59:00,21.1,109,374.83,Completed
3225,742,194,32,16,2025-07-07,03:07:00,6.53,23,137.06,Completed
3226,538,84,15,33,2025-07-05,23:06:00,4.8,28,104.46,Cancelled
3227,570,80,40,3,2025-11-01,03:51:00,16.31,87,225.88,Completed
3228,777,14,40,18,2025-10-25,05:23:00,20.16,84,303.76,No_Show
3229,638,181,8,10,2025-07-23,12:16:00,7.03,38,145.3,Completed
3230,957,66,22,2,2025-01-11,04:56:00,18.42,77,341.31,Completed
3231,787,177,38,30,2025-12-25,16:30:00,18.29,80,318.95,Completed
3232,540,16,34,30,2025-12-20,18:27:00,7.66,31,213.38,Completed
3233,903,196,1,25,2025-05-26,17:19:00,5.67,24,134.28,Completed
3234,813,43,10,24,2025-03-26,22:16:00,6.12,36,116.45,Completed
3235,982,205,40,35,2025-04-10,10:44:00,9.7,43,212.29,Completed
3236,128,102,16,10,2025-04-14,20:11:00,5.3,24,138.62,Completed
3237,94,113,24,30,2025-02-15,22:11:00,4.3,24,134.24,Completed
3238,703,193,24,26,2025-02-13,13:56:00,5.79,27,146.94,Completed
3239,421,9,14,35,2025-10-05,08:01:00,15.33,63,325.29,Completed
3240,272,149,26,24,2025-06-30,21:49:00,8.26,46,162.41,Completed
3241,484,82,39,20,2025-07-06,20:43:00,5.1,26,146.68,Completed
3242,5,235,18,39,2025-04-24,08:26:00,9.86,55,165.55,Cancelled
3243,157,224,20,40,2025-09-12,00:17:00,10.74,52,212.9,Cancelled
3244,52,110,36,35,2025-01-30,04:55:00,3.91,22,89.5,No_Show
3245,243,98,24,39,2025-09-21,14:53:00,1.71,9,88.64,Completed
3246,663,84,26,10,2025-04-08,19:07:00,2.65,10,120.76,Driver_Cancelled
3247,774,43,29,27,2025-11-09,05:27:00,6.39,21,140.1,Cancelled
3248,420,66,22,15,2025-11-25,21:34:00,18.14,79,254.36,Driver_Cancelled
3249,953,132,11,15,2025-04-25,10:24:00,21.38,70,454.88,Completed
3250,929,123,11,37,2025-10-03,00:13:00,2.43,19,111.78,No_Show
3251,817,109,3,35,2025-10-08,10:34:00,11.61,49,254.28,Completed
3252,425,102,21,3,2025-10-02,08:35:00,5.1,23,127.92,Cancelled
3253,80,135,11,29,2025-09-18,16:33:00,5.59,21,142,Completed
3254,695,86,8,4,2025-11-27,20:45:00,6.85,37,168.31,Completed
3255,354,84,31,16,2025-07-26,03:17:00,6.12,38,171.09,Completed
3256,619,186,10,5,2025-11-24,05:40:00,5.42,31,145.41,Completed
3257,666,227,6,21,2025-07-30,08:01:00,14,66,277.54,Completed
3258,293,4,17,40,2025-08-03,23:21:00,8.46,35,158.26,Cancelled
3259,717,124,38,21,2025-02-09,18:36:00,6.87,33,177.73,Completed
3260,116,245,7,2,2025-01-26,10:57:00,5.48,32,161.93,Completed
3261,529,20,32,14,2025-01-27,05:02:00,15.05,77,245.55,Completed
3262,480,35,13,5,2025-07-09,18:57:00,4.57,22,118.09,Completed
3263,288,97,6,7,2025-03-24,22:46:00,4.57,25,169.65,Completed
3264,668,243,3,11,2025-06-19,18:37:00,7.2,39,146.37,Completed
3265,477,187,27,35,2025-06-16,14:47:00,15.79,61,324.41,Completed
3266,25,213,26,30,2025-07-07,18:02:00,20.22,98,320.39,Completed
3267,431,173,4,1,2025-06-18,03:08:00,7.84,30,163.96,Completed
3268,278,14,37,16,2025-10-16,10:53:00,4.8,22,119.95,Completed
3269,987,223,21,1,2025-08-17,06:20:00,21.63,90,360.07,Completed
3270,317,150,28,22,2025-04-07,10:38:00,26.82,134,413.88,No_Show
3271,638,48,18,13,2025-01-16,05:21:00,10.87,41,238.45,Completed
3272,812,158,32,27,2025-10-06,10:27:00,18.15,96,377.16,Completed
3273,358,29,39,15,2025-05-15,07:10:00,5.59,35,146.32,Completed
3274,276,36,33,17,2025-01-26,18:56:00,4.87,22,143.58,Completed
3275,877,241,26,9,2025-12-18,17:12:00,9.02,40,194.64,Completed
3276,690,42,17,5,2025-01-12,01:38:00,8.36,37,169.1,Completed
3277,344,29,29,23,2025-03-13,04:16:00,22.67,110,434.82,Completed
3278,431,135,20,11,2025-05-13,14:27:00,6.75,30,122.06,Completed
3279,559,160,30,24,2025-04-16,11:31:00,7.79,36,169.85,Completed
3280,712,141,5,8,2025-08-08,00:03:00,12.86,43,255.65,Completed
3281,563,249,6,34,2025-06-26,14:20:00,12.27,43,177.44,No_Show
3282,439,141,10,31,2025-10-09,14:42:00,3.74,24,109.08,Completed
3283,462,182,6,22,2025-05-13,19:49:00,15.24,62,282.1,Completed
3284,807,142,10,14,2025-01-22,08:19:00,5.42,26,132.64,No_Show
3285,270,134,21,5,2025-09-26,16:16:00,20.01,70,352.95,Cancelled
3286,709,144,4,17,2025-06-10,00:29:00,10.41,40,239.3,Completed
3287,431,41,13,18,2025-04-17,20:40:00,8.54,44,180.43,Completed
3288,21,180,10,19,2025-10-06,13:51:00,23.38,101,441.81,Completed
3289,143,112,16,7,2025-12-19,00:08:00,4.3,25,130.6,Completed
3290,760,85,19,26,2025-08-23,14:50:00,3.56,18,173.24,Completed
3291,868,245,6,25,2025-01-18,22:20:00,18.15,69,291.09,Completed
3292,353,108,26,18,2025-08-30,18:05:00,16.05,78,281.63,Completed
3293,465,144,9,15,2025-04-27,05:31:00,24.92,87,459.33,Completed
3294,468,5,10,29,2025-10-13,11:52:00,16.95,74,286.25,Completed
3295,513,152,40,1,2025-10-09,10:33:00,9.77,37,188.07,Completed
3296,464,171,3,4,2025-05-24,22:57:00,5.55,26,152.45,Completed
3297,877,193,19,9,2025-07-24,12:55:00,12.21,58,278.92,Completed
3298,850,10,35,36,2025-02-08,19:00:00,6.51,25,125.65,Completed
3299,394,235,6,32,2025-06-03,00:32:00,3.05,19,122.23,Completed
3300,919,239,29,24,2025-06-25,09:30:00,4.81,25,175.62,No_Show
3301,786,250,19,37,2025-08-29,07:19:00,5.27,30,206.57,Completed
3302,753,187,15,18,2025-05-14,09:07:00,11.42,42,221.89,Completed
3303,58,35,38,15,2025-02-15,16:45:00,2.9,16,84.67,Cancelled
3304,126,31,21,20,2025-02-19,12:37:00,3.25,15,111.77,Completed
3305,841,120,39,40,2025-06-15,08:55:00,5.98,26,167.8,Cancelled
3306,878,79,23,2,2025-04-16,12:45:00,4.98,25,144,Completed
3307,990,139,20,25,2025-08-04,19:30:00,9.81,41,230.28,Completed
3308,461,9,2,13,2025-05-26,14:09:00,6.68,27,145.38,Completed
3309,52,194,32,27,2025-03-13,20:37:00,6.95,33,176.96,Completed
3310,735,44,28,13,2025-11-26,08:29:00,13.91,48,294.76,Completed
3311,814,116,4,28,2025-09-30,12:25:00,15.35,81,293.44,Driver_Cancelled
3312,875,222,7,15,2025-09-04,20:10:00,5.39,15,131.67,Completed
3313,269,144,3,29,2025-07-05,12:21:00,11.54,55,242.51,Completed
3314,96,120,25,21,2025-03-11,12:13:00,4.57,24,100.6,Cancelled
3315,273,176,9,31,2025-05-30,11:20:00,13.63,75,256.88,Completed
3316,323,53,23,23,2025-09-03,15:24:00,4.16,24,123.25,Completed
3317,573,65,23,37,2025-09-19,14:22:00,16.16,53,223.16,Completed
3318,833,176,26,3,2025-01-26,20:59:00,2.12,13,68.82,Cancelled
3319,693,70,40,35,2025-05-20,04:33:00,4.34,19,102.34,Completed
3320,133,46,18,14,2025-04-09,02:59:00,5.91,32,130.05,Completed
3321,928,121,24,2,2025-10-05,03:17:00,6.79,38,164.41,Driver_Cancelled
3322,89,121,27,13,2025-02-20,16:18:00,3.72,23,143.35,Completed
3323,685,203,2,2,2025-05-31,22:09:00,5.6,32,133.88,Completed
3324,824,33,1,12,2025-04-14,07:24:00,7.27,41,154.46,Completed
3325,5,180,16,27,2025-03-30,03:53:00,2.16,18,124.54,Completed
3326,357,81,24,34,2025-05-21,13:22:00,10.19,38,196.96,Completed
3327,343,55,36,40,2025-08-01,10:15:00,10.32,43,209.14,No_Show
3328,204,179,11,5,2025-08-21,19:32:00,15.95,66,350.5,Completed
3329,674,98,26,25,2025-07-02,08:50:00,32.35,126,478.41,Completed
3330,573,110,6,11,2025-09-08,00:30:00,4.32,22,117.8,Completed
3331,471,168,26,13,2025-01-09,10:38:00,17.82,74,356.68,Completed
3332,464,153,29,28,2025-03-20,03:14:00,3.31,21,142.46,Completed
3333,497,191,1,21,2025-02-21,23:12:00,6.94,33,178.33,Driver_Cancelled
3334,702,247,9,26,2025-09-26,19:29:00,10.54,56,180.86,Completed
3335,837,150,27,27,2025-08-14,08:27:00,10.49,44,162.5,Completed
3336,63,218,7,26,2025-02-20,15:05:00,15.49,62,356.78,Completed
3337,556,125,3,15,2025-07-05,21:26:00,6.39,37,120.48,Completed
3338,239,91,9,6,2025-02-03,18:40:00,8.93,49,186.31,Completed
3339,540,38,2,4,2025-10-18,01:12:00,9.48,40,205.18,Cancelled
3340,198,137,10,4,2025-08-18,07:15:00,19.71,84,323.86,Completed
3341,781,37,17,30,2025-05-11,20:05:00,8.26,38,153.13,Driver_Cancelled
3342,683,5,31,13,2025-04-30,10:50:00,6.25,27,126.91,Completed
3343,30,82,1,9,2025-11-22,12:46:00,14.15,72,262.81,Completed
3344,666,150,18,14,2025-09-04,19:39:00,8.23,34,150.64,Completed
3345,209,110,6,28,2025-07-11,14:42:00,15.85,66,255.13,Completed
3346,63,140,38,40,2025-11-19,15:08:00,15.83,70,300.87,No_Show
3347,841,60,4,3,2025-07-29,04:01:00,2.46,8,107.77,Completed
3348,57,172,40,29,2025-04-13,15:01:00,30.49,133,533.34,Completed
3349,832,150,4,33,2025-11-25,03:36:00,3.47,21,93.59,Cancelled
3350,720,6,35,15,2025-05-13,05:58:00,9.4,41,198.19,Completed
3351,433,228,4,39,2025-11-19,07:37:00,5.45,29,118.92,Cancelled
3352,308,27,1,15,2025-05-19,03:22:00,5.21,22,141.68,Completed
3353,575,239,31,7,2025-05-01,08:06:00,4.09,19,92.54,Completed
3354,760,55,19,12,2025-04-04,04:04:00,14.61,57,336.41,Driver_Cancelled
3355,466,143,21,39,2025-05-09,19:10:00,6.55,28,182.39,Completed
3356,653,64,30,7,2025-04-01,17:24:00,17.4,75,264.54,Cancelled
3357,605,249,7,6,2025-04-02,15:02:00,6.41,32,119.73,Completed
3358,107,17,5,26,2025-03-04,22:33:00,6.32,39,115.4,Cancelled
3359,877,3,2,9,2025-01-29,03:32:00,4.45,23,165.85,Completed
3360,600,10,3,24,2025-07-29,06:56:00,7.64,39,178.8,Completed
3361,301,191,15,30,2025-01-12,13:20:00,2.14,16,105.42,Driver_Cancelled
3362,620,63,39,16,2025-11-29,07:50:00,17.02,67,341.08,Completed
3363,46,89,37,27,2025-10-24,08:33:00,10.57,52,242.02,Completed
3364,77,190,10,33,2025-05-10,03:53:00,8.41,49,185.54,Cancelled
3365,729,85,9,23,2025-10-20,09:33:00,2.25,12,113.3,Completed
3366,169,246,23,19,2025-06-22,02:18:00,4.67,27,130.66,Driver_Cancelled
3367,814,104,14,36,2025-07-27,10:28:00,1.86,15,66.26,Completed
3368,129,137,33,19,2025-01-24,14:26:00,3.7,25,112.47,Completed
3369,713,152,16,22,2025-04-09,14:19:00,7.85,33,142.09,Completed
3370,708,32,20,33,2025-12-22,17:41:00,10.94,43,205.49,Completed
3371,860,3,8,10,2025-05-19,01:34:00,4.63,29,135.91,Completed
3372,268,250,38,32,2025-11-10,23:41:00,4.21,20,165.53,Completed
3373,600,161,34,15,2025-06-23,08:30:00,12.95,58,229.92,Completed
3374,765,171,31,39,2025-01-29,13:11:00,8.7,35,161.17,Completed
3375,750,109,8,8,2025-05-23,05:35:00,13.94,65,258.41,Completed
3376,585,140,25,25,2025-11-12,19:42:00,19.36,78,384.17,Cancelled
3377,419,93,13,18,2025-12-17,04:43:00,9.99,37,163.93,Completed
3378,870,213,18,15,2025-02-11,04:49:00,5.86,33,131.53,Completed
3379,867,103,34,26,2025-10-26,04:12:00,7,34,235.8,Driver_Cancelled
3380,161,226,36,21,2025-07-27,00:56:00,7.52,28,152.08,Completed
3381,58,97,17,22,2025-11-26,14:40:00,6.88,37,163.17,No_Show
3382,384,160,12,34,2025-07-11,09:32:00,10.64,36,219.74,Completed
3383,885,148,16,37,2025-06-09,03:13:00,8.56,36,158.03,Completed
3384,803,195,13,37,2025-03-05,01:16:00,4.31,24,140.25,Completed
3385,510,68,11,14,2025-08-31,13:39:00,3.37,23,83.84,Completed
3386,430,145,14,4,2025-09-15,05:15:00,7.82,31,131.13,Completed
3387,340,242,28,24,2025-06-01,13:10:00,1.68,10,114.36,Cancelled
3388,578,209,24,2,2025-08-03,10:36:00,16.09,64,262.63,Completed
3389,940,147,17,1,2025-11-18,00:11:00,5.31,25,120.92,Completed
3390,26,132,9,2,2025-06-15,17:46:00,21.41,113,384.92,Completed
3391,810,93,30,13,2025-01-31,02:11:00,17.93,76,340.91,Completed
3392,589,17,37,27,2025-08-20,12:10:00,18.2,69,308.83,Completed
3393,798,192,3,17,2025-10-09,10:23:00,5.97,31,152.34,Driver_Cancelled
3394,372,22,8,17,2025-01-29,04:30:00,3.52,22,101.99,Completed
3395,928,194,18,5,2025-07-14,04:52:00,10.43,50,200.92,Completed
3396,36,170,30,24,2025-11-30,05:30:00,12.06,49,218.12,Completed
3397,531,204,3,8,2025-09-13,11:25:00,3.41,23,132.71,Driver_Cancelled
3398,790,173,34,9,2025-10-08,04:35:00,31.39,117,475.17,No_Show
3399,833,11,28,18,2025-10-31,00:52:00,4.35,25,106.3,Completed
3400,825,181,37,16,2025-11-17,08:44:00,5.89,32,170.52,No_Show
3401,267,232,25,32,2025-11-19,03:51:00,12.65,46,272.19,Cancelled
3402,794,188,30,40,2025-12-12,09:22:00,11.89,62,219.24,No_Show
3403,432,29,7,39,2025-10-21,20:53:00,6.8,33,177.76,Completed
3404,19,20,29,32,2025-03-28,12:15:00,6.59,42,183.12,Completed
3405,339,5,2,2,2025-05-29,14:07:00,6.43,36,154.85,Completed
3406,140,153,26,38,2025-09-06,06:25:00,16.01,69,293.65,Completed
3407,67,34,7,4,2025-11-17,03:30:00,10.12,53,204.7,Completed
3408,824,140,18,5,2025-10-10,18:19:00,5.13,30,153.53,Completed
3409,530,28,6,37,2025-12-28,10:31:00,7.97,26,195.38,Completed
3410,369,98,40,37,2025-07-17,14:22:00,14.31,69,254.32,Driver_Cancelled
3411,261,6,27,26,2025-02-13,08:31:00,5.92,25,144.28,Completed
3412,624,246,24,9,2025-12-22,21:28:00,11.11,51,173.23,Completed
3413,920,19,33,15,2025-01-28,21:11:00,5.79,34,159.28,Completed
3414,974,12,31,24,2025-01-17,02:36:00,3.71,23,103.02,No_Show
3415,627,25,34,24,2025-05-07,07:16:00,6.53,38,159.78,Driver_Cancelled
3416,678,13,22,35,2025-06-17,05:29:00,9.9,42,158.59,Completed
3417,579,209,24,25,2025-09-01,10:02:00,30.96,136,461.48,Completed
3418,767,76,36,26,2025-03-17,21:00:00,8.37,40,160.2,Completed
3419,582,3,28,23,2025-08-19,13:15:00,7.26,41,169.11,Completed
3420,972,24,20,6,2025-07-23,20:02:00,5.57,37,138.12,Completed
3421,820,8,18,27,2025-09-05,00:48:00,9.58,56,238.92,Driver_Cancelled
3422,203,112,32,19,2025-10-29,03:03:00,7.74,41,157.01,Cancelled
3423,639,228,33,31,2025-08-02,11:52:00,6.63,35,152.31,Completed
3424,935,120,10,38,2025-08-03,17:34:00,5.24,32,115.58,Completed
3425,955,123,9,32,2025-06-07,11:00:00,1.85,11,74.62,Completed
3426,410,90,25,2,2025-03-10,07:05:00,10.94,42,174.64,Completed
3427,833,45,13,18,2025-03-26,11:57:00,6.51,33,147.06,Completed
3428,80,200,5,28,2025-09-24,10:42:00,3.49,18,132.14,Completed
3429,688,224,31,7,2025-03-10,20:39:00,7.16,39,205.61,Cancelled
3430,113,224,31,23,2025-04-09,21:57:00,6.56,36,161.39,Completed
3431,623,1,34,36,2025-12-13,16:29:00,1.74,11,92.5,Completed
3432,821,3,26,24,2025-08-04,00:05:00,2.88,15,74.53,No_Show
3433,137,65,7,28,2025-06-10,00:36:00,3.02,19,104.16,Completed
3434,645,15,20,25,2025-04-04,20:36:00,22.87,103,387.43,Completed
3435,884,50,22,39,2025-06-23,05:49:00,10.49,46,214.12,Completed
3436,840,148,5,4,2025-06-14,18:24:00,5.26,25,143.43,Completed
3437,189,131,12,19,2025-04-25,02:41:00,6.8,29,142.96,Completed
3438,277,189,21,4,2025-08-08,08:45:00,7.85,40,147.67,Completed
3439,737,143,9,13,2025-01-31,05:22:00,13.2,72,304.25,Completed
3440,103,187,29,1,2025-01-11,14:46:00,15.6,56,245.83,Completed
3441,107,182,27,34,2025-12-09,23:14:00,18.53,59,371.54,Completed
3442,575,188,17,7,2025-05-10,11:26:00,3.23,10,108.44,Cancelled
3443,916,124,40,25,2025-04-15,16:04:00,6.97,40,170.16,Completed
3444,954,37,24,23,2025-01-27,00:01:00,5.8,33,136.98,Driver_Cancelled
3445,757,149,27,30,2025-08-15,09:37:00,3.64,15,127.92,Completed
3446,173,106,8,7,2025-01-02,12:30:00,19.29,68,269.19,Completed
3447,918,103,29,17,2025-12-25,08:41:00,17.05,87,243.92,Completed
3448,845,151,19,33,2025-04-11,00:39:00,13.45,53,200.83,Completed
3449,999,121,10,2,2025-01-21,09:49:00,17.69,70,285.9,Completed
3450,331,232,24,38,2025-02-27,01:29:00,5.9,19,141.51,Completed
3451,722,99,34,13,2025-06-29,03:52:00,9.7,55,252.17,Completed
3452,191,146,40,32,2025-12-07,08:44:00,17.52,64,334.98,Cancelled
3453,670,17,31,22,2025-12-15,04:38:00,14.27,56,247.68,Driver_Cancelled
3454,831,159,4,9,2025-01-20,15:18:00,15.49,84,270.21,Completed
3455,225,192,31,17,2025-09-12,06:03:00,11.74,55,231.39,Completed
3456,684,48,9,18,2025-11-13,18:26:00,9.97,49,210.4,Completed
3457,323,26,26,40,2025-02-07,17:08:00,6.09,24,151.56,No_Show
3458,954,22,13,40,2025-05-28,06:28:00,15.99,77,324.64,Cancelled
3459,508,125,26,27,2025-01-25,08:06:00,18.68,70,316.85,Driver_Cancelled
3460,961,173,1,11,2025-05-01,21:41:00,5.37,35,151.32,Completed
3461,548,164,40,28,2025-01-26,03:51:00,7.92,32,192.95,Completed
3462,134,64,9,8,2025-06-18,08:04:00,5.34,27,129.92,Completed
3463,37,163,31,18,2025-11-19,09:30:00,13.36,61,268.69,Completed
3464,93,203,24,13,2025-08-13,05:38:00,20.97,108,323.62,Driver_Cancelled
3465,75,219,22,33,2025-01-01,19:33:00,10.54,43,226.39,Completed
3466,756,226,9,15,2025-11-03,03:40:00,10.26,53,197.94,No_Show
3467,183,82,39,22,2025-09-18,04:19:00,29.31,152,373.91,Completed
3468,717,155,23,38,2025-01-13,08:28:00,10.06,44,184.73,Cancelled
3469,459,68,20,30,2025-02-17,07:11:00,11.37,46,231.07,Completed
3470,699,145,21,6,2025-11-09,00:27:00,17.76,88,268.19,Completed
3471,678,198,27,34,2025-10-18,02:39:00,9.15,41,171.74,Completed
3472,627,234,5,19,2025-11-28,14:37:00,15.52,63,262.15,Completed
3473,409,139,17,33,2025-04-04,02:27:00,12.63,55,182.83,Completed
3474,207,5,34,14,2025-09-18,18:10:00,4.53,26,113.61,Completed
3475,245,186,9,19,2025-10-05,18:08:00,1.43,14,92.62,Completed
3476,333,121,34,40,2025-12-25,11:30:00,3.33,18,117.32,Completed
3477,673,210,10,15,2025-07-24,02:23:00,9.07,35,191.29,Completed
3478,525,57,2,10,2025-07-04,15:37:00,17.14,86,281.66,Completed
3479,294,217,25,2,2025-06-24,17:52:00,8.12,29,174.28,Cancelled
3480,954,202,3,2,2025-11-05,14:12:00,8.08,26,157.09,Driver_Cancelled
3481,984,233,34,21,2025-03-10,18:21:00,6.9,40,145.93,Completed
3482,916,208,7,12,2025-04-14,04:23:00,6.1,27,107.18,Completed
3483,748,202,28,10,2025-09-03,22:19:00,37.6,181,675.29,Completed
3484,273,74,9,12,2025-06-10,03:41:00,9.9,44,219.42,Completed
3485,379,228,11,39,2025-07-19,12:11:00,6,31,140.43,Completed
3486,626,85,29,2,2025-08-04,00:36:00,9.71,54,201.82,Completed
3487,664,120,16,1,2025-07-31,22:28:00,10.37,59,287.12,Completed
3488,26,14,39,2,2025-01-16,00:36:00,4.63,22,116.78,Completed
3489,680,72,29,23,2025-11-28,06:35:00,19.55,93,272.16,Completed
3490,544,129,13,28,2025-07-24,17:51:00,6.83,41,128.47,Completed
3491,733,144,35,17,2025-12-31,10:39:00,19.24,84,275.33,Completed
3492,718,26,11,40,2025-02-08,18:10:00,6.22,35,109.48,Completed
3493,933,49,35,21,2025-03-30,22:13:00,5.32,22,148.15,Completed
3494,854,170,8,34,2025-09-13,01:29:00,22.82,115,331.91,Completed
3495,610,198,7,9,2025-09-11,20:22:00,19.92,81,348.69,Completed
3496,91,103,5,17,2025-08-04,11:15:00,6.74,24,151.45,Driver_Cancelled
3497,476,242,6,32,2025-10-30,15:30:00,6.08,28,194.72,Completed
3498,889,66,35,5,2025-06-21,01:20:00,12.74,72,248.4,Completed
3499,726,53,30,14,2025-05-17,16:20:00,3.9,20,119.15,Completed
3500,188,9,11,25,2025-06-27,10:59:00,11.27,52,273.96,Completed
3501,569,69,38,22,2025-03-18,10:20:00,17.97,78,304.44,Completed
3502,619,40,27,5,2025-07-07,06:38:00,6.95,31,175.13,Completed
3503,954,184,21,38,2025-01-15,07:23:00,18.42,60,376.31,Cancelled
3504,195,133,14,9,2025-10-19,00:53:00,16.71,67,337.1,Completed
3505,534,56,35,31,2025-11-15,21:59:00,11.67,53,194.76,Cancelled
3506,698,111,29,21,2025-11-21,06:16:00,29.69,139,516.84,Completed
3507,880,200,24,36,2025-08-02,12:26:00,3.95,21,139.46,No_Show
3508,85,5,36,1,2025-07-27,20:16:00,3.95,22,109.7,Completed
3509,592,69,32,22,2025-06-18,01:49:00,18.19,75,331.03,No_Show
3510,841,52,6,23,2025-11-26,04:37:00,3.9,23,139.79,Completed
3511,77,209,10,23,2025-10-07,07:08:00,7.97,38,159.12,Completed
3512,330,73,20,15,2025-11-01,16:31:00,9.64,41,183.01,Completed
3513,383,98,20,1,2025-05-26,21:47:00,17.67,68,231.34,Driver_Cancelled
3514,433,161,26,6,2025-09-20,21:39:00,9.11,34,229.41,No_Show
3515,377,150,21,40,2025-01-04,14:50:00,3.47,19,110,Completed
3516,341,213,23,35,2025-03-31,22:05:00,12.68,60,279.04,Cancelled
3517,177,235,12,17,2025-03-01,02:47:00,13.35,57,214.34,Completed
3518,426,15,13,23,2025-11-07,01:17:00,8.9,49,226.25,Completed
3519,424,65,10,20,2025-01-16,21:21:00,7.13,33,120.9,Completed
3520,967,71,7,28,2025-08-15,03:44:00,16.02,69,334.36,Completed
3521,174,151,37,37,2025-01-29,10:36:00,11.19,56,216.2,Driver_Cancelled
3522,406,243,12,18,2025-05-31,04:28:00,8.32,41,200.58,Completed
3523,82,248,25,7,2025-09-02,19:23:00,17.6,68,315.43,Completed
3524,21,111,2,20,2025-09-27,17:58:00,8.27,26,130.68,Completed
3525,691,6,40,24,2025-03-20,02:30:00,8.8,37,146.93,Completed
3526,398,212,26,16,2025-10-16,14:41:00,5.28,23,137.64,Completed
3527,330,186,40,13,2025-06-02,04:54:00,16.68,83,346.91,Completed
3528,225,154,5,28,2025-10-04,02:01:00,8.08,33,184.88,Completed
3529,777,234,8,7,2025-10-06,14:07:00,6.27,37,137.88,Cancelled
3530,402,140,9,15,2025-02-26,01:49:00,14.09,76,235.46,No_Show
3531,781,77,39,23,2025-07-05,08:45:00,5,25,122.87,Completed
3532,763,239,20,23,2025-04-03,06:05:00,9.44,42,198.69,Completed
3533,785,115,11,31,2025-10-03,15:28:00,9.11,50,198.59,Completed
3534,894,113,40,5,2025-06-07,23:35:00,16.72,67,301.06,Completed
3535,855,77,22,27,2025-10-02,07:22:00,8.42,35,227.97,Completed
3536,921,130,16,10,2025-06-30,20:39:00,15.75,64,293.58,Completed
3537,438,160,38,7,2025-12-25,11:32:00,10.75,48,241.77,Completed
3538,272,178,10,32,2025-03-18,18:15:00,7.29,30,180.72,No_Show
3539,280,95,25,23,2025-05-31,07:35:00,31.58,127,561.44,Completed
3540,223,61,19,9,2025-08-26,12:27:00,9.33,42,182.86,Completed
3541,587,139,4,29,2025-10-16,16:23:00,16.19,62,336.43,No_Show
3542,663,101,19,27,2025-08-19,03:42:00,7.6,34,184.3,Completed
3543,937,196,3,38,2025-01-18,17:54:00,1.61,12,96.02,Completed
3544,871,34,17,21,2025-03-14,17:48:00,11.66,42,229.72,Completed
3545,509,208,14,6,2025-07-08,00:03:00,2.97,23,99.26,No_Show
3546,342,95,10,26,2025-01-17,15:47:00,8.01,44,182.57,Completed
3547,929,217,6,20,2025-01-19,19:51:00,8.22,42,172.61,Driver_Cancelled
3548,617,103,31,15,2025-08-07,14:12:00,2.53,16,93.72,Completed
3549,42,8,31,38,2025-11-22,03:43:00,8.96,50,210.23,Completed
3550,176,136,9,20,2025-04-30,01:27:00,7.83,38,165.8,Completed
3551,245,98,12,15,2025-04-11,12:29:00,7.23,39,127.16,Completed
3552,253,143,26,29,2025-02-03,01:58:00,6.28,36,130.88,Cancelled
3553,274,5,2,6,2025-03-25,08:21:00,7.76,40,132.79,Completed
3554,959,147,4,16,2025-07-15,21:30:00,11.83,48,278.32,Completed
3555,334,202,32,1,2025-11-26,12:06:00,20.7,72,407.7,Completed
3556,604,137,28,6,2025-07-21,22:12:00,10.89,43,235.67,Cancelled
3557,11,185,6,16,2025-12-10,22:38:00,13.4,66,250.52,Completed
3558,152,182,30,33,2025-12-07,15:28:00,4.69,20,151.61,Cancelled
3559,189,157,28,7,2025-01-11,15:55:00,22.99,116,370.05,Completed
3560,960,244,13,10,2025-12-13,05:37:00,3.51,19,130.83,Completed
3561,676,232,36,8,2025-08-06,19:27:00,15.08,58,250.29,Completed
3562,638,101,10,21,2025-09-10,05:16:00,3.78,12,99.57,Completed
3563,211,147,10,26,2025-08-10,09:23:00,1.89,12,70.81,Completed
3564,973,205,5,37,2025-03-21,08:54:00,2.89,13,114.18,Completed
3565,97,46,29,18,2025-01-07,07:13:00,27.36,94,543.48,Completed
3566,821,104,36,4,2025-09-29,19:06:00,6.78,34,144.25,No_Show
3567,339,80,12,20,2025-08-15,14:49:00,11.22,57,203.76,Completed
3568,47,190,22,40,2025-01-16,16:00:00,7.42,39,165.19,Completed
3569,820,222,39,19,2025-01-12,23:48:00,4.15,20,112.63,Completed
3570,736,188,2,33,2025-10-18,15:56:00,13.32,68,284.59,Completed
3571,975,118,14,23,2025-08-29,05:51:00,10.14,53,185.05,Completed
3572,57,5,10,9,2025-01-21,23:04:00,6.98,23,144.97,Completed
3573,75,161,3,38,2025-06-27,18:10:00,7.8,28,221.69,Completed
3574,254,211,8,18,2025-08-16,17:46:00,4.5,26,195.62,Completed
3575,663,55,17,2,2025-09-30,00:20:00,14.96,82,319.83,Completed
3576,571,19,4,17,2025-10-15,01:27:00,6.82,33,141.59,Completed
3577,837,145,21,16,2025-10-24,02:12:00,10.42,53,191.44,Completed
3578,952,88,30,24,2025-05-14,17:35:00,5.05,16,204.81,Completed
3579,598,247,19,31,2025-10-10,21:56:00,2.86,14,93.99,Completed
3580,170,117,15,1,2025-06-02,12:33:00,10.08,36,221.81,Completed
3581,146,220,20,28,2025-03-07,02:30:00,9.75,39,171.44,Completed
3582,839,170,30,33,2025-05-17,18:20:00,8.9,39,172.04,Completed
3583,33,229,10,37,2025-04-02,12:57:00,11.91,58,214.53,Completed
3584,515,150,23,39,2025-11-13,16:06:00,6.51,31,185.83,Completed
3585,796,39,24,4,2025-09-16,10:46:00,6.65,34,159.53,Completed
3586,257,208,12,1,2025-04-13,09:29:00,22.27,104,399.1,Completed
3587,126,125,9,33,2025-02-24,23:41:00,5.51,34,151.91,Completed
3588,959,227,15,10,2025-09-14,04:30:00,7.25,46,170.26,Completed
3589,113,27,29,3,2025-04-11,03:25:00,14.99,61,262.74,Completed
3590,815,76,18,37,2025-07-17,17:51:00,12.66,60,218.95,Completed
3591,805,174,20,21,2025-10-28,01:22:00,8.16,38,149.98,Completed
3592,342,127,1,9,2025-08-14,02:58:00,7.45,43,160.77,Completed
3593,48,156,3,40,2025-08-25,06:44:00,6.05,28,134.48,Completed
3594,364,180,8,24,2025-01-26,07:30:00,12.13,50,232.1,Completed
3595,787,193,39,8,2025-05-01,16:32:00,10.67,62,222.81,Completed
3596,398,167,31,24,2025-07-01,00:23:00,4.37,22,111.85,Completed
3597,195,122,8,24,2025-07-18,10:09:00,12.01,58,197.49,Completed
3598,851,146,15,10,2025-10-29,21:03:00,12.19,63,253.17,Completed
3599,737,87,22,35,2025-09-12,13:34:00,9.05,43,162.99,Cancelled
3600,725,150,32,4,2025-05-02,23:34:00,8.23,42,127.98,Completed
3601,321,68,5,9,2025-01-31,20:09:00,25.38,84,520.25,Completed
3602,794,240,9,11,2025-11-11,19:59:00,8.1,37,217.51,Completed
3603,138,11,15,13,2025-10-12,08:55:00,7.06,37,129.08,Cancelled
3604,355,82,37,27,2025-04-16,01:46:00,11.12,55,228.73,Driver_Cancelled
3605,845,64,33,30,2025-08-12,18:12:00,6.16,25,175.86,Completed
3606,70,119,22,39,2025-09-30,01:46:00,9.16,30,180.28,Cancelled
3607,811,240,11,12,2025-08-20,22:26:00,11.53,46,168.82,Completed
3608,582,199,6,19,2025-09-13,15:45:00,22.48,102,466.06,Completed
3609,483,85,17,40,2025-01-24,22:18:00,9.32,47,200.22,Completed
3610,720,57,5,4,2025-04-19,14:33:00,12.03,44,227.53,Completed
3611,712,163,39,34,2025-07-10,11:55:00,6.67,28,151.28,Completed
3612,59,249,9,23,2025-12-13,03:38:00,13.33,67,261.65,Completed
3613,771,37,29,26,2025-01-25,06:43:00,14.09,59,333.57,Completed
3614,389,178,23,7,2025-07-06,10:27:00,13.71,49,272.31,Completed
3615,853,121,36,18,2025-10-15,15:31:00,8.62,35,157.29,Cancelled
3616,351,30,31,4,2025-04-26,18:27:00,9.29,48,210.74,Completed
3617,846,145,20,8,2025-12-04,03:19:00,9.1,42,184.87,Completed
3618,869,161,23,22,2025-02-06,16:21:00,4.41,26,143.09,Completed
3619,339,144,7,26,2025-10-09,09:25:00,11.41,44,252.26,Completed
3620,677,143,36,13,2025-05-17,14:55:00,4.21,17,89.07,Completed
3621,757,141,4,17,2025-08-15,07:23:00,9.59,47,158.15,Cancelled
3622,596,231,24,36,2025-11-16,16:01:00,8.58,35,137.34,Driver_Cancelled
3623,436,3,14,15,2025-11-24,10:02:00,15.97,80,318.13,Cancelled
3624,450,24,25,18,2025-07-01,18:15:00,8.27,46,189.11,Completed
3625,377,151,7,27,2025-12-28,07:39:00,19.66,92,358.16,Completed
3626,959,59,15,6,2025-03-27,06:26:00,7.65,34,201.25,Completed
3627,391,237,13,34,2025-02-22,06:15:00,4.3,12,116.89,Completed
3628,481,240,19,5,2025-12-14,23:08:00,2.41,14,98.23,Completed
3629,821,55,12,12,2025-12-21,12:31:00,20.51,69,404.64,Completed
3630,114,65,26,29,2025-08-23,23:18:00,3.91,21,113.08,Cancelled
3631,746,160,33,37,2025-09-24,02:17:00,8.72,46,276.79,Completed
3632,774,225,15,12,2025-10-14,11:20:00,4.79,21,120.61,Completed
3633,903,60,37,25,2025-04-10,00:02:00,13.82,50,260.66,Completed
3634,172,240,6,34,2025-03-28,14:23:00,7.85,37,154.63,Completed
3635,18,158,25,11,2025-01-15,11:53:00,1.54,9,109.06,No_Show
3636,235,66,17,23,2025-04-11,21:57:00,20.24,102,386.85,Completed
3637,310,146,36,24,2025-06-14,12:27:00,5.41,29,139.29,Completed
3638,895,59,9,18,2025-01-29,04:20:00,8.89,31,173.24,Completed
3639,669,53,28,10,2025-04-24,05:03:00,8.52,46,210.34,Completed
3640,723,64,35,5,2025-04-17,18:46:00,3.95,26,137.17,Completed
3641,281,121,3,31,2025-12-30,11:00:00,14.66,64,316.49,Cancelled
3642,831,119,11,25,2025-05-10,01:26:00,4.01,23,102.34,Completed
3643,196,30,20,17,2025-03-25,02:17:00,20.38,76,314.2,Completed
3644,115,18,23,28,2025-09-28,00:36:00,9.25,52,224.8,Completed
3645,397,5,30,1,2025-09-01,03:19:00,7.5,34,189.52,Completed
3646,672,69,37,2,2025-08-02,14:29:00,8.54,47,132.99,Completed
3647,667,136,36,40,2025-11-02,03:47:00,7.01,35,153.21,Completed
3648,563,137,12,2,2025-06-15,04:33:00,10.68,45,267.12,Completed
3649,418,160,36,27,2025-10-06,00:04:00,4.11,19,129.82,Driver_Cancelled
3650,284,120,35,8,2025-02-28,14:51:00,21.38,82,329.66,Completed
3651,585,142,34,27,2025-03-31,23:16:00,8.39,46,130.01,Cancelled
3652,328,141,4,37,2025-11-27,02:19:00,8.88,51,159.9,Cancelled
3653,341,18,24,17,2025-07-13,15:37:00,6.8,26,171.29,Completed
3654,622,68,36,4,2025-05-03,21:16:00,11.09,54,203.35,Completed
3655,798,114,28,38,2025-05-16,09:11:00,11.38,60,184.83,Cancelled
3656,221,22,39,31,2025-05-19,19:30:00,11.93,41,180.98,Driver_Cancelled
3657,9,20,2,5,2025-08-17,19:19:00,4.18,28,124.5,Completed
3658,909,143,5,25,2025-10-01,16:10:00,3.39,13,91.51,Completed
3659,82,7,28,28,2025-02-19,20:30:00,15.68,79,322.02,No_Show
3660,832,205,13,19,2025-04-28,23:23:00,18.39,93,353.56,Completed
3661,294,98,36,37,2025-07-21,23:49:00,4.48,22,117.71,Cancelled
3662,375,105,9,23,2025-07-10,18:56:00,5.46,34,116.14,Completed
3663,534,30,39,36,2025-12-30,18:25:00,3.23,17,131.35,Completed
3664,415,5,30,13,2025-11-19,11:53:00,10.32,49,215.92,Completed
3665,99,129,27,17,2025-06-30,00:39:00,6.57,34,121.52,Completed
3666,682,188,13,30,2025-03-19,09:14:00,3.86,23,113.27,Completed
3667,702,159,39,23,2025-03-16,22:10:00,2.64,16,115.89,Completed
3668,618,243,28,3,2025-10-22,14:27:00,5.54,25,154.83,Completed
3669,832,20,18,13,2025-10-08,07:40:00,7.49,33,157.69,No_Show
3670,970,83,34,32,2025-01-21,00:34:00,3.19,21,80.42,Completed
3671,777,64,21,35,2025-06-20,19:42:00,4.38,22,144.92,Completed
3672,382,118,1,2,2025-01-15,13:40:00,19.55,99,285.51,Completed
3673,863,192,23,3,2025-07-30,05:37:00,3.32,20,133.2,Completed
3674,940,29,34,29,2025-02-17,19:11:00,5.91,32,167.81,Completed
3675,504,237,36,10,2025-03-27,18:55:00,5.76,24,122.42,Completed
3676,447,102,9,20,2025-05-29,18:54:00,13.63,72,305.31,Completed
3677,680,138,8,34,2025-07-07,19:32:00,1.9,13,82.74,Completed
3678,344,157,30,15,2025-11-02,22:53:00,12.98,49,277.09,Completed
3679,425,31,36,40,2025-05-31,16:15:00,27.53,131,378.63,Completed
3680,625,75,36,1,2025-05-21,16:12:00,8.67,41,180.25,Completed
3681,840,215,18,26,2025-03-10,05:50:00,13.5,54,258.43,Driver_Cancelled
3682,306,30,2,32,2025-09-17,13:20:00,16.02,59,290.73,Driver_Cancelled
3683,148,153,11,2,2025-11-30,04:47:00,8.27,35,237.64,No_Show
3684,849,80,36,32,2025-01-09,03:17:00,5.25,33,167.54,Driver_Cancelled
3685,732,58,31,29,2025-05-01,11:13:00,7.78,29,158.34,Completed
3686,454,57,31,20,2025-04-11,03:18:00,11.54,36,211.73,Completed
3687,938,87,24,23,2025-05-29,18:07:00,5.74,27,138.91,Completed
3688,33,123,21,12,2025-05-26,22:29:00,1.46,7,110.98,Cancelled
3689,732,191,32,10,2025-12-19,19:53:00,4.4,26,106.88,Driver_Cancelled
3690,501,97,30,19,2025-08-31,17:11:00,9.44,33,235.67,Cancelled
3691,319,115,8,10,2025-08-29,21:10:00,9.17,41,183.69,Completed
3692,697,37,33,19,2025-12-03,18:04:00,4.23,24,95.02,Completed
3693,193,58,39,26,2025-02-12,13:47:00,5.9,32,136.36,Completed
3694,873,28,1,24,2025-04-05,03:27:00,2.61,17,100.09,Completed
3695,180,155,33,9,2025-08-14,10:50:00,7.25,23,185.37,Completed
3696,867,198,13,29,2025-01-06,12:37:00,6.11,29,160.05,Completed
3697,984,230,22,29,2025-08-02,16:08:00,6.63,34,159.87,No_Show
3698,518,37,5,37,2025-07-25,06:33:00,26.52,131,409.41,Completed
3699,391,6,12,28,2025-03-08,09:04:00,8.71,37,202.15,Cancelled
3700,521,217,29,3,2025-04-10,04:10:00,3.37,18,113.05,Completed
3701,357,205,3,23,2025-01-12,09:23:00,10.13,42,222.86,Cancelled
3702,573,62,36,4,2025-08-25,09:21:00,6.71,35,124.15,Cancelled
3703,464,225,11,14,2025-11-18,03:52:00,4.93,28,151.86,Driver_Cancelled
3704,930,33,26,38,2025-09-15,10:15:00,7.68,29,157.66,Completed
3705,675,89,2,13,2025-12-03,17:39:00,17.8,63,405.8,Driver_Cancelled
3706,99,78,29,28,2025-05-15,05:01:00,2.62,20,124.95,Completed
3707,148,40,29,39,2025-08-10,20:20:00,1.84,5,77.32,Completed
3708,570,169,36,20,2025-06-05,23:00:00,5.1,28,140.2,Completed
3709,727,119,19,28,2025-05-22,09:25:00,7.11,39,202.15,Cancelled
3710,316,42,10,32,2025-06-07,17:08:00,6.46,38,134.75,Completed
3711,182,230,11,14,2025-11-22,06:39:00,6.27,23,145.23,Cancelled
3712,547,137,7,13,2025-12-10,00:51:00,5.19,30,155.42,Completed
3713,303,18,13,11,2025-09-19,13:48:00,14.27,63,274.98,Completed
3714,558,15,2,38,2025-10-10,17:44:00,9.28,48,154.71,Driver_Cancelled
3715,599,132,30,39,2025-12-04,00:44:00,15.99,67,295.68,Completed
3716,4,34,22,15,2025-12-10,09:49:00,1.99,14,99.99,Driver_Cancelled
3717,778,62,1,9,2025-08-17,20:19:00,6.11,35,120.94,Completed
3718,107,38,27,3,2025-10-07,09:06:00,8.79,44,177.53,Completed
3719,75,209,7,5,2025-12-24,16:30:00,3.42,21,134.61,Completed
3720,40,71,1,28,2025-10-17,16:38:00,6.48,32,142.03,Completed
3721,639,224,25,15,2025-06-17,12:08:00,10.68,36,190.27,Completed
3722,695,247,4,3,2025-02-16,22:12:00,18.76,80,322.81,Completed
3723,119,23,30,35,2025-07-22,07:04:00,18.47,63,232.8,Completed
3724,73,126,8,7,2025-08-02,02:26:00,16.99,61,355.04,Completed
3725,552,20,21,30,2025-09-03,00:18:00,20.31,86,405,Completed
3726,204,239,4,24,2025-01-24,23:41:00,1.62,11,96.92,Cancelled
3727,977,184,4,31,2025-11-17,12:41:00,2.44,15,80.13,Completed
3728,96,53,8,14,2025-10-01,22:14:00,5.96,29,134.86,Driver_Cancelled
3729,279,130,26,16,2025-02-13,08:18:00,3.66,16,87.05,Completed
3730,143,21,29,4,2025-11-28,04:28:00,9.49,41,234.7,Completed
3731,115,76,16,3,2025-11-09,04:51:00,25.02,122,420.63,Completed
3732,476,42,19,35,2025-12-29,07:27:00,2.19,20,84.43,Completed
3733,884,57,1,9,2025-06-05,15:13:00,5.34,21,149.66,Completed
3734,998,122,37,4,2025-07-18,07:49:00,7.23,33,197.5,Completed
3735,133,177,34,19,2025-06-11,17:49:00,2.6,21,98.83,Cancelled
3736,168,91,29,24,2025-08-22,03:13:00,12.37,45,264.16,Completed
3737,914,242,27,11,2025-06-12,03:14:00,7.97,35,171.06,Completed
3738,245,112,30,15,2025-04-26,15:18:00,5.73,34,140.44,Completed
3739,277,10,6,36,2025-04-03,01:15:00,10.25,46,273.99,Completed
3740,975,72,36,31,2025-02-11,12:34:00,13.41,61,288.71,Completed
3741,259,61,39,8,2025-10-11,23:35:00,8.97,41,163.35,Completed
3742,46,21,2,2,2025-07-29,09:32:00,9.19,43,180.56,Cancelled
3743,346,188,14,3,2025-07-25,17:38:00,7.82,41,161.1,Completed
3744,847,121,8,3,2025-08-08,12:36:00,9.53,43,233.94,Cancelled
3745,895,86,3,21,2025-10-07,13:48:00,15.3,56,235.94,Completed
3746,237,141,35,12,2025-05-16,18:52:00,25.68,105,506.52,Completed
3747,53,48,27,14,2025-04-16,08:19:00,31.61,129,615.47,Completed
3748,148,168,34,23,2025-04-28,12:23:00,9.22,39,146.81,Completed
3749,699,191,28,13,2025-08-25,09:38:00,9.29,37,211.57,Completed
3750,533,204,31,16,2025-11-05,13:24:00,16.08,57,358.93,Completed
3751,90,209,17,17,2025-04-10,03:33:00,4.19,17,173.78,Completed
3752,233,240,19,18,2025-09-18,19:09:00,21.78,86,455.6,Completed
3753,727,9,11,13,2025-11-01,10:59:00,8.82,34,176.59,Completed
3754,881,185,9,26,2025-12-20,10:23:00,3.25,19,126.66,Completed
3755,51,179,30,40,2025-10-13,13:55:00,2.37,19,94.9,Completed
3756,665,113,6,39,2025-11-24,02:59:00,5.15,39,129.62,Completed
3757,836,120,14,31,2025-04-13,22:16:00,6.03,29,118.27,Completed
3758,628,40,31,40,2025-03-04,14:41:00,9.19,42,208.11,Completed
3759,394,76,11,17,2025-06-24,02:41:00,16.93,79,291.24,Completed
3760,214,201,5,32,2025-10-09,23:53:00,10.64,44,210.78,Completed
3761,451,64,31,1,2025-10-20,23:40:00,13.77,60,265.77,Completed
3762,339,94,2,35,2025-08-14,23:46:00,11.83,38,252.8,Completed
3763,351,70,39,36,2025-01-07,00:13:00,3.14,17,121.58,Completed
3764,649,64,17,19,2025-05-07,10:15:00,7.45,28,193.03,Completed
3765,285,25,38,28,2025-04-02,20:25:00,3.71,13,126.81,Completed
3766,933,156,36,2,2025-07-09,11:40:00,7.97,36,172.27,Cancelled
3767,878,138,3,29,2025-12-25,09:30:00,7.06,28,121.79,Completed
3768,583,233,29,29,2025-02-22,09:00:00,6.56,28,157.88,Completed
3769,245,156,33,19,2025-08-30,02:51:00,16.53,84,297.69,Completed
3770,550,221,14,28,2025-05-12,22:06:00,10.12,35,245.33,Completed
3771,728,36,38,34,2025-12-30,15:30:00,20.21,63,273.83,Completed
3772,639,139,29,31,2025-04-22,03:26:00,6.22,33,144.59,No_Show
3773,584,21,23,37,2025-01-07,16:03:00,4.7,27,97.7,Driver_Cancelled
3774,226,246,17,19,2025-08-18,10:55:00,3.69,19,95.55,Completed
3775,827,230,11,32,2025-06-05,05:24:00,14.3,70,283.37,Completed
3776,441,154,28,29,2025-07-16,13:40:00,5.7,23,137.2,Completed
3777,474,146,7,9,2025-11-19,16:29:00,7.8,32,170.95,Completed
3778,444,68,40,7,2025-12-30,03:01:00,1.99,16,124.96,Completed
3779,796,236,8,12,2025-08-11,03:46:00,18.92,80,378.41,Completed
3780,412,41,29,31,2025-09-07,23:17:00,14.06,65,302.17,Completed
3781,814,15,25,18,2025-03-24,06:38:00,3.25,12,96.44,Completed
3782,246,23,7,28,2025-08-28,02:51:00,11.63,40,219.02,Completed
3783,583,169,22,21,2025-12-26,16:55:00,9.17,38,238.06,No_Show
3784,707,134,9,9,2025-11-19,17:43:00,19.47,102,413.53,Completed
3785,500,235,11,34,2025-09-20,10:23:00,6.35,22,119.78,No_Show
3786,982,199,34,34,2025-07-08,22:58:00,8.7,42,149.75,Completed
3787,951,249,27,24,2025-10-17,22:28:00,18.3,70,328.19,Completed
3788,550,238,22,16,2025-12-28,07:58:00,7.86,39,184.33,Completed
3789,117,188,3,28,2025-02-27,01:40:00,9.01,46,219.02,Completed
3790,750,112,40,35,2025-01-09,01:15:00,9.38,38,209.36,Completed
3791,364,207,8,6,2025-10-31,18:30:00,17.56,89,267.16,Driver_Cancelled
3792,914,52,6,38,2025-04-25,04:27:00,4.61,27,151.12,No_Show
3793,204,137,25,11,2025-07-29,09:43:00,19.68,103,366.21,Completed
3794,351,115,2,4,2025-02-10,10:42:00,9.15,45,198,Completed
3795,319,158,16,14,2025-10-31,21:34:00,32.12,145,437.56,Completed
3796,359,44,21,13,2025-06-22,18:49:00,22.29,108,385.66,Completed
3797,517,190,15,15,2025-08-22,18:15:00,9.45,31,257.58,Completed
3798,940,171,34,8,2025-10-08,05:22:00,8.05,31,210.83,Completed
3799,489,156,20,24,2025-03-19,15:13:00,5.59,23,125.53,Completed
3800,669,222,31,11,2025-04-18,11:50:00,7.03,32,169.26,Completed
3801,107,8,15,35,2025-10-08,00:32:00,3.32,18,97.18,Completed
3802,740,99,28,25,2025-02-08,12:41:00,1.71,7,79.37,Completed
3803,654,51,6,23,2025-04-29,17:54:00,20.52,80,388.22,Completed
3804,826,99,3,7,2025-12-01,18:57:00,10.7,45,173.46,No_Show
3805,172,121,38,5,2025-12-02,06:09:00,12.25,61,207.97,Completed
3806,658,90,23,32,2025-01-27,16:10:00,7.82,45,187.86,Cancelled
3807,519,30,3,28,2025-04-14,06:04:00,6.1,33,138.7,Cancelled
3808,855,227,8,3,2025-03-15,18:20:00,11.47,59,256.42,No_Show
3809,865,230,2,30,2025-07-10,05:27:00,3.96,20,114.71,Cancelled
3810,958,139,7,5,2025-11-20,17:53:00,23.75,118,493.67,Completed
3811,813,148,17,33,2025-05-27,17:03:00,9.99,36,223.08,Cancelled
3812,528,238,7,20,2025-09-12,07:07:00,9.92,40,217.76,Completed
3813,320,31,33,30,2025-10-11,17:39:00,13.68,72,269.26,Completed
3814,37,162,36,22,2025-08-01,00:51:00,16.18,67,359.64,No_Show
3815,499,140,4,22,2025-05-03,19:29:00,6.69,35,130.68,Completed
3816,665,176,16,38,2025-07-25,03:32:00,3.35,18,136.69,No_Show
3817,265,156,21,29,2025-08-28,12:44:00,6.36,25,145.95,Completed
3818,695,67,18,21,2025-12-05,21:39:00,3.73,18,128.96,Cancelled
3819,668,117,28,18,2025-10-13,05:53:00,7.89,40,141.82,Completed
3820,649,191,16,11,2025-01-22,09:51:00,4.94,26,148.8,Completed
3821,908,176,22,10,2025-09-16,09:42:00,11.32,55,247.66,Completed
3822,402,170,6,35,2025-12-23,23:31:00,3.41,16,125.82,Driver_Cancelled
3823,987,180,30,26,2025-04-15,00:34:00,21.76,103,360.81,Cancelled
3824,602,5,28,4,2025-09-15,20:32:00,10.44,44,221.07,Cancelled
3825,952,77,17,10,2025-07-23,07:36:00,10.92,37,211.75,Completed
3826,218,12,36,39,2025-11-06,07:17:00,8.98,51,194.64,Completed
3827,330,59,12,16,2025-09-19,21:41:00,15.56,66,313.52,Completed
3828,186,65,40,30,2025-04-17,21:36:00,8.6,51,244.34,Driver_Cancelled
3829,381,52,12,3,2025-09-08,19:17:00,7.37,32,196.87,Completed
3830,209,43,36,34,2025-08-09,16:28:00,9.08,41,185.57,Completed
3831,563,250,40,25,2025-08-10,05:58:00,8.29,31,183.38,Completed
3832,288,83,29,38,2025-09-15,23:55:00,5.49,29,116.12,Cancelled
3833,88,93,2,36,2025-07-20,16:08:00,19.39,94,288.96,Cancelled
3834,944,63,29,4,2025-09-15,22:02:00,9.68,47,226.43,Cancelled
3835,136,111,30,10,2025-12-15,06:51:00,7.57,31,126.54,Completed
3836,158,50,36,13,2025-08-13,00:31:00,4.11,24,142.62,Completed
3837,794,112,25,6,2025-07-21,10:11:00,1.92,16,66.63,Completed
3838,920,39,21,7,2025-08-14,09:45:00,13.17,56,191.95,Completed
3839,155,170,22,28,2025-08-24,18:30:00,6.54,26,182.84,Cancelled
3840,463,217,10,37,2025-07-02,17:32:00,5.88,27,188.36,Completed
3841,220,80,31,15,2025-07-19,07:00:00,14.44,76,190.11,Completed
3842,459,17,9,30,2025-12-23,07:31:00,1.43,8,112.26,Completed
3843,167,220,39,40,2025-09-03,09:32:00,2.03,15,95.64,Completed
3844,322,231,34,10,2025-12-19,06:46:00,6.08,32,166.65,Driver_Cancelled
3845,691,43,39,12,2025-04-21,17:23:00,8.75,44,205.02,Completed
3846,841,49,23,17,2025-01-06,18:58:00,5.27,22,146.71,Completed
3847,562,5,12,30,2025-08-24,08:00:00,7.99,41,146.26,Completed
3848,813,129,7,1,2025-05-07,00:34:00,6.03,24,147.75,Completed
3849,512,67,32,36,2025-04-14,18:29:00,9.69,37,192.71,Completed
3850,87,112,19,40,2025-08-25,04:21:00,4.62,28,153.32,Completed
3851,545,24,22,24,2025-06-04,08:11:00,10.84,60,200.41,Cancelled
3852,275,29,16,38,2025-09-14,17:33:00,2.88,15,103.48,Completed
3853,141,143,8,21,2025-08-23,15:09:00,5.88,20,165.26,Completed
3854,718,132,30,32,2025-10-16,10:26:00,12.8,66,311.52,Completed
3855,736,44,6,18,2025-02-09,01:03:00,21.83,99,308.37,Completed
3856,625,65,2,13,2025-10-15,13:37:00,17.49,80,279.78,Cancelled
3857,790,241,34,37,2025-07-16,19:39:00,4.01,26,91.38,Completed
3858,916,120,29,21,2025-09-30,05:13:00,8.46,51,176.09,Completed
3859,353,207,40,18,2025-09-21,03:29:00,12.79,40,203.67,Cancelled
3860,5,126,20,40,2025-02-26,23:44:00,9.05,34,185.12,Completed
3861,382,216,3,26,2025-10-25,15:03:00,4.21,20,102.96,Completed
3862,724,244,35,5,2025-04-08,01:46:00,3.57,20,106.29,Completed
3863,768,31,8,5,2025-05-17,01:51:00,3.97,24,137.73,Completed
3864,334,148,12,31,2025-03-28,02:00:00,20.24,60,407.26,Completed
3865,475,10,32,28,2025-08-30,00:44:00,10.75,58,211.49,Completed
3866,986,11,29,13,2025-07-18,15:29:00,8.48,48,161.69,No_Show
3867,928,82,21,11,2025-11-06,08:57:00,14.76,64,200.32,Completed
3868,30,226,3,1,2025-03-25,07:57:00,8.97,43,210.33,No_Show
3869,347,156,38,24,2025-08-30,09:28:00,9.54,36,210.58,Completed
3870,922,166,27,13,2025-10-08,23:53:00,7.58,34,151.07,Completed
3871,594,208,3,18,2025-11-19,22:58:00,2.39,15,92.78,Completed
3872,493,24,1,24,2025-09-09,01:49:00,4.57,29,144.02,Completed
3873,983,39,20,29,2025-07-09,14:03:00,6.14,23,155.6,Completed
3874,748,119,7,28,2025-06-01,04:13:00,12.99,66,241.25,Completed
3875,495,179,1,38,2025-10-29,08:45:00,14.36,61,234.23,Completed
3876,856,76,10,22,2025-10-05,22:04:00,2.57,10,95.51,Completed
3877,388,50,12,20,2025-05-19,21:33:00,5.27,20,123.61,Completed
3878,873,234,4,11,2025-06-25,19:13:00,7.78,31,200.94,No_Show
3879,835,7,7,20,2025-01-08,08:15:00,3.52,16,86.14,Driver_Cancelled
3880,253,100,10,13,2025-10-22,14:47:00,12.45,60,299.11,Completed
3881,630,81,22,24,2025-08-23,20:06:00,15.78,71,267.32,Cancelled
3882,939,241,25,24,2025-06-12,22:08:00,36.55,156,585.77,Driver_Cancelled
3883,30,68,29,17,2025-02-18,22:08:00,7.48,25,141.84,Completed
3884,623,181,39,5,2025-10-29,01:38:00,7.73,30,179.9,Completed
3885,912,37,15,30,2025-02-07,15:21:00,17.88,69,313.13,Completed
3886,766,225,19,14,2025-05-16,07:43:00,16.47,81,280.68,Completed
3887,711,83,39,15,2025-11-06,19:02:00,11.86,64,266.34,Completed
3888,807,54,18,9,2025-08-07,12:15:00,5.69,27,128.56,Completed
3889,342,90,3,14,2025-12-14,05:08:00,5.41,26,110.47,Completed
3890,809,183,6,10,2025-10-23,08:55:00,7.02,35,138.08,Completed
3891,287,203,22,22,2025-02-03,04:13:00,8.79,33,185.39,Cancelled
3892,945,31,31,31,2025-12-18,12:53:00,10.64,52,174.69,Completed
3893,397,193,21,13,2025-03-20,23:42:00,11.4,49,198.21,Completed
3894,509,232,8,17,2025-08-24,20:34:00,9.24,33,196.09,Driver_Cancelled
3895,937,100,1,1,2025-09-30,22:32:00,6.25,34,130.14,Completed
3896,244,93,3,14,2025-06-10,16:25:00,2.43,8,88.24,Completed
3897,221,89,29,39,2025-06-24,23:05:00,12.55,55,202.52,No_Show
3898,156,187,6,35,2025-11-04,03:18:00,8.84,35,220.32,Driver_Cancelled
3899,383,123,33,1,2025-08-09,15:17:00,8.33,39,204.55,Completed
3900,748,118,18,27,2025-01-09,13:04:00,7.05,33,194.56,Completed
3901,320,47,1,22,2025-10-16,16:20:00,29.46,113,460.29,No_Show
3902,373,177,22,34,2025-04-23,11:34:00,18.49,96,284.05,Completed
3903,531,146,31,9,2025-07-24,13:39:00,13.01,73,276.44,Completed
3904,215,3,23,36,2025-07-05,04:56:00,11.03,55,192.35,Completed
3905,367,18,8,32,2025-12-07,09:51:00,9.15,41,189.24,Completed
3906,114,58,29,38,2025-07-16,10:40:00,4.5,28,186.97,Completed
3907,200,71,19,20,2025-09-23,13:17:00,6.49,36,164.39,Completed
3908,25,220,16,27,2025-09-19,18:57:00,17.19,60,269.71,No_Show
3909,934,81,19,3,2025-09-05,13:19:00,8.64,32,177.67,Completed
3910,121,153,37,11,2025-04-25,00:34:00,18.78,90,377.94,Completed
3911,742,146,22,24,2025-05-01,17:38:00,9.19,46,178.72,Completed
3912,611,52,19,29,2025-05-21,23:52:00,2.11,16,83.15,No_Show
3913,858,232,4,5,2025-03-06,05:50:00,12.64,66,213.44,Completed
3914,3,43,5,33,2025-10-03,03:39:00,8.94,44,145.07,Completed
3915,898,67,5,8,2025-11-09,15:51:00,31.04,110,446.87,Driver_Cancelled
3916,773,89,25,19,2025-08-27,19:02:00,7.51,36,166.92,Completed
3917,445,135,24,4,2025-10-29,02:06:00,6.97,35,173.32,Completed
3918,254,111,1,35,2025-01-10,09:08:00,6.84,30,135.43,Driver_Cancelled
3919,20,202,28,30,2025-08-21,06:24:00,5.87,35,143.69,No_Show
3920,204,172,21,5,2025-07-14,10:19:00,17.06,62,328.82,Completed
3921,806,172,19,40,2025-01-12,00:08:00,44.82,198,688.92,Cancelled
3922,976,179,23,38,2025-06-26,16:08:00,9.72,48,154.41,Completed
3923,357,83,14,3,2025-06-26,09:14:00,13.03,50,238.78,Completed
3924,128,79,6,16,2025-08-05,03:29:00,7.24,26,158.51,Driver_Cancelled
3925,358,85,32,8,2025-01-11,18:15:00,24.37,79,388.02,No_Show
3926,292,21,32,5,2025-04-28,16:52:00,11.55,43,267.12,Completed
3927,174,122,8,38,2025-06-13,07:35:00,7.12,28,152.41,Completed
3928,733,165,37,35,2025-02-08,19:22:00,16.57,60,280.58,Completed
3929,355,28,22,8,2025-02-22,18:17:00,9.03,48,278.58,Completed
3930,881,237,8,36,2025-08-06,16:18:00,2.44,13,159.49,Completed
3931,37,32,38,25,2025-07-25,14:29:00,4.16,16,95.73,Completed
3932,310,185,10,8,2025-11-08,02:14:00,3.52,21,93.19,Completed
3933,661,169,3,21,2025-12-26,02:49:00,18.08,82,370.88,Completed
3934,917,54,13,9,2025-02-25,17:41:00,5.61,25,107.63,Completed
3935,604,155,39,32,2025-04-28,00:30:00,3.74,23,118.31,Cancelled
3936,582,123,30,13,2025-09-10,20:12:00,11.31,50,263.12,Completed
3937,84,87,4,23,2025-10-13,00:04:00,10.64,48,161.28,Completed
3938,510,202,6,8,2025-09-25,02:24:00,16.8,75,236.55,Cancelled
3939,444,40,16,35,2025-10-18,20:57:00,19.68,62,331.26,Completed
3940,420,169,22,28,2025-11-29,00:19:00,7.57,45,153,Completed
3941,205,70,27,15,2025-06-29,07:31:00,22.44,86,453.34,Completed
3942,488,24,21,29,2025-12-24,14:26:00,17.57,80,321.09,Completed
3943,779,146,29,4,2025-08-23,12:16:00,2.4,18,86.45,Completed
3944,88,74,1,34,2025-12-09,00:43:00,12.55,56,193.4,Completed
3945,252,184,30,37,2025-07-15,15:48:00,5.11,25,105.85,Completed
3946,723,143,24,24,2025-11-04,12:22:00,4.76,30,108.8,Completed
3947,855,237,13,21,2025-03-21,07:03:00,21.68,103,326.85,Completed
3948,31,235,30,2,2025-05-15,04:16:00,17.01,88,364.95,Completed
3949,869,98,26,7,2025-01-22,12:02:00,18.19,76,269.69,Driver_Cancelled
3950,421,72,34,11,2025-11-27,01:03:00,8.74,33,199.04,Completed
3951,828,242,20,12,2025-08-13,09:48:00,2.89,15,120.07,Completed
3952,61,163,6,4,2025-02-27,15:42:00,3.03,22,112.48,Completed
3953,579,247,9,35,2025-04-03,08:14:00,4.6,22,155.42,Completed
3954,226,27,37,40,2025-07-11,12:54:00,17.85,94,312.4,Driver_Cancelled
3955,925,89,37,26,2025-04-13,05:45:00,6.83,25,153.62,Completed
3956,963,131,16,18,2025-01-07,18:58:00,21.49,79,376.83,Driver_Cancelled
3957,335,21,4,37,2025-05-08,18:42:00,5.71,29,165.81,Completed
3958,839,121,32,16,2025-02-24,16:47:00,24.78,93,382.04,Driver_Cancelled
3959,579,39,20,12,2025-08-19,18:56:00,15.95,62,332.95,Completed
3960,640,32,29,40,2025-12-28,08:35:00,4.89,14,98.44,Completed
3961,111,178,31,37,2025-03-03,05:04:00,9.39,38,183.72,Completed
3962,491,245,17,19,2025-08-28,18:44:00,16.86,62,269.82,Completed
3963,272,85,25,15,2025-03-31,00:55:00,9.79,46,173.83,Completed
3964,813,9,16,22,2025-08-20,00:11:00,6.9,31,178.07,Completed
3965,34,50,20,20,2025-08-21,21:50:00,6.69,33,160.33,Completed
3966,212,1,10,13,2025-12-20,09:00:00,5.69,23,175.18,No_Show
3967,300,4,23,23,2025-11-29,23:49:00,5.54,25,176.99,Completed
3968,373,4,33,31,2025-10-19,21:55:00,8.06,40,215.92,Cancelled
3969,125,241,13,26,2025-12-11,00:33:00,4.38,18,93.85,Driver_Cancelled
3970,103,90,25,32,2025-06-01,01:10:00,6.47,24,138.22,Cancelled
3971,993,247,37,21,2025-05-25,01:43:00,13.24,64,282.52,Completed
3972,718,162,36,17,2025-05-10,06:23:00,4.81,29,135.13,Completed
3973,120,155,24,29,2025-05-21,10:56:00,3.98,17,128.56,Completed
3974,682,15,6,29,2025-04-03,05:27:00,3.91,12,159.9,Completed
3975,547,109,15,22,2025-04-24,03:42:00,6.78,30,126.25,Completed
3976,894,32,34,19,2025-10-11,17:30:00,4.21,15,112.93,Cancelled
3977,331,169,4,14,2025-05-23,09:32:00,7.81,32,215.82,Completed
3978,758,199,14,39,2025-08-11,01:31:00,11.2,39,254.31,Completed
3979,852,189,4,23,2025-08-20,01:05:00,5.47,32,111.28,No_Show
3980,926,63,28,2,2025-02-02,21:36:00,3.04,18,109.29,Completed
3981,309,189,29,32,2025-10-03,21:51:00,20.95,97,359.34,Completed
3982,570,108,18,38,2025-06-19,22:27:00,7.62,48,185.81,Completed
3983,412,108,20,33,2025-05-20,17:34:00,8.58,35,174.71,Completed
3984,399,14,32,7,2025-12-23,10:11:00,13.72,65,258.84,Completed
3985,934,23,8,34,2025-07-20,02:39:00,3.9,16,119.47,Completed
3986,306,111,13,4,2025-01-23,10:34:00,5.7,33,162.28,Cancelled
3987,653,65,40,23,2025-08-12,08:37:00,8.62,43,236.84,Completed
3988,623,160,9,20,2025-09-27,10:45:00,11.03,47,257.92,Completed
3989,163,41,40,22,2025-12-13,21:45:00,8.07,39,159.18,Completed
3990,623,26,33,29,2025-06-02,22:31:00,9.29,39,227.54,Completed
3991,664,48,12,37,2025-11-29,17:22:00,8.09,33,193.23,Completed
3992,888,201,37,3,2025-03-26,09:44:00,7.66,40,135.69,Completed
3993,65,144,25,22,2025-04-19,23:07:00,1.72,12,117.5,Completed
3994,618,159,25,20,2025-01-31,18:42:00,11.82,55,271.78,Completed
3995,216,194,16,25,2025-08-17,17:58:00,3.13,18,104.74,Completed
3996,603,32,16,34,2025-08-28,23:48:00,23.99,116,375.08,Completed
3997,914,138,39,29,2025-12-29,00:38:00,6.33,30,130.02,Completed
3998,954,153,35,10,2025-11-06,11:13:00,7.14,31,178.57,Completed
3999,26,82,23,39,2025-05-21,01:39:00,9.45,37,190.53,Completed
4000,669,109,8,37,2025-06-05,19:53:00,18.3,79,368.28,Completed
4001,584,226,3,40,2025-10-26,07:43:00,8.95,44,182.57,Cancelled
4002,44,221,24,20,2025-12-11,04:07:00,2.76,17,107.72,Completed
4003,90,173,22,38,2025-04-09,00:02:00,7.85,31,252.53,Completed
4004,133,152,14,23,2025-02-16,09:34:00,4.32,24,113.23,Completed
4005,161,3,22,11,2025-11-23,11:40:00,4.42,29,108.91,Completed
4006,744,62,34,8,2025-03-08,21:24:00,4.61,29,117.18,Completed
4007,380,79,36,29,2025-03-03,14:13:00,11.06,52,233.02,Completed
4008,261,195,31,36,2025-04-19,13:27:00,11.62,45,278.75,Completed
4009,383,183,21,25,2025-06-16,17:16:00,13.24,67,245.14,Completed
4010,369,223,5,39,2025-02-06,22:11:00,5.77,32,165.31,Completed
4011,111,10,19,34,2025-04-29,00:21:00,9.16,29,199.72,Cancelled
4012,676,230,21,32,2025-03-27,13:11:00,12.22,59,288.41,Completed
4013,77,183,2,23,2025-02-21,00:49:00,21.86,71,415.5,Completed
4014,209,150,3,21,2025-04-01,02:09:00,2.9,18,107.16,No_Show
4015,13,142,30,19,2025-10-16,07:02:00,9.23,35,212.67,Driver_Cancelled
4016,921,201,34,25,2025-12-03,20:27:00,4.21,19,127.73,Completed
4017,570,210,25,23,2025-10-25,01:30:00,10.8,49,199.29,Completed
4018,898,136,35,19,2025-07-23,17:11:00,3.32,13,178.57,Completed
4019,856,123,29,5,2025-08-26,04:01:00,9.4,34,181.83,Driver_Cancelled
4020,548,102,12,19,2025-06-04,11:13:00,5.93,31,119.18,Completed
4021,25,143,23,35,2025-08-28,17:40:00,2.76,13,161.62,Cancelled
4022,546,110,28,12,2025-05-16,02:32:00,6.34,26,162.23,Completed
4023,140,143,17,39,2025-12-28,09:40:00,7.73,44,171.87,Completed
4024,275,180,16,25,2025-03-05,21:15:00,19.4,87,330.99,No_Show
4025,370,70,9,5,2025-05-03,14:43:00,8.93,45,181.82,Completed
4026,874,54,3,12,2025-09-11,15:09:00,6,30,122.85,Completed
4027,222,76,22,27,2025-04-24,11:45:00,4.32,26,97.46,Completed
4028,37,170,31,4,2025-01-20,08:54:00,19.35,77,415.18,Completed
4029,875,147,14,19,2025-01-16,06:54:00,7.13,27,178.16,Completed
4030,129,40,3,24,2025-05-25,00:06:00,16.4,60,270.6,Completed
4031,316,197,38,28,2025-07-27,01:44:00,7.08,31,173.05,Completed
4032,323,27,23,33,2025-01-19,08:57:00,6.68,37,142.31,Completed
4033,433,74,21,35,2025-06-15,12:50:00,7.64,31,159.62,Completed
4034,218,43,24,16,2025-02-07,14:16:00,13.54,66,255.02,No_Show
4035,847,180,32,12,2025-06-30,13:24:00,7.01,29,163.12,Completed
4036,942,46,5,16,2025-12-15,18:29:00,10.38,53,179.71,Completed
4037,248,142,33,11,2025-04-15,13:43:00,24.8,103,489.44,Completed
4038,111,64,19,28,2025-04-10,23:02:00,5.38,22,150.63,Completed
4039,816,189,34,23,2025-03-31,22:01:00,7.24,29,195.77,No_Show
4040,732,98,3,17,2025-10-27,10:43:00,15.34,67,211.39,Cancelled
4041,708,126,39,19,2025-11-28,05:24:00,13.83,54,257.84,Completed
4042,147,58,28,11,2025-03-20,07:52:00,7.4,32,214.23,Completed
4043,344,177,11,4,2025-03-14,07:53:00,16.87,74,330.66,Cancelled
4044,509,207,10,10,2025-06-25,23:40:00,6.76,40,113.32,Driver_Cancelled
4045,505,29,40,19,2025-04-06,16:48:00,9.63,38,225.4,No_Show
4046,552,247,2,36,2025-12-11,12:23:00,13.38,63,271.36,Completed
4047,134,154,39,39,2025-04-13,06:34:00,23.98,83,455.54,No_Show
4048,464,27,27,22,2025-08-12,07:34:00,19.99,70,328.84,Completed
4049,864,195,9,2,2025-01-06,13:51:00,7.12,35,126.01,Completed
4050,990,67,39,33,2025-05-02,17:50:00,14.85,62,300.66,Completed
4051,191,163,1,40,2025-08-24,19:48:00,17.31,77,312.78,Completed
4052,163,250,33,27,2025-04-26,11:06:00,4.54,20,102.63,Completed
4053,456,188,38,19,2025-06-12,21:01:00,11.62,38,174.24,Cancelled
4054,61,189,33,4,2025-08-14,03:48:00,5.65,28,112.96,Completed
4055,5,227,3,19,2025-08-18,10:41:00,10.58,55,236.2,Completed
4056,37,114,32,25,2025-07-01,01:21:00,16.4,69,290.97,Completed
4057,460,198,13,6,2025-09-06,12:53:00,2.18,12,100.98,Completed
4058,217,78,21,13,2025-11-14,01:21:00,21.21,93,305.2,Completed
4059,737,90,4,22,2025-07-29,01:26:00,20.54,88,393.75,Cancelled
4060,999,131,17,4,2025-05-24,15:44:00,15.17,73,315.54,Completed
4061,728,161,4,2,2025-12-11,17:44:00,6.27,32,124.5,Completed
4062,139,42,20,3,2025-04-06,06:10:00,19.29,91,402.69,Completed
4063,618,13,12,30,2025-12-12,09:12:00,13.55,45,263.48,Driver_Cancelled
4064,99,29,26,4,2025-09-01,11:17:00,24.21,83,336.78,Completed
4065,680,9,36,29,2025-03-27,05:04:00,7.37,42,146.59,Completed
4066,961,32,16,33,2025-07-03,09:25:00,3.08,16,103.17,Completed
4067,264,150,7,13,2025-05-01,02:34:00,8.56,45,213.54,Completed
4068,599,86,33,39,2025-11-28,06:26:00,11.1,38,256.96,Driver_Cancelled
4069,596,58,2,32,2025-04-02,14:06:00,10.37,50,211.66,Completed
4070,224,57,33,28,2025-03-11,10:06:00,5.46,23,101.6,Completed
4071,11,226,14,37,2025-05-13,07:08:00,8.11,47,199.82,Driver_Cancelled
4072,327,138,20,28,2025-10-06,08:19:00,7.89,34,188.67,Completed
4073,698,25,37,27,2025-05-17,13:52:00,8.68,37,205.36,Completed
4074,350,190,27,25,2025-11-10,19:10:00,14.41,57,291.61,Completed
4075,379,191,21,30,2025-07-06,04:10:00,2.01,15,117.31,Completed
4076,944,76,2,6,2025-08-09,00:26:00,9.3,56,197.13,Completed
4077,231,115,16,30,2025-02-15,20:59:00,10.14,51,261.72,Completed
4078,141,131,19,9,2025-10-05,09:51:00,3.73,18,106.44,Cancelled
4079,618,83,4,6,2025-07-11,22:16:00,12.29,42,218.46,Completed
4080,765,225,10,29,2025-01-08,10:35:00,10.23,48,163.97,Completed
4081,956,250,22,23,2025-10-03,17:02:00,19.08,90,360.15,Completed
4082,49,175,12,6,2025-06-28,04:44:00,4.53,26,115.41,Completed
4083,451,183,2,22,2025-11-30,08:51:00,3.61,14,82,Completed
4084,775,154,2,2,2025-02-08,11:02:00,22.99,101,289.78,Completed
4085,491,13,34,31,2025-10-20,18:52:00,6.1,23,194.93,Completed
4086,205,135,18,6,2025-06-27,01:46:00,16.59,83,353.01,Completed
4087,869,162,16,5,2025-06-11,04:11:00,8.59,47,161.33,Completed
4088,409,22,19,20,2025-11-27,08:19:00,8.94,46,143.38,Completed
4089,407,84,25,12,2025-04-14,19:25:00,5.89,28,129.79,Completed
4090,51,107,30,38,2025-06-10,00:29:00,7.65,31,186.69,Completed
4091,175,23,6,38,2025-10-14,05:59:00,3.81,16,169,Completed
4092,737,176,27,8,2025-05-03,03:43:00,4.5,22,107.72,Cancelled
4093,261,14,15,33,2025-02-23,12:56:00,10.43,45,180.61,Completed
4094,480,94,31,39,2025-02-03,08:13:00,11.04,59,245.51,Driver_Cancelled
4095,734,87,22,40,2025-08-30,10:58:00,10.68,45,222.93,Completed
4096,223,111,12,31,2025-04-23,22:09:00,15.9,54,328,Cancelled
4097,269,52,10,3,2025-11-14,00:51:00,13.01,48,229.83,Completed
4098,810,83,21,19,2025-01-23,21:34:00,3.8,18,89.59,Completed
4099,893,167,31,8,2025-02-15,01:59:00,2.78,13,161.19,Completed
4100,901,41,36,30,2025-11-08,07:08:00,13.7,70,215.14,Completed
4101,919,164,10,31,2025-05-15,22:56:00,3.85,16,93.52,Completed
4102,318,6,19,29,2025-04-28,06:10:00,9.94,52,219.55,Completed
4103,385,151,23,6,2025-07-08,19:06:00,5.02,17,140.18,Cancelled
4104,586,138,10,2,2025-05-11,16:52:00,5.46,25,163.7,Completed
4105,626,99,27,23,2025-07-31,13:07:00,8.35,42,149.93,Completed
4106,219,85,2,30,2025-04-23,22:22:00,4.89,27,141.54,Completed
4107,54,224,11,38,2025-02-13,04:06:00,6.58,31,225.96,No_Show
4108,200,60,8,39,2025-05-08,20:27:00,8.65,39,154.94,Cancelled
4109,884,30,19,9,2025-12-30,08:28:00,15.08,58,330.21,Cancelled
4110,643,225,16,7,2025-06-07,02:54:00,15.88,78,252.63,Completed
4111,339,70,4,15,2025-09-30,04:50:00,15.18,63,295.89,Completed
4112,704,5,14,15,2025-11-11,09:33:00,5.58,25,200.34,Completed
4113,691,247,22,21,2025-12-21,17:09:00,4.45,28,126.21,Completed
4114,898,79,17,14,2025-12-06,20:11:00,5.8,34,129.05,Completed
4115,305,185,26,11,2025-02-14,04:59:00,5.03,23,130.71,Completed
4116,799,43,35,11,2025-04-18,01:17:00,16.03,68,247.68,Completed
4117,752,180,36,20,2025-08-07,02:48:00,9.67,52,220.18,Completed
4118,245,217,30,13,2025-11-14,11:45:00,14.01,73,202.12,Completed
4119,842,77,21,30,2025-11-11,00:59:00,3.54,17,140.52,Cancelled
4120,629,6,20,40,2025-06-26,10:18:00,15.88,70,266.01,Completed
4121,208,229,26,39,2025-08-16,03:51:00,4.27,22,194.48,Cancelled
4122,997,2,12,20,2025-07-10,03:46:00,7.98,32,152.81,Completed
4123,724,17,8,38,2025-06-09,20:58:00,10.97,45,201.34,Completed
4124,511,88,35,8,2025-09-24,02:25:00,13.39,54,265.62,Completed
4125,259,12,29,37,2025-12-24,23:46:00,10.14,51,231.4,Completed
4126,380,172,7,33,2025-11-22,22:35:00,9.76,44,154.71,Completed
4127,163,182,10,26,2025-07-09,00:56:00,4.29,19,145.23,Cancelled
4128,738,78,39,39,2025-06-24,00:58:00,5.34,22,180.73,Completed
4129,341,7,20,8,2025-10-17,23:06:00,6.79,37,136.1,Completed
4130,932,246,28,18,2025-12-23,04:56:00,11.94,41,229.78,Completed
4131,576,218,14,39,2025-05-25,17:31:00,5.37,19,117.11,Completed
4132,928,160,12,14,2025-08-20,11:22:00,13.6,65,287.01,Cancelled
4133,758,157,8,18,2025-12-26,23:58:00,11.37,43,240.65,Completed
4134,530,174,7,21,2025-07-23,07:06:00,9.8,54,202.45,Completed
4135,34,231,5,23,2025-08-01,22:15:00,5.67,29,130.97,Completed
4136,824,73,1,4,2025-02-09,06:54:00,8.88,42,186.86,No_Show
4137,998,78,9,10,2025-10-02,15:04:00,2.59,8,119.74,Completed
4138,323,181,18,11,2025-11-19,09:45:00,7.81,42,160.95,Cancelled
4139,181,209,10,20,2025-03-23,17:40:00,1.71,16,92.47,Completed
4140,963,241,1,19,2025-06-30,19:53:00,8.79,45,213.78,Cancelled
4141,347,25,20,1,2025-11-16,08:16:00,9.71,32,159.8,Completed
4142,706,53,29,31,2025-03-24,10:05:00,7.62,39,169.22,Completed
4143,192,222,2,2,2025-10-30,10:24:00,4.2,20,131.36,Completed
4144,579,237,26,5,2025-09-19,08:54:00,15.52,77,346.1,Completed
4145,721,157,11,34,2025-09-29,01:31:00,9.07,38,204.73,Completed
4146,878,221,25,4,2025-07-19,17:00:00,7.59,32,132.48,Completed
4147,679,82,34,27,2025-08-28,13:56:00,6.45,22,153.64,Completed
4148,246,223,1,39,2025-06-29,01:49:00,2.86,15,106.06,No_Show
4149,245,211,31,3,2025-06-20,04:59:00,5.32,31,105.53,Completed
4150,678,81,38,26,2025-10-22,13:06:00,9,33,212.53,Completed
4151,808,134,22,1,2025-06-26,12:06:00,13.54,45,221.29,Completed
4152,915,76,2,16,2025-08-25,23:15:00,5.66,23,199.63,Driver_Cancelled
4153,723,166,1,35,2025-05-18,18:48:00,16.01,67,298.07,Completed
4154,133,3,24,19,2025-11-23,08:05:00,8.74,36,228.6,Completed
4155,197,239,36,16,2025-11-07,16:30:00,22.73,92,446.25,Completed
4156,910,35,36,33,2025-05-09,04:36:00,13.99,71,254.93,Completed
4157,347,183,34,31,2025-02-18,23:34:00,21.69,113,368.81,Completed
4158,49,47,9,22,2025-06-13,17:13:00,9.61,34,222.18,Completed
4159,64,161,12,20,2025-10-04,21:33:00,5.62,34,140.36,Completed
4160,624,245,20,6,2025-10-20,18:47:00,7.29,29,162.3,Completed
4161,868,93,4,35,2025-04-26,08:14:00,6.45,34,114.38,Completed
4162,697,131,15,39,2025-01-24,06:53:00,8.39,46,186.57,Completed
4163,104,197,4,3,2025-11-07,21:59:00,6.63,28,141.85,Completed
4164,931,59,5,32,2025-01-25,08:41:00,18.42,91,311.17,Driver_Cancelled
4165,213,206,10,13,2025-05-07,17:37:00,17.14,84,316.84,Driver_Cancelled
4166,517,228,40,14,2025-08-22,13:17:00,4.91,33,108.84,Completed
4167,119,246,36,8,2025-07-28,09:37:00,10.92,50,262.87,Completed
4168,856,220,35,19,2025-04-03,17:30:00,18.34,87,318.33,Completed
4169,761,233,1,14,2025-04-04,19:37:00,4.9,20,127.71,Completed
4170,679,96,18,11,2025-11-23,04:36:00,3.84,19,108.6,Completed
4171,895,18,31,35,2025-08-13,09:03:00,6.73,32,168,Completed
4172,242,234,6,36,2025-10-07,08:28:00,3.24,18,106.75,Driver_Cancelled
4173,280,232,6,3,2025-01-11,01:12:00,18.23,79,243.27,Cancelled
4174,424,126,19,25,2025-11-25,07:51:00,9.93,54,226.34,Completed
4175,363,77,32,13,2025-01-12,20:09:00,2.43,11,88.2,Completed
4176,750,66,30,16,2025-02-04,15:54:00,9.49,52,252.43,Driver_Cancelled
4177,306,244,26,28,2025-08-16,08:39:00,18.51,87,381.49,Driver_Cancelled
4178,717,153,3,27,2025-08-08,04:57:00,7.99,44,158.89,No_Show
4179,486,20,33,10,2025-05-21,12:33:00,8.1,40,230.29,Completed
4180,314,199,31,18,2025-01-23,17:47:00,12.07,65,224.82,Completed
4181,513,203,20,8,2025-03-24,07:36:00,13.04,63,178.35,Completed
4182,683,197,4,7,2025-08-17,16:59:00,7.25,31,157.73,Completed
4183,167,157,32,22,2025-12-10,02:55:00,16.69,76,290.14,Completed
4184,394,18,18,38,2025-03-21,19:33:00,4.64,19,139.11,Completed
4185,770,72,10,9,2025-12-19,13:42:00,6.3,33,135.54,Driver_Cancelled
4186,63,155,22,40,2025-10-17,09:12:00,5.99,26,136.63,Cancelled
4187,272,122,17,39,2025-11-27,06:31:00,11.7,63,196.46,Completed
4188,37,170,4,29,2025-06-08,11:47:00,19.81,91,338.26,Driver_Cancelled
4189,16,66,37,37,2025-05-08,02:08:00,15.71,58,369.15,Completed
4190,766,99,7,29,2025-07-09,13:33:00,5.21,22,183.53,Cancelled
4191,343,26,8,28,2025-01-31,16:44:00,29.68,144,478.21,Completed
4192,346,151,1,21,2025-12-25,19:51:00,4.04,20,137.6,Completed
4193,848,5,8,33,2025-01-15,23:31:00,4.17,18,114.05,Completed
4194,539,80,19,26,2025-11-09,17:19:00,4.29,17,97.97,Completed
4195,959,106,17,38,2025-03-16,14:00:00,5.65,33,170.88,Completed
4196,623,11,9,15,2025-02-03,22:41:00,13.97,53,327.16,Completed
4197,233,147,16,2,2025-12-25,01:47:00,13.8,58,284.22,No_Show
4198,990,208,37,12,2025-07-15,00:16:00,4.25,21,138.24,Completed
4199,576,224,27,33,2025-11-27,13:35:00,4.7,18,138.44,Completed
4200,609,140,2,15,2025-01-29,09:57:00,12.06,65,227.89,Completed
4201,416,130,36,1,2025-07-13,18:50:00,5.16,16,165.76,Completed
4202,905,171,12,33,2025-01-16,21:55:00,4.38,22,139.16,Completed
4203,267,150,35,4,2025-03-18,01:10:00,17.53,86,351.02,Completed
4204,997,154,31,28,2025-10-20,08:42:00,1.22,13,69.41,Completed
4205,326,33,19,14,2025-03-22,01:08:00,11.69,61,216.64,Completed
4206,926,24,26,12,2025-05-04,20:01:00,11.65,53,175.38,Completed
4207,744,197,36,6,2025-01-19,15:26:00,11.24,50,240.73,Completed
4208,911,149,4,20,2025-04-12,20:53:00,6.28,31,130.65,Completed
4209,443,46,31,21,2025-03-18,21:55:00,5.55,21,111.97,Driver_Cancelled
4210,560,18,13,16,2025-08-17,13:05:00,17.05,82,258.76,Completed
4211,862,231,39,12,2025-10-24,11:00:00,19.7,72,378.84,Completed
4212,722,133,4,20,2025-07-22,20:38:00,6.02,30,131.68,Driver_Cancelled
4213,76,8,40,33,2025-03-02,07:17:00,4.98,31,129.1,Completed
4214,247,85,13,2,2025-01-26,14:59:00,1.26,11,85.65,Completed
4215,828,111,9,34,2025-03-12,10:37:00,16.02,72,283.41,No_Show
4216,580,57,2,26,2025-04-13,06:50:00,11.22,40,238.87,Completed
4217,313,5,35,33,2025-11-22,01:18:00,12.94,55,281.4,Completed
4218,576,13,12,30,2025-12-29,12:00:00,11.81,46,258.39,Cancelled
4219,694,83,17,1,2025-06-06,18:55:00,7.31,44,157.55,Cancelled
4220,592,221,4,8,2025-12-29,20:45:00,10.34,52,242.75,Completed
4221,343,194,14,1,2025-12-25,17:31:00,10.62,40,192.1,Completed
4222,715,165,21,10,2025-07-13,07:54:00,18.43,74,353.07,Cancelled
4223,182,90,8,32,2025-10-02,19:00:00,18.3,92,405.5,Completed
4224,955,157,33,40,2025-11-20,22:58:00,3.47,17,132.89,Completed
4225,984,250,28,2,2025-07-05,04:13:00,1.97,15,103.81,Completed
4226,726,69,3,31,2025-11-22,08:59:00,2.6,14,84.83,Completed
4227,935,32,14,4,2025-04-23,18:16:00,6.59,30,135.56,Cancelled
4228,632,102,19,12,2025-11-09,19:08:00,19.3,79,356.77,Driver_Cancelled
4229,399,176,6,31,2025-06-14,05:42:00,11.25,63,158.11,No_Show
4230,241,130,36,23,2025-03-02,22:38:00,13.52,60,260.18,Cancelled
4231,847,69,20,33,2025-04-02,07:08:00,7.6,38,168.22,Completed
4232,714,239,1,8,2025-10-13,23:10:00,2.86,20,93.25,Completed
4233,924,225,10,16,2025-06-02,00:10:00,19.02,74,366.96,Completed
4234,292,179,13,15,2025-08-13,05:25:00,20.42,95,378.65,Completed
4235,54,163,12,40,2025-05-07,11:08:00,6.45,26,145.18,Completed
4236,145,211,11,26,2025-07-12,00:34:00,3.93,20,165.26,Completed
4237,356,143,36,14,2025-04-25,00:08:00,7.23,29,198.71,Driver_Cancelled
4238,598,227,17,12,2025-09-19,12:07:00,16.23,87,352.27,Completed
4239,983,72,29,27,2025-01-18,11:53:00,9.96,53,161.4,Completed
4240,477,111,3,31,2025-01-10,13:04:00,7.75,35,162.71,Completed
4241,22,65,29,4,2025-04-02,03:04:00,15.23,56,360.24,Completed
4242,331,166,10,30,2025-05-19,10:14:00,9.33,29,269.72,Completed
4243,292,214,19,4,2025-11-29,11:36:00,5.2,24,138.98,Cancelled
4244,236,17,4,31,2025-12-23,17:25:00,10.11,52,152.17,Completed
4245,29,80,38,34,2025-12-06,03:33:00,2.12,17,119.42,Completed
4246,695,173,12,4,2025-02-21,05:12:00,26.68,120,510.27,Completed
4247,938,129,31,20,2025-07-14,10:27:00,13.38,45,283.21,Completed
4248,160,3,2,18,2025-07-25,23:13:00,2.35,16,80.72,No_Show
4249,910,127,1,8,2025-10-14,01:00:00,6.45,34,144.82,Cancelled
4250,530,128,17,2,2025-04-03,11:17:00,11.11,53,183.21,Driver_Cancelled
4251,550,248,25,9,2025-11-05,00:02:00,11.4,46,188.44,Completed
4252,101,70,5,16,2025-05-25,18:13:00,13.09,50,264.13,Completed
4253,290,52,14,22,2025-03-27,14:56:00,7.44,29,175.98,Completed
4254,377,181,10,12,2025-06-02,16:26:00,24.66,98,482.4,Completed
4255,173,122,21,5,2025-01-02,10:06:00,26.53,115,482.3,Cancelled
4256,343,3,25,39,2025-12-08,16:51:00,16.04,67,316.31,Completed
4257,928,239,35,15,2025-09-17,20:15:00,10.06,51,179.39,No_Show
4258,878,94,3,8,2025-06-13,09:41:00,3.91,22,159.57,Completed
4259,579,47,18,24,2025-01-06,06:42:00,9.56,37,184.09,Completed
4260,191,75,36,19,2025-05-29,04:31:00,29.45,102,429.59,Completed
4261,439,91,39,37,2025-07-24,19:04:00,10.52,46,216.39,Completed
4262,555,86,33,18,2025-04-28,14:01:00,9.65,46,184.41,Completed
4263,635,6,17,21,2025-03-30,04:02:00,8.5,47,180.87,Completed
4264,790,230,40,39,2025-06-03,20:06:00,5.55,22,206.2,Completed
4265,343,233,6,14,2025-06-16,20:01:00,5.22,24,186.32,Completed
4266,708,174,34,15,2025-06-10,01:34:00,14.59,78,197.58,Completed
4267,845,95,26,3,2025-09-27,06:12:00,12.91,47,256.94,Completed
4268,125,250,31,11,2025-02-25,23:05:00,3.36,24,124.3,Completed
4269,608,61,28,3,2025-08-16,10:04:00,21.13,89,406.87,Completed
4270,890,43,36,30,2025-12-03,04:42:00,13.32,55,289.38,Completed
4271,669,56,13,6,2025-05-29,01:10:00,28.64,99,531.73,Completed
4272,552,198,21,6,2025-02-15,23:17:00,5.57,28,119.58,Completed
4273,360,114,26,31,2025-05-24,15:18:00,15.29,77,312.68,Completed
4274,503,148,31,22,2025-08-26,06:46:00,4.45,26,101.28,Completed
4275,173,47,16,21,2025-09-29,19:04:00,2.13,15,88.91,Completed
4276,887,182,31,38,2025-04-30,07:07:00,15.39,74,230.14,Completed
4277,394,169,13,38,2025-12-06,22:26:00,4.36,18,125.51,Cancelled
4278,461,203,30,6,2025-08-08,06:49:00,11.69,51,269.66,Completed
4279,685,194,32,29,2025-01-08,04:41:00,10.56,37,265.64,Completed
4280,120,31,5,11,2025-12-10,22:13:00,7.01,33,209.65,Cancelled
4281,273,102,12,22,2025-10-02,05:02:00,4.42,17,123.68,Completed
4282,358,64,39,39,2025-12-19,07:03:00,14.58,54,261.27,Completed
4283,386,90,37,6,2025-03-07,16:32:00,8.51,28,180.92,Completed
4284,913,91,4,30,2025-03-20,08:39:00,1.65,11,94.19,Completed
4285,876,186,29,25,2025-03-27,15:36:00,9.51,35,163.3,Completed
4286,858,250,5,36,2025-05-04,06:33:00,2.87,20,87.79,Completed
4287,887,183,11,1,2025-07-21,19:25:00,6.77,32,146.55,Completed
4288,934,46,30,22,2025-05-30,17:11:00,9.28,41,160.38,Completed
4289,933,110,9,9,2025-02-15,14:51:00,1.14,9,83.48,Completed
4290,319,95,28,8,2025-04-23,06:09:00,5.45,25,163.15,Completed
4291,261,24,22,34,2025-04-01,07:42:00,7.41,39,188.09,Completed
4292,281,205,11,16,2025-05-21,05:26:00,13.66,75,226.61,Cancelled
4293,329,89,21,19,2025-10-16,04:36:00,16.8,66,263.84,Cancelled
4294,124,37,6,8,2025-08-06,02:00:00,11,52,252.66,Completed
4295,476,169,26,12,2025-03-18,16:19:00,18.73,89,352.61,No_Show
4296,278,153,16,31,2025-11-30,18:17:00,12.97,58,236.98,Completed
4297,93,29,14,33,2025-06-01,13:46:00,2.66,15,99.31,Completed
4298,959,159,35,19,2025-11-19,03:05:00,14.53,65,253.26,Cancelled
4299,547,107,36,27,2025-08-27,07:06:00,3.35,14,95.64,Completed
4300,823,231,22,24,2025-04-25,10:55:00,16.18,68,325.73,Completed
4301,128,130,2,28,2025-11-15,07:05:00,15.27,82,267.8,Completed
4302,532,248,13,4,2025-04-04,17:28:00,10.18,42,201.44,Completed
4303,773,140,11,12,2025-02-17,00:04:00,8.52,42,168.89,Cancelled
4304,167,133,12,23,2025-07-10,14:40:00,8.1,34,212.61,Completed
4305,831,189,33,20,2025-01-12,19:43:00,13.56,58,262.36,Completed
4306,236,91,22,40,2025-06-05,15:46:00,6.02,30,156.64,Completed
4307,32,56,9,28,2025-06-21,15:50:00,6.36,35,175.55,Cancelled
4308,231,226,7,1,2025-10-23,22:47:00,8.57,39,181.49,Completed
4309,191,78,17,11,2025-06-26,12:02:00,4.83,23,111.97,Completed
4310,842,71,10,31,2025-12-07,15:19:00,8.11,45,207.06,Completed
4311,936,165,38,38,2025-02-26,02:04:00,17.59,88,342.22,Completed
4312,657,36,39,9,2025-12-09,04:52:00,3.88,8,106.67,Completed
4313,613,74,25,6,2025-12-06,01:52:00,1.71,11,94.29,Completed
4314,591,29,27,6,2025-07-22,02:57:00,4.76,23,140.61,Completed
4315,508,80,30,3,2025-07-04,11:07:00,13.28,67,242.14,Completed
4316,457,166,30,32,2025-05-01,05:58:00,10,57,236.73,Completed
4317,672,213,34,35,2025-08-14,15:57:00,3.26,17,106.35,Completed
4318,255,102,33,16,2025-07-21,22:00:00,11.55,56,202.22,Completed
4319,279,169,32,2,2025-11-26,08:37:00,10.23,52,207.45,Completed
4320,971,33,12,36,2025-12-29,10:34:00,17.11,57,217.01,Completed
4321,700,93,23,7,2025-12-22,15:03:00,13.05,68,237.47,Completed
4322,973,112,29,35,2025-08-04,04:04:00,16.18,78,274.81,Completed
4323,722,123,1,30,2025-02-12,20:08:00,4.4,25,107.11,Completed
4324,753,209,20,29,2025-01-23,21:07:00,3.36,18,94.82,Completed
4325,56,141,10,1,2025-06-04,04:35:00,5.71,27,148.76,Driver_Cancelled
4326,649,134,19,1,2025-07-05,12:46:00,5.85,28,105.66,Completed
4327,106,194,23,7,2025-09-06,08:23:00,7.37,31,202.48,Completed
4328,581,8,21,3,2025-08-25,04:22:00,3.8,24,93.29,Cancelled
4329,702,247,35,36,2025-10-20,16:09:00,5.12,26,150.94,Completed
4330,192,118,32,39,2025-05-14,22:17:00,24,106,482.71,Completed
4331,278,192,10,31,2025-11-17,08:52:00,9.83,45,172.67,Completed
4332,544,224,2,25,2025-01-22,13:39:00,8.89,30,219.92,Completed
4333,175,228,36,24,2025-12-27,03:51:00,11.46,58,250.37,Driver_Cancelled
4334,770,9,6,1,2025-03-29,16:10:00,3.64,26,99.67,Completed
4335,635,151,17,38,2025-06-02,16:20:00,2.94,18,78.42,Completed
4336,85,199,15,31,2025-05-05,23:10:00,8.73,33,213.52,Driver_Cancelled
4337,988,223,36,37,2025-03-20,18:29:00,2.67,16,93.49,Driver_Cancelled
4338,948,21,24,11,2025-12-12,01:29:00,4.34,24,122.96,Completed
4339,728,129,40,3,2025-02-20,05:48:00,1.95,10,86.28,Completed
4340,216,46,29,12,2025-08-04,01:39:00,15.02,64,389.74,Completed
4341,14,62,14,20,2025-06-25,19:36:00,10.18,38,244.35,Cancelled
4342,37,2,2,30,2025-12-24,09:19:00,5.67,25,109.96,Completed
4343,27,104,22,10,2025-09-10,11:18:00,27.69,134,497.61,Completed
4344,664,75,6,39,2025-09-03,00:07:00,15.99,62,293.62,Completed
4345,576,101,9,15,2025-08-15,07:36:00,9.41,43,148.87,Completed
4346,70,210,12,21,2025-04-16,07:42:00,18.25,77,320.4,Completed
4347,154,172,39,18,2025-07-12,08:54:00,7.75,42,138.31,Completed
4348,438,245,5,32,2025-11-12,19:08:00,9.9,42,204.35,Completed
4349,765,88,40,19,2025-10-29,00:24:00,9.1,39,187.3,Completed
4350,271,244,1,30,2025-02-05,05:40:00,6.98,31,204.97,Completed
4351,541,128,10,33,2025-07-23,19:03:00,7.26,28,182.23,Completed
4352,996,83,11,22,2025-09-24,16:40:00,27.37,117,556.03,Completed
4353,74,5,27,29,2025-09-25,20:22:00,11.81,55,205.66,Cancelled
4354,796,93,23,24,2025-06-19,09:24:00,19.11,89,359.72,Completed
4355,571,39,20,4,2025-02-08,03:13:00,4.02,20,157.98,Completed
4356,755,128,5,12,2025-05-19,00:14:00,6.53,21,132.2,Completed
4357,841,66,13,36,2025-10-19,22:38:00,3.91,25,108.6,Completed
4358,149,209,10,4,2025-02-21,17:20:00,15.92,58,240.48,Completed
4359,506,45,36,5,2025-10-14,21:29:00,17,81,400.91,Completed
4360,10,75,16,19,2025-10-16,17:25:00,11.42,40,216.3,Completed
4361,644,101,7,39,2025-05-21,20:52:00,33.88,129,589.35,Completed
4362,502,141,32,31,2025-05-26,17:47:00,16.71,90,286.51,Completed
4363,62,93,25,7,2025-11-10,16:22:00,9.16,37,222.12,Completed
4364,388,119,26,12,2025-07-03,17:47:00,8.81,40,166.78,Cancelled
4365,895,32,36,10,2025-06-01,07:35:00,11.74,57,190.57,Completed
4366,774,109,28,29,2025-07-20,12:27:00,17.32,55,275.65,Completed
4367,730,232,12,21,2025-05-08,08:37:00,12.4,53,263.2,Completed
4368,232,43,26,13,2025-10-14,00:23:00,6.32,34,156.78,Completed
4369,848,136,4,23,2025-11-07,15:48:00,6.28,34,156.79,Driver_Cancelled
4370,584,74,23,6,2025-09-10,11:11:00,10.62,45,176.81,Driver_Cancelled
4371,988,217,40,31,2025-09-23,02:46:00,5.77,21,124.38,Completed
4372,528,187,24,9,2025-07-07,19:34:00,20.36,91,311.89,Completed
4373,550,139,31,24,2025-08-18,20:50:00,10.72,42,233.81,Completed
4374,689,156,30,16,2025-09-28,16:10:00,3.4,13,111.17,Driver_Cancelled
4375,445,225,3,11,2025-09-16,12:04:00,8.38,38,190.84,Completed
4376,321,39,16,36,2025-10-26,10:01:00,9.17,38,172.51,Completed
4377,894,26,34,1,2025-07-17,12:46:00,16.97,88,319.05,Completed
4378,83,72,38,21,2025-11-19,04:41:00,8.54,35,195.32,Completed
4379,434,102,28,36,2025-02-25,10:45:00,30.21,118,511.64,Completed
4380,17,26,7,37,2025-11-15,22:33:00,13.01,61,212.88,Completed
4381,369,32,8,6,2025-07-22,16:20:00,3.35,19,100.16,Completed
4382,668,46,7,14,2025-09-28,02:12:00,7.11,42,166.11,Completed
4383,684,156,37,29,2025-04-19,07:18:00,6.06,22,129.91,Driver_Cancelled
4384,908,244,7,1,2025-04-26,15:32:00,9.2,45,242.94,Completed
4385,582,135,18,8,2025-04-02,19:05:00,24.92,115,328.15,Cancelled
4386,583,35,39,19,2025-05-18,01:44:00,5.08,25,159.01,Completed
4387,255,194,21,23,2025-10-30,18:35:00,2.48,8,107.5,Completed
4388,456,22,34,39,2025-02-26,10:45:00,7.47,42,156.24,Completed
4389,643,242,27,11,2025-02-19,22:22:00,5.77,25,149.14,Completed
4390,561,150,8,27,2025-03-12,22:22:00,11.47,46,209.14,Completed
4391,533,122,34,40,2025-03-23,07:40:00,1.93,18,98.51,Completed
4392,392,3,18,36,2025-04-15,06:43:00,18.13,93,433.93,Completed
4393,320,46,12,20,2025-03-29,18:03:00,10.57,40,290.41,No_Show
4394,220,178,22,8,2025-01-02,01:59:00,10.66,53,162.01,Completed
4395,699,237,40,36,2025-12-26,11:01:00,8.87,39,197.43,Completed
4396,414,8,22,26,2025-03-25,23:40:00,3,20,136.98,Completed
4397,32,4,8,35,2025-02-12,03:44:00,9.11,34,225.82,Completed
4398,715,15,28,3,2025-06-03,07:25:00,6.18,30,111.77,Completed
4399,788,44,32,4,2025-11-23,17:52:00,2.36,13,116.39,Completed
4400,754,238,11,29,2025-04-04,11:28:00,5.5,28,142.38,Cancelled
4401,16,244,21,28,2025-10-25,07:24:00,15.28,65,326.1,Completed
4402,409,167,26,19,2025-05-13,23:54:00,14.12,72,308.11,Completed
4403,828,120,14,28,2025-03-06,14:05:00,13.36,63,249.92,Completed
4404,173,76,15,18,2025-10-17,09:01:00,11.95,51,262.87,Driver_Cancelled
4405,649,157,14,14,2025-09-14,05:34:00,11.92,45,255.69,Cancelled
4406,179,201,12,14,2025-08-01,06:11:00,15.86,81,334.46,Completed
4407,871,234,36,29,2025-05-28,22:26:00,6.66,29,144.07,Completed
4408,573,232,3,3,2025-03-02,18:19:00,13.03,62,231.37,Completed
4409,497,190,7,34,2025-05-29,16:47:00,14.06,62,250.96,Completed
4410,936,212,39,9,2025-03-29,23:51:00,20.49,85,310.77,Cancelled
4411,104,162,1,40,2025-11-20,12:38:00,17.14,62,266.05,Completed
4412,317,154,39,5,2025-10-05,05:42:00,20.66,84,343.45,Completed
4413,707,112,25,29,2025-03-23,05:23:00,11.13,47,275.22,Completed
4414,768,213,31,5,2025-05-09,22:06:00,20.13,100,277.88,Completed
4415,976,87,22,13,2025-10-13,08:53:00,7.63,37,225.98,Completed
4416,588,18,10,26,2025-12-19,10:25:00,3.33,16,136.92,Completed
4417,783,191,18,9,2025-10-07,22:11:00,15.56,74,242.34,Completed
4418,181,52,13,4,2025-09-27,10:53:00,8.3,47,137.56,No_Show
4419,132,54,8,39,2025-10-19,12:49:00,6.02,35,160.3,Completed
4420,663,216,9,31,2025-07-22,18:23:00,14.97,59,227.5,Completed
4421,155,42,15,5,2025-01-24,14:32:00,9.77,49,167.1,Completed
4422,359,93,8,7,2025-12-17,23:09:00,5.27,28,135.25,Completed
4423,235,230,33,28,2025-11-07,06:31:00,5.51,23,154.09,Completed
4424,760,230,35,40,2025-07-27,20:39:00,7.67,45,161.09,Completed
4425,165,182,19,14,2025-10-07,14:23:00,11.98,60,297.28,Completed
4426,717,180,30,24,2025-07-24,15:24:00,6.55,35,176.61,Completed
4427,427,141,9,38,2025-06-01,13:59:00,7.19,38,161.77,Completed
4428,677,32,19,5,2025-01-26,06:47:00,15.56,59,247.58,Completed
4429,488,83,26,34,2025-07-13,14:20:00,11.54,63,192.56,Completed
4430,213,81,1,28,2025-12-02,22:20:00,3.68,19,118.04,No_Show
4431,925,66,3,8,2025-08-26,15:45:00,5.52,25,166.56,Completed
4432,766,82,34,21,2025-11-17,12:21:00,5.91,33,147.56,Completed
4433,157,186,25,24,2025-03-16,11:40:00,7.56,39,200.37,Completed
4434,689,167,30,24,2025-06-12,20:55:00,10.22,52,234.01,Cancelled
4435,75,155,1,13,2025-10-26,05:01:00,10.89,42,218.23,Completed
4436,435,78,18,15,2025-01-29,14:43:00,8.79,49,134.28,Completed
4437,178,54,33,25,2025-06-14,15:36:00,14.86,73,222.46,Cancelled
4438,796,207,9,28,2025-12-03,10:27:00,6.84,31,146.73,Driver_Cancelled
4439,842,200,7,39,2025-07-05,22:35:00,7.82,39,176.5,Completed
4440,645,73,30,8,2025-02-23,12:51:00,5.92,35,155.65,Completed
4441,637,213,13,31,2025-10-22,18:00:00,14.7,68,307.98,Completed
4442,312,171,17,7,2025-02-11,04:25:00,4.32,18,141.11,Completed
4443,832,227,13,39,2025-10-12,08:06:00,7.05,23,189.69,Completed
4444,127,180,13,17,2025-05-18,00:04:00,17.75,89,387.01,Completed
4445,377,14,38,35,2025-07-06,21:25:00,8.17,30,256.61,Completed
4446,345,219,37,22,2025-07-23,23:12:00,1.8,11,92.72,Completed
4447,225,136,10,7,2025-02-11,03:40:00,4,17,107.6,Completed
4448,17,35,14,10,2025-12-16,00:26:00,13.12,47,209.48,Completed
4449,497,146,5,28,2025-10-15,00:16:00,12.69,43,212.59,Completed
4450,993,183,36,39,2025-01-26,18:09:00,24.83,126,369.26,Completed
4451,473,78,35,29,2025-02-25,09:12:00,3.23,18,110.75,Completed
4452,865,52,23,35,2025-09-10,13:57:00,17.63,63,368.26,Completed
4453,311,72,5,22,2025-05-02,20:22:00,20.19,91,281.21,Completed
4454,758,177,28,9,2025-04-16,14:21:00,6.35,28,217.13,Completed
4455,137,136,23,36,2025-05-10,15:33:00,6.23,22,155.49,Completed
4456,475,165,34,8,2025-12-03,12:08:00,9.78,47,168.97,Completed
4457,217,236,31,30,2025-06-07,19:09:00,15.03,58,306.31,Completed
4458,196,66,7,30,2025-08-19,08:55:00,3.35,21,86.45,Completed
4459,201,81,7,31,2025-11-04,03:56:00,12.26,68,217.85,Completed
4460,366,77,4,22,2025-04-01,18:17:00,3.2,15,110.46,No_Show
4461,719,118,32,31,2025-01-22,23:34:00,13.91,70,215.57,Completed
4462,528,206,28,40,2025-10-17,12:53:00,7.65,43,173.95,Cancelled
4463,400,169,4,28,2025-04-20,15:53:00,3.79,14,123.23,Cancelled
4464,525,233,39,5,2025-02-18,12:35:00,7.37,28,171.82,Completed
4465,590,73,8,17,2025-05-09,11:10:00,2.64,20,93.52,Completed
4466,214,27,14,11,2025-03-14,13:04:00,5.35,23,148.95,Completed
4467,341,148,30,22,2025-12-06,08:46:00,10.46,39,201.2,Completed
4468,329,38,3,25,2025-02-22,06:40:00,22.92,84,364.72,Completed
4469,959,140,2,13,2025-12-22,19:59:00,7.04,30,116.68,Cancelled
4470,119,170,10,36,2025-06-17,11:09:00,10.91,43,240.4,Completed
4471,425,86,6,11,2025-02-14,01:13:00,11.25,57,188.5,Completed
4472,693,101,7,5,2025-04-15,21:16:00,4.94,25,156.11,Completed
4473,836,178,16,14,2025-05-30,10:36:00,10.1,49,203.34,Driver_Cancelled
4474,842,103,6,22,2025-05-26,16:50:00,1.6,16,88.11,Completed
4475,867,31,16,3,2025-07-23,02:21:00,1.93,13,70.78,Completed
4476,373,205,27,35,2025-12-28,22:01:00,5.33,32,137.12,Completed
4477,649,193,12,32,2025-10-26,07:20:00,3.56,24,107.71,Completed
4478,179,230,22,38,2025-06-16,06:46:00,11.84,52,311.44,Completed
4479,432,181,15,40,2025-07-20,15:56:00,13.01,57,196.69,Driver_Cancelled
4480,720,245,22,24,2025-05-14,12:20:00,2.31,12,123.08,Completed
4481,945,40,35,28,2025-07-30,04:19:00,6.32,38,142.07,Driver_Cancelled
4482,402,73,15,21,2025-02-17,01:19:00,3.7,27,109.15,Completed
4483,394,167,23,33,2025-05-06,20:25:00,20.05,97,437.54,Cancelled
4484,981,138,38,28,2025-08-27,06:44:00,5.72,33,132.37,Completed
4485,883,157,2,39,2025-01-07,05:41:00,5.26,24,109.3,Completed
4486,566,168,2,36,2025-09-29,16:24:00,4.58,22,113.22,Cancelled
4487,79,158,19,10,2025-02-06,21:08:00,5.93,24,164.66,Completed
4488,783,130,5,37,2025-07-30,02:40:00,23.22,110,452.57,Completed
4489,907,82,4,40,2025-06-14,02:37:00,3.71,24,98.37,Completed
4490,424,156,28,25,2025-05-05,15:14:00,3.63,15,86.82,Completed
4491,118,175,18,17,2025-12-03,21:46:00,2.29,12,83.26,Completed
4492,368,32,40,4,2025-07-11,15:12:00,22.15,113,401.31,Completed
4493,106,88,31,10,2025-08-06,06:32:00,4.87,22,194.4,Completed
4494,105,102,22,25,2025-08-02,19:51:00,5.89,35,156.01,Completed
4495,303,248,11,32,2025-03-03,12:09:00,10.02,46,219.41,Completed
4496,630,206,16,8,2025-11-24,06:01:00,1.84,8,152.54,Completed
4497,894,89,4,12,2025-06-10,02:09:00,8.01,32,197.36,Completed
4498,741,89,21,21,2025-03-07,18:25:00,6.99,31,153.92,Cancelled
4499,148,32,25,27,2025-10-13,12:38:00,11.28,51,179.39,Completed
4500,866,155,20,30,2025-08-27,19:39:00,7.28,36,136.01,Completed
4501,150,54,8,10,2025-01-20,17:11:00,11.59,41,183.68,Driver_Cancelled
4502,816,96,9,21,2025-07-07,06:28:00,14.67,54,264.65,Completed
4503,256,184,18,1,2025-03-23,04:47:00,4.71,27,108.52,Completed
4504,82,159,31,9,2025-12-29,08:12:00,17.9,64,302.36,Completed
4505,16,114,35,3,2025-07-21,16:23:00,10.02,46,228.22,Completed
4506,901,24,30,19,2025-05-12,15:56:00,2.21,12,91.13,Completed
4507,193,163,18,6,2025-02-06,12:40:00,21.83,88,433.49,Completed
4508,723,30,19,7,2025-05-12,11:30:00,7.47,27,165.53,Completed
4509,74,97,24,16,2025-03-18,09:19:00,13.99,52,312.67,Completed
4510,277,55,22,36,2025-03-30,17:10:00,11.47,47,220.34,Completed
4511,61,64,14,4,2025-09-10,19:28:00,3.43,20,95.91,Completed
4512,973,33,19,18,2025-12-10,04:40:00,5.04,21,135.56,Completed
4513,951,46,29,32,2025-07-13,06:15:00,7.26,31,149.72,Completed
4514,536,219,22,32,2025-06-25,20:35:00,13.96,45,245.45,Completed
4515,535,225,30,18,2025-02-02,00:21:00,9.06,39,201.35,Completed
4516,343,33,15,39,2025-02-27,19:45:00,7.29,33,145.64,Completed
4517,395,196,21,37,2025-07-20,20:07:00,8.99,45,211.48,Driver_Cancelled
4518,943,192,26,28,2025-01-28,14:19:00,1.32,15,105.75,Driver_Cancelled
4519,258,30,36,39,2025-02-04,11:38:00,6.94,27,147.02,Completed
4520,198,236,12,2,2025-05-05,01:20:00,7.16,24,129.56,Completed
4521,53,79,7,37,2025-11-17,16:55:00,6.91,38,184.21,Completed
4522,651,157,11,37,2025-02-11,13:43:00,20.82,85,253.28,Driver_Cancelled
4523,271,190,39,2,2025-03-26,17:38:00,30.94,153,432.83,Completed
4524,201,92,20,19,2025-07-07,15:41:00,3.32,21,122.19,Completed
4525,396,96,35,5,2025-04-21,19:29:00,4.96,23,123.33,Completed
4526,378,228,4,13,2025-09-28,15:10:00,17.45,71,279.22,Completed
4527,891,30,2,22,2025-11-21,02:23:00,11.27,57,203.87,Completed
4528,676,106,20,7,2025-04-15,13:55:00,12.81,66,186.52,Completed
4529,604,235,20,2,2025-11-16,07:23:00,6.16,30,143.53,Completed
4530,535,102,12,14,2025-02-10,03:38:00,8.44,44,140.51,Completed
4531,923,234,17,25,2025-08-03,03:42:00,10.47,55,167.88,Completed
4532,88,140,18,26,2025-03-12,20:19:00,30.39,149,486.2,Completed
4533,398,67,40,5,2025-02-25,00:13:00,12.27,63,190.04,Completed
4534,182,143,24,20,2025-08-24,00:22:00,15.83,66,338.01,Cancelled
4535,867,240,8,12,2025-10-08,15:28:00,7.55,40,124.12,Completed
4536,283,10,37,36,2025-04-15,12:14:00,12.83,70,252.93,Completed
4537,533,86,30,31,2025-06-11,13:19:00,14.65,56,268.81,Completed
4538,561,61,20,17,2025-07-10,20:25:00,11.05,44,209.68,Completed
4539,190,23,23,16,2025-01-09,21:11:00,2.71,16,82.58,Completed
4540,205,11,37,10,2025-03-01,14:51:00,4.41,18,179.21,Completed
4541,968,16,10,35,2025-11-01,02:54:00,7.85,36,166.23,Completed
4542,44,49,33,33,2025-08-13,03:22:00,10.2,36,190.53,Completed
4543,300,110,24,38,2025-11-03,14:18:00,12.26,56,215.34,Completed
4544,640,80,36,35,2025-07-07,07:32:00,3.6,18,149.25,Completed
4545,994,142,16,27,2025-03-11,04:24:00,6.77,32,146.1,Completed
4546,701,134,28,7,2025-10-20,17:16:00,10.01,43,162.53,Completed
4547,682,170,12,27,2025-10-14,21:31:00,11.86,57,230.87,Completed
4548,279,145,20,12,2025-06-18,13:21:00,10,45,247.09,Completed
4549,713,119,18,33,2025-03-03,20:33:00,5.07,28,158.11,Completed
4550,385,223,37,13,2025-12-15,12:37:00,3.6,21,104.46,Completed
4551,637,42,26,2,2025-01-14,20:11:00,8.89,39,167.34,Completed
4552,804,245,7,3,2025-06-13,12:00:00,26.88,113,374.26,Cancelled
4553,311,10,21,11,2025-09-02,10:14:00,6.23,26,156.48,Driver_Cancelled
4554,878,174,32,5,2025-12-01,20:17:00,10.51,52,187.25,Completed
4555,528,212,7,2,2025-01-08,05:44:00,4.03,24,103.44,Completed
4556,857,49,23,28,2025-06-03,07:57:00,7.09,28,145.93,Completed
4557,274,9,20,13,2025-02-05,15:36:00,14.16,69,241.02,Completed
4558,482,207,20,35,2025-02-17,07:00:00,5.61,15,149.66,Completed
4559,806,167,32,40,2025-03-26,00:01:00,7.45,32,162.83,Completed
4560,451,2,26,13,2025-01-28,19:35:00,4.17,25,117.56,Driver_Cancelled
4561,532,68,36,12,2025-07-15,08:15:00,14.92,50,205.81,Completed
4562,531,52,24,18,2025-07-27,13:41:00,10.89,49,175.09,Completed
4563,525,216,1,18,2025-07-23,11:54:00,8.12,45,172.96,Cancelled
4564,17,210,28,17,2025-11-03,21:24:00,3.98,24,109.24,Completed
4565,718,139,26,39,2025-04-14,04:42:00,4.42,19,103.6,Driver_Cancelled
4566,30,37,34,22,2025-08-18,20:19:00,3.38,18,139.32,Completed
4567,470,218,26,13,2025-04-11,13:45:00,6.79,42,155.15,Completed
4568,811,200,36,38,2025-01-29,13:48:00,3.36,21,116.75,Completed
4569,304,22,5,19,2025-05-07,19:17:00,8.03,35,131.59,Completed
4570,555,180,2,24,2025-12-04,04:32:00,12.91,49,260.59,Completed
4571,93,5,32,19,2025-01-10,17:25:00,7.34,29,130.51,Completed
4572,882,130,34,21,2025-04-16,08:57:00,4.73,20,105.87,Completed
4573,578,133,30,24,2025-06-16,18:59:00,9.4,59,221.72,Completed
4574,631,99,24,30,2025-09-14,00:14:00,2.35,16,69.02,Completed
4575,821,160,28,28,2025-10-22,01:38:00,4.4,20,110.75,Completed
4576,584,236,3,35,2025-10-04,20:41:00,8.48,35,168.32,Cancelled
4577,846,147,10,38,2025-03-06,11:26:00,4.07,20,99.84,Completed
4578,162,103,6,17,2025-09-28,09:00:00,8.95,37,202.1,Completed
4579,973,115,34,34,2025-07-07,20:40:00,7.89,45,151.85,No_Show
4580,842,4,31,9,2025-11-13,18:22:00,21.1,77,426.19,Driver_Cancelled
4581,328,87,13,13,2025-05-18,21:57:00,6.72,37,150.13,Completed
4582,967,46,39,14,2025-12-09,19:25:00,20.11,106,399.17,Completed
4583,781,83,20,26,2025-04-15,01:35:00,8.07,43,172.96,Completed
4584,730,154,32,21,2025-02-03,03:51:00,3.73,15,87.08,Completed
4585,254,250,10,20,2025-04-20,20:01:00,6.46,26,122,Completed
4586,440,50,26,11,2025-02-02,05:39:00,13.74,55,230.99,Completed
4587,571,26,19,35,2025-12-20,16:44:00,12.23,57,237.77,Cancelled
4588,544,71,29,31,2025-08-19,22:21:00,10.49,38,153.45,Completed
4589,851,32,13,18,2025-11-13,00:49:00,23.39,73,335.35,No_Show
4590,120,111,34,14,2025-09-23,19:21:00,12.4,48,245.46,Completed
4591,975,117,20,5,2025-07-01,09:37:00,5.14,26,150.88,Completed
4592,822,97,40,17,2025-12-06,03:46:00,3.22,17,112.02,Completed
4593,514,172,18,21,2025-03-06,00:23:00,11.11,48,222.49,No_Show
4594,630,26,34,14,2025-11-29,15:26:00,13.18,51,222.18,Completed
4595,549,189,8,3,2025-01-01,18:56:00,4.31,25,139.7,Completed
4596,979,88,16,31,2025-05-13,14:07:00,12.27,43,194.23,Driver_Cancelled
4597,97,51,40,25,2025-03-21,03:12:00,11.53,58,258.67,Completed
4598,871,187,23,17,2025-09-28,00:36:00,5.71,27,106.39,Completed
4599,370,87,32,26,2025-08-29,16:12:00,12.58,63,256.43,Cancelled
4600,417,166,13,17,2025-01-28,18:08:00,7.26,30,196.91,No_Show
4601,257,26,26,19,2025-08-11,20:35:00,6.81,39,169.14,Completed
4602,128,124,38,27,2025-01-23,13:28:00,22.37,83,318.13,Completed
4603,359,173,1,7,2025-04-19,08:21:00,5.34,30,133.45,Completed
4604,156,31,2,26,2025-04-17,14:50:00,6.38,25,135.83,Completed
4605,657,126,39,5,2025-05-25,12:09:00,5.69,32,154.43,Completed
4606,57,198,13,2,2025-12-20,08:40:00,18.09,58,257.82,Completed
4607,582,45,27,16,2025-05-19,17:40:00,7.44,32,196.86,Completed
4608,948,31,4,11,2025-10-11,12:46:00,19.06,80,344.5,Completed
4609,556,111,20,39,2025-10-25,10:37:00,10.39,52,202.63,Completed
4610,724,61,3,23,2025-04-09,04:58:00,3.89,20,123.54,Completed
4611,687,176,23,35,2025-11-13,18:38:00,8.04,42,165.68,Completed
4612,653,232,2,6,2025-05-03,05:12:00,16.1,84,285.57,Completed
4613,76,45,16,37,2025-11-16,02:55:00,8.67,34,186.07,Completed
4614,158,237,10,1,2025-10-14,15:35:00,2.37,10,81.64,Completed
4615,85,60,28,33,2025-03-22,17:32:00,4.94,28,150.75,Completed
4616,322,189,18,18,2025-01-10,09:40:00,18.14,69,318.12,Completed
4617,309,52,2,3,2025-01-08,02:34:00,7.87,44,184.08,Cancelled
4618,530,52,14,19,2025-07-24,01:20:00,6.21,29,163.23,Completed
4619,284,76,20,10,2025-11-11,00:02:00,10.28,35,166.29,Completed
4620,900,243,40,20,2025-07-16,15:03:00,15.66,48,271.2,Completed
4621,42,209,23,11,2025-07-17,15:40:00,11.73,58,257.13,Completed
4622,894,62,7,32,2025-01-30,22:09:00,10.33,53,169.45,No_Show
4623,885,154,14,40,2025-01-20,21:49:00,13.77,57,236.25,Completed
4624,134,67,37,20,2025-02-17,03:17:00,4.06,16,97.2,Completed
4625,614,79,8,32,2025-05-10,12:02:00,5.19,30,125.19,Completed
4626,649,49,5,37,2025-10-20,18:51:00,22.92,101,410.22,Completed
4627,404,230,23,22,2025-05-12,05:01:00,7.91,36,151.08,Completed
4628,493,88,10,4,2025-12-22,15:24:00,3.77,19,136.86,Completed
4629,222,115,27,13,2025-02-23,03:04:00,4.18,21,125.45,Completed
4630,229,222,35,6,2025-10-08,05:50:00,13.43,62,216.11,Completed
4631,806,44,1,29,2025-09-22,06:35:00,7.1,33,127.04,Completed
4632,452,36,7,2,2025-08-03,18:59:00,8.47,31,174.2,Completed
4633,998,181,8,25,2025-10-17,19:49:00,8.57,43,146.26,Completed
4634,306,247,11,32,2025-02-12,13:57:00,5.59,22,126.16,Completed
4635,828,172,34,26,2025-03-15,12:16:00,11.53,51,217.88,Completed
4636,909,219,28,26,2025-12-16,21:59:00,16.73,74,264.03,Completed
4637,119,22,34,38,2025-10-05,17:20:00,1.46,19,115.28,Completed
4638,611,130,20,22,2025-11-22,23:11:00,8.98,40,154.02,No_Show
4639,862,7,28,10,2025-08-30,18:53:00,18.04,85,351.48,Completed
4640,938,16,37,23,2025-05-10,02:30:00,2.52,15,75.51,Completed
4641,324,216,3,4,2025-12-16,04:58:00,7.61,38,196.39,Completed
4642,921,94,9,16,2025-07-13,09:10:00,7.8,33,159.88,Completed
4643,159,44,22,33,2025-02-01,06:59:00,17.48,68,287.49,Completed
4644,239,240,25,13,2025-04-16,14:17:00,3.68,26,129.25,Cancelled
4645,396,110,2,13,2025-07-23,23:09:00,22.37,106,282,Driver_Cancelled
4646,320,65,23,33,2025-01-01,22:33:00,14.8,64,241.97,Completed
4647,847,246,17,14,2025-09-02,23:37:00,2.68,20,124.1,Completed
4648,189,219,25,8,2025-03-13,23:41:00,28.02,132,391.44,Completed
4649,309,73,12,26,2025-11-02,17:09:00,12.49,54,170.97,Completed
4650,249,71,27,22,2025-01-15,13:05:00,6.32,25,169.55,Completed
4651,538,197,20,1,2025-02-22,17:16:00,3.53,15,105.23,Completed
4652,701,189,9,16,2025-01-08,08:06:00,14.3,53,223.57,Completed
4653,506,158,23,29,2025-11-26,03:12:00,15.62,65,282.8,Completed
4654,394,170,36,23,2025-02-15,21:43:00,5.2,29,138.4,Cancelled
4655,652,219,28,5,2025-11-21,14:26:00,2.8,18,101.68,Completed
4656,406,74,29,21,2025-04-24,22:02:00,15.57,52,260.16,Completed
4657,1000,25,32,36,2025-05-27,00:45:00,8.5,37,185.63,Completed
4658,181,82,12,20,2025-06-15,14:04:00,6.88,36,113.98,Driver_Cancelled
4659,21,71,30,8,2025-05-19,23:07:00,16.12,67,282.63,Completed
4660,675,57,11,26,2025-04-27,10:53:00,7.61,29,175.2,Cancelled
4661,583,223,37,25,2025-10-26,00:55:00,6.36,29,155.27,Completed
4662,594,160,20,7,2025-10-03,23:27:00,8.27,38,162.7,Completed
4663,155,50,11,22,2025-10-04,13:48:00,1.62,18,77.89,Completed
4664,828,237,38,33,2025-12-04,14:10:00,8.43,36,177.2,Cancelled
4665,867,75,16,5,2025-11-09,16:55:00,19.87,101,356.12,Completed
4666,559,138,35,38,2025-06-27,01:02:00,9.2,39,219.58,Completed
4667,194,150,1,12,2025-11-26,17:23:00,7.16,41,166.58,Completed
4668,224,223,25,14,2025-12-20,19:08:00,16.37,86,339.37,Cancelled
4669,399,41,27,7,2025-06-03,17:14:00,11.11,48,203.66,Driver_Cancelled
4670,749,47,32,28,2025-07-20,21:28:00,14.34,62,308.3,No_Show
4671,280,142,6,16,2025-04-25,12:50:00,7.97,39,178.29,No_Show
4672,980,131,36,2,2025-06-08,06:19:00,3.94,17,105.31,Completed
4673,10,216,39,31,2025-02-11,00:51:00,9.35,46,253.76,Completed
4674,376,78,23,36,2025-09-04,01:58:00,17.3,82,280.19,Completed
4675,472,53,29,14,2025-03-09,22:33:00,15.21,74,286.59,Completed
4676,152,16,30,28,2025-11-22,18:56:00,2.54,12,126.71,Cancelled
4677,856,119,22,32,2025-11-30,15:11:00,13.11,66,310.19,Driver_Cancelled
4678,616,189,11,28,2025-07-15,04:40:00,10.32,56,175.45,Completed
4679,124,28,26,12,2025-03-31,01:58:00,7.78,29,174.43,Completed
4680,697,163,23,13,2025-04-21,12:26:00,3.38,18,128.21,Driver_Cancelled
4681,802,232,3,22,2025-12-25,18:41:00,14.14,50,280.92,Completed
4682,553,130,6,29,2025-05-25,10:54:00,6.42,26,157.36,Completed
4683,424,61,7,30,2025-10-02,21:45:00,3.34,19,110.44,Completed
4684,523,184,39,15,2025-06-28,14:58:00,8.28,37,204.88,Completed
4685,730,226,22,40,2025-08-29,13:54:00,2.99,19,75.2,Completed
4686,513,55,33,4,2025-11-22,22:57:00,8.39,43,192.47,Completed
4687,926,18,40,33,2025-11-15,03:23:00,4.95,27,142.02,Completed
4688,171,199,3,9,2025-11-27,12:50:00,17.87,65,349.4,No_Show
4689,850,49,30,38,2025-06-02,07:49:00,7.99,39,151.74,Completed
4690,794,102,24,16,2025-04-14,14:13:00,11.74,55,262.94,Completed
4691,565,42,3,26,2025-03-16,01:35:00,17.3,63,304.43,No_Show
4692,125,7,2,27,2025-05-08,19:00:00,9.68,37,215.06,Completed
4693,175,132,40,11,2025-07-18,20:06:00,12.04,50,192.38,Completed
4694,504,171,19,26,2025-06-03,02:07:00,34.35,166,564.7,Cancelled
4695,777,208,24,14,2025-02-25,03:28:00,13.43,49,285.25,Completed
4696,777,59,20,1,2025-10-05,04:21:00,12.05,43,222.01,Cancelled
4697,385,49,31,11,2025-12-11,04:44:00,3.63,21,181.99,Completed
4698,711,60,31,30,2025-01-19,12:59:00,8.94,48,272.14,Completed
4699,768,6,37,24,2025-06-08,19:11:00,28.49,116,375.01,Completed
4700,684,148,29,4,2025-01-26,11:26:00,11.75,50,185.39,Completed
4701,571,31,4,22,2025-06-18,22:28:00,10.1,41,156.34,Completed
4702,952,211,10,8,2025-01-23,01:57:00,7.74,33,150.23,Completed
4703,106,116,36,16,2025-02-16,15:48:00,5.16,22,143.22,Driver_Cancelled
4704,947,150,35,33,2025-01-13,20:06:00,4.61,19,125.33,Cancelled
4705,637,85,21,33,2025-08-05,02:25:00,8.94,41,162.76,Completed
4706,528,210,1,10,2025-11-18,19:29:00,11.69,65,279.29,Cancelled
4707,38,160,12,2,2025-07-13,02:17:00,4.85,33,108.99,Completed
4708,395,47,24,4,2025-05-24,10:50:00,4.73,26,159.59,Completed
4709,755,162,2,23,2025-03-14,05:10:00,2.78,17,104.26,Cancelled
4710,921,243,20,27,2025-06-05,13:52:00,11.89,58,231.12,Completed
4711,477,155,16,33,2025-03-18,03:37:00,10.46,43,181.98,Completed
4712,467,230,34,33,2025-06-18,01:09:00,13.18,49,232.21,Completed
4713,722,44,13,20,2025-10-14,14:57:00,3.1,19,134.49,Completed
4714,505,158,18,13,2025-03-26,07:26:00,4.53,21,119.11,Completed
4715,315,161,29,11,2025-07-01,11:31:00,1.07,6,59.16,Completed
4716,285,155,14,19,2025-11-11,13:21:00,4.22,25,179.97,Completed
4717,464,247,30,32,2025-10-24,17:12:00,4.68,23,130.98,Completed
4718,680,56,35,3,2025-04-22,13:54:00,13.98,52,210.48,Completed
4719,264,151,9,13,2025-08-18,03:37:00,14.78,71,314.03,Completed
4720,610,43,37,28,2025-04-06,17:44:00,6.61,37,200.39,Completed
4721,646,211,39,22,2025-06-17,12:55:00,30.81,133,574.43,Completed
4722,429,54,12,19,2025-06-05,16:40:00,16.2,79,332.1,Completed
4723,365,223,21,31,2025-04-15,00:13:00,7.94,46,179,Completed
4724,181,68,18,20,2025-07-12,15:11:00,7.02,33,213.66,Completed
4725,734,53,11,24,2025-11-26,06:54:00,7.75,43,223.3,Completed
4726,876,211,27,32,2025-05-12,22:26:00,1.53,6,93.05,Completed
4727,994,245,24,9,2025-12-21,07:22:00,4.46,18,190.48,No_Show
4728,661,230,34,19,2025-05-18,18:50:00,21.96,96,397.95,Driver_Cancelled
4729,244,40,20,23,2025-11-27,13:01:00,8.12,32,159.84,Cancelled
4730,313,188,13,25,2025-09-27,19:59:00,8.64,45,194.53,Driver_Cancelled
4731,76,86,8,33,2025-02-07,18:38:00,11.88,49,216.85,Completed
4732,881,137,37,2,2025-02-14,17:15:00,12.16,44,256.37,Completed
4733,262,95,5,3,2025-06-12,21:57:00,19.3,77,397.84,Completed
4734,231,138,7,28,2025-11-27,18:22:00,18.44,93,346.66,Completed
4735,703,10,12,37,2025-09-10,13:26:00,8.49,30,174.82,Driver_Cancelled
4736,380,158,4,35,2025-06-18,03:51:00,19.26,89,381.38,Completed
4737,646,138,40,14,2025-10-12,16:06:00,11.27,59,232.73,No_Show
4738,309,186,19,24,2025-10-01,10:15:00,7.29,33,160.33,Completed
4739,764,36,1,37,2025-01-20,23:38:00,14.03,46,331.31,Cancelled
4740,388,210,13,3,2025-08-27,17:10:00,15.05,55,232.95,Completed
4741,757,172,25,23,2025-09-27,12:13:00,10.88,47,223.81,Completed
4742,777,185,34,34,2025-11-06,08:06:00,11.09,45,184.44,Completed
4743,325,43,35,9,2025-01-31,06:24:00,23.83,99,317.74,Cancelled
4744,842,240,17,18,2025-11-10,06:10:00,10.68,58,227.41,Driver_Cancelled
4745,879,211,26,2,2025-04-14,00:44:00,7.28,33,170.41,Completed
4746,456,107,21,22,2025-06-19,01:32:00,4.97,26,162.31,Completed
4747,512,151,12,35,2025-07-05,20:31:00,7.86,40,171.14,Completed
4748,343,132,16,31,2025-05-08,10:40:00,4.8,19,108.73,No_Show
4749,516,140,20,26,2025-07-29,02:51:00,6.47,32,185.59,Completed
4750,442,124,10,14,2025-10-08,07:19:00,5.21,20,178.6,Completed
4751,549,49,23,28,2025-09-10,10:03:00,8.84,42,154.33,Completed
4752,583,152,30,11,2025-01-19,03:36:00,11.33,52,228.67,Completed
4753,262,141,8,32,2025-07-19,21:59:00,9.03,34,208.59,Completed
4754,749,124,5,21,2025-08-08,20:32:00,11.66,60,193.22,Completed
4755,819,68,12,23,2025-05-16,22:51:00,4.33,14,140.27,Driver_Cancelled
4756,463,219,14,24,2025-08-11,17:43:00,4.8,28,112.69,Cancelled
4757,867,102,12,12,2025-01-03,03:21:00,3.91,21,113.41,Completed
4758,690,231,24,3,2025-08-24,14:35:00,10.06,44,227.51,No_Show
4759,608,200,17,6,2025-12-08,17:52:00,17.5,64,270.89,Completed
4760,910,90,1,12,2025-08-16,19:00:00,4.15,24,106.35,Completed
4761,227,162,37,20,2025-05-22,08:41:00,11.5,48,201.59,Completed
4762,523,9,11,6,2025-01-09,08:56:00,10.47,50,186.2,Completed
4763,778,10,6,20,2025-07-09,14:06:00,22.57,82,307.05,Cancelled
4764,189,125,15,14,2025-12-16,05:07:00,16.81,62,239.78,Completed
4765,209,115,40,1,2025-06-14,05:07:00,9.92,42,217.61,Completed
4766,13,65,23,20,2025-05-19,01:25:00,34.55,151,526.76,Completed
4767,889,112,23,22,2025-10-03,11:23:00,9.03,35,264.41,Completed
4768,162,242,38,40,2025-10-18,18:26:00,10.48,43,218.35,Cancelled
4769,572,72,38,31,2025-02-22,16:19:00,18.35,61,354.97,Completed
4770,493,74,12,31,2025-06-24,15:39:00,9.62,47,216.71,Completed
4771,435,54,7,28,2025-04-20,12:56:00,10.38,51,180.33,Driver_Cancelled
4772,5,171,37,12,2025-07-22,01:02:00,6.18,28,135.4,Completed
4773,202,241,16,16,2025-05-16,21:59:00,7.55,33,152.07,Completed
4774,416,187,38,33,2025-01-04,03:06:00,30.32,99,591.86,Completed
4775,12,89,40,35,2025-06-04,09:10:00,9.37,46,198.86,Completed
4776,948,95,35,4,2025-06-21,18:30:00,9.1,40,200.6,No_Show
4777,397,103,40,10,2025-12-24,13:38:00,7.56,42,170.37,Completed
4778,341,250,29,34,2025-02-16,04:37:00,3.4,14,140.96,Completed
4779,752,187,39,3,2025-04-04,10:17:00,7.07,41,150.37,Driver_Cancelled
4780,950,195,17,31,2025-02-17,11:18:00,2.32,19,161.55,Completed
4781,373,61,26,31,2025-08-28,08:22:00,3.71,14,115.23,Completed
4782,378,231,20,1,2025-12-13,04:42:00,9.82,47,203.92,Completed
4783,225,166,25,5,2025-08-01,14:25:00,17.59,84,317.53,Cancelled
4784,182,227,38,5,2025-12-06,21:07:00,9.44,39,207.19,Completed
4785,297,136,39,2,2025-11-20,04:58:00,13.3,59,243.52,Completed
4786,816,128,37,15,2025-05-19,08:14:00,5.16,26,131.99,Completed
4787,307,65,19,1,2025-07-24,14:59:00,3.98,22,154.7,Completed
4788,431,5,21,21,2025-03-14,22:27:00,4.27,26,135.59,Completed
4789,690,120,32,37,2025-01-04,04:45:00,6.32,38,145.39,Completed
4790,118,115,28,7,2025-03-17,11:58:00,3.67,21,108.54,Completed
4791,352,219,39,11,2025-11-25,22:12:00,5.06,21,131.75,Completed
4792,588,109,12,26,2025-03-18,17:54:00,1.26,13,73.89,Completed
4793,46,218,15,2,2025-10-31,23:39:00,7.27,36,166.08,Cancelled
4794,227,43,28,30,2025-09-13,06:02:00,7.21,29,157.88,Completed
4795,356,188,21,14,2025-04-12,17:22:00,5.77,31,186.61,Completed
4796,294,246,16,5,2025-04-16,02:11:00,11.22,55,234.58,Completed
4797,240,26,23,31,2025-11-29,23:21:00,22.57,107,424.4,Completed
4798,348,11,26,32,2025-02-08,12:34:00,17.67,70,313.54,Completed
4799,141,162,15,34,2025-11-10,20:02:00,6.47,35,169.2,Completed
4800,204,233,37,10,2025-10-02,17:51:00,8.65,38,160.47,Completed
4801,662,130,12,31,2025-03-29,09:42:00,7,32,164.52,Driver_Cancelled
4802,642,21,4,27,2025-07-30,06:32:00,15.99,62,222.73,Completed
4803,861,115,35,18,2025-03-18,17:53:00,10.57,48,180.17,Completed
4804,845,154,31,5,2025-03-18,18:47:00,10.27,40,202.17,Completed
4805,995,128,27,17,2025-01-28,00:26:00,7.28,36,149.29,Driver_Cancelled
4806,269,76,32,11,2025-09-02,08:25:00,15.69,79,302.24,Completed
4807,313,73,33,5,2025-03-07,20:03:00,5.83,34,135.46,Completed
4808,418,233,13,38,2025-09-23,15:09:00,3.33,20,148.46,Driver_Cancelled
4809,915,87,37,37,2025-07-24,16:57:00,8.99,45,233.99,Completed
4810,137,106,2,21,2025-02-27,17:43:00,11.33,57,224.91,Completed
4811,628,133,38,24,2025-07-20,08:49:00,13.26,49,259.32,Completed
4812,351,9,37,30,2025-08-13,13:56:00,10.1,46,244.09,Cancelled
4813,161,119,5,16,2025-05-22,23:29:00,9.59,42,228.7,Completed
4814,667,50,18,22,2025-03-25,16:52:00,5.52,24,133.12,Cancelled
4815,173,10,17,2,2025-05-23,09:51:00,11.29,57,174.74,Completed
4816,130,113,2,19,2025-12-18,09:29:00,6.63,28,129.22,Completed
4817,79,186,35,37,2025-02-02,21:42:00,8.19,41,178.75,Completed
4818,979,10,14,2,2025-06-01,20:51:00,18.3,64,251.91,Completed
4819,569,78,12,11,2025-06-07,18:27:00,12.34,54,182.85,Completed
4820,863,36,33,33,2025-05-21,19:47:00,7.5,31,183.43,Completed
4821,57,202,7,9,2025-09-08,09:51:00,4.58,23,116.01,Completed
4822,400,56,39,25,2025-10-30,21:14:00,3.97,18,116.15,Completed
4823,363,118,9,6,2025-04-22,12:36:00,13.12,51,295.23,Completed
4824,335,190,5,11,2025-05-24,11:18:00,7.12,29,200.95,Cancelled
4825,134,242,4,27,2025-07-28,11:22:00,10.06,53,219.6,Completed
4826,14,37,32,8,2025-08-12,23:53:00,3.31,18,122.84,Cancelled
4827,283,169,5,31,2025-02-12,07:16:00,11.78,52,253.57,Completed
4828,806,230,8,27,2025-09-21,03:03:00,2.26,10,78.46,Driver_Cancelled
4829,659,48,13,5,2025-09-01,20:52:00,6.29,23,158.32,Completed
4830,421,150,4,15,2025-01-03,23:18:00,11.2,46,188.29,Completed
4831,127,87,11,2,2025-05-05,02:00:00,7.2,29,151.5,Cancelled
4832,772,208,15,15,2025-09-25,23:35:00,8.37,35,215.3,Driver_Cancelled
4833,826,61,18,31,2025-03-25,14:42:00,8.35,41,238.36,Completed
4834,218,75,20,20,2025-01-16,12:46:00,15.52,53,343.06,Completed
4835,905,117,1,3,2025-11-30,06:58:00,6.31,30,137.57,Completed
4836,745,239,1,39,2025-02-28,07:53:00,7.31,35,211.22,Completed
4837,881,115,11,10,2025-06-26,17:42:00,2.36,12,157.61,Driver_Cancelled
4838,680,99,29,26,2025-03-04,00:20:00,2.3,13,93.95,Completed
4839,655,48,29,10,2025-02-18,11:06:00,4.67,19,124.18,Cancelled
4840,489,192,24,40,2025-11-03,09:25:00,2.52,14,126.2,Completed
4841,997,245,20,13,2025-09-03,13:19:00,21.74,86,305.67,Cancelled
4842,260,212,30,21,2025-10-16,17:01:00,14.05,57,201.36,Driver_Cancelled
4843,218,37,38,34,2025-10-13,10:24:00,26.58,140,322.83,Completed
4844,820,169,5,32,2025-11-28,04:45:00,11,56,286.5,Completed
4845,658,5,10,9,2025-01-15,08:05:00,4.98,23,104.02,Cancelled
4846,489,100,6,30,2025-12-04,23:29:00,7.62,33,156.95,Completed
4847,949,205,4,1,2025-09-12,22:36:00,8.22,40,193.43,Completed
4848,443,180,4,12,2025-04-02,19:32:00,15.08,56,250.51,Completed
4849,99,17,7,35,2025-10-06,11:36:00,9.66,32,249.5,Completed
4850,182,90,33,24,2025-07-25,15:27:00,5.06,22,129.59,Cancelled
4851,169,244,9,40,2025-04-04,10:29:00,7.31,36,158.15,Completed
4852,233,108,26,10,2025-08-13,02:55:00,8.4,41,184.33,Driver_Cancelled
4853,956,190,21,24,2025-10-28,19:44:00,6.2,28,187.84,Completed
4854,93,180,22,18,2025-11-14,14:09:00,6.12,34,108.79,Completed
4855,629,249,33,8,2025-07-18,07:14:00,9.4,44,173.14,Completed
4856,472,20,33,13,2025-09-28,23:18:00,5.12,25,123.84,Completed
4857,516,103,5,16,2025-08-22,05:52:00,4.81,27,106.76,Completed
4858,85,97,21,14,2025-02-15,11:11:00,9.39,48,225.91,Completed
4859,679,222,27,9,2025-03-05,19:34:00,5.81,26,143.95,Completed
4860,519,144,1,9,2025-08-18,02:30:00,12.24,53,190.65,Driver_Cancelled
4861,381,7,16,5,2025-09-06,07:11:00,7.85,37,151.43,Completed
4862,407,94,35,11,2025-09-03,17:57:00,10,49,191.42,Completed
4863,232,66,36,19,2025-03-16,07:39:00,13.17,54,245.44,Completed
4864,251,12,32,38,2025-06-06,20:11:00,5.77,29,149.41,Completed
4865,85,171,29,10,2025-08-11,08:21:00,13.8,54,259.22,Completed
4866,319,40,39,16,2025-07-09,15:25:00,19.42,76,344.18,Completed
4867,193,1,23,29,2025-02-21,09:45:00,16.85,92,341.5,Completed
4868,635,58,15,5,2025-03-29,14:06:00,7.17,32,156.39,Completed
4869,937,131,26,18,2025-11-09,07:42:00,8.95,46,169.18,Completed
4870,601,8,37,35,2025-12-05,14:02:00,14.48,71,275,Completed
4871,607,90,25,36,2025-03-07,18:50:00,7.65,32,147.7,Completed
4872,887,232,2,22,2025-05-30,03:35:00,15.34,83,357.78,Driver_Cancelled
4873,300,75,12,24,2025-01-20,11:58:00,21.34,101,487.38,Completed
4874,358,189,19,12,2025-02-02,08:40:00,4.71,23,147.86,Completed
4875,557,85,32,39,2025-11-24,05:43:00,1.63,14,88.24,Completed
4876,765,5,23,12,2025-10-08,14:31:00,5.76,22,213.19,Cancelled
4877,453,232,5,35,2025-02-15,18:46:00,11.22,46,240.45,Completed
4878,885,26,25,19,2025-03-14,23:06:00,4.93,24,175.18,Completed
4879,991,85,35,37,2025-12-20,00:51:00,7.66,41,202.06,No_Show
4880,563,73,29,14,2025-11-09,08:46:00,6.4,26,143.51,Completed
4881,506,145,38,23,2025-12-09,10:41:00,3.82,24,100.85,Completed
4882,65,101,20,40,2025-05-13,11:15:00,4.84,21,141.07,Completed
4883,566,243,36,22,2025-02-24,17:50:00,11.65,57,232.95,Completed
4884,952,243,7,11,2025-03-02,11:55:00,36.35,130,641.37,Cancelled
4885,222,66,22,2,2025-12-11,20:57:00,10.42,54,188.55,Completed
4886,466,179,18,10,2025-01-08,15:35:00,6.99,32,137,Completed
4887,72,119,21,5,2025-09-29,13:42:00,19.41,97,290.26,Completed
4888,888,47,22,30,2025-09-03,02:22:00,1.26,10,63.59,Cancelled
4889,474,168,39,21,2025-06-25,00:50:00,8.05,32,208.37,Completed
4890,680,92,12,33,2025-04-26,20:12:00,6.29,32,145.54,Completed
4891,698,248,11,25,2025-11-13,06:44:00,6.33,38,125.66,Completed
4892,655,27,12,7,2025-09-28,17:07:00,8.68,45,163.98,Completed
4893,19,40,26,40,2025-07-12,01:49:00,6.47,33,182.76,Completed
4894,522,1,30,28,2025-05-30,10:35:00,17.67,72,364.33,Completed
4895,984,174,15,16,2025-05-11,02:21:00,7.84,36,153.53,Completed
4896,784,139,8,37,2025-04-12,09:30:00,13.89,58,223.06,Completed
4897,683,167,18,3,2025-11-06,12:37:00,11.82,45,267.07,Completed
4898,415,18,10,19,2025-09-27,23:46:00,18.02,67,256.91,Completed
4899,364,91,8,12,2025-10-19,21:51:00,5.47,31,136.5,Completed
4900,528,47,38,19,2025-07-29,18:13:00,6.95,26,205.88,No_Show
4901,80,202,35,11,2025-12-27,18:04:00,15.71,77,361.46,Completed
4902,796,228,20,3,2025-12-04,09:30:00,4.71,27,121.58,Completed
4903,190,21,12,2,2025-03-08,22:53:00,9.1,33,159.03,Completed
4904,148,156,3,26,2025-01-10,12:08:00,9.44,41,187.96,Cancelled
4905,675,129,20,22,2025-02-18,02:07:00,7.81,46,139.02,Completed
4906,443,14,12,17,2025-04-21,01:11:00,8.05,39,160.73,Completed
4907,265,20,24,34,2025-11-17,20:58:00,6.11,29,150.34,Completed
4908,872,244,16,15,2025-08-07,07:04:00,3.04,12,97.83,Completed
4909,650,121,10,12,2025-02-26,15:54:00,2.13,12,141.36,Cancelled
4910,509,201,19,16,2025-10-10,16:31:00,10.55,40,215.47,Completed
4911,301,173,14,16,2025-04-23,16:33:00,14.88,54,242.53,Completed
4912,466,189,14,39,2025-05-13,16:25:00,2.59,16,100.92,Cancelled
4913,365,155,22,6,2025-03-12,19:11:00,11.63,40,255.49,Completed
4914,399,122,4,8,2025-03-24,23:32:00,3.04,14,139.25,Driver_Cancelled
4915,493,241,34,25,2025-02-26,07:08:00,3.98,23,93.92,Completed
4916,542,184,18,19,2025-12-15,05:57:00,34.21,142,597.46,Completed
4917,816,52,34,19,2025-09-28,22:00:00,11.76,44,173.52,Cancelled
4918,480,68,18,12,2025-04-21,07:14:00,8.92,34,228.44,Completed
4919,168,37,40,9,2025-12-23,22:33:00,9.42,49,155.26,Completed
4920,603,82,31,29,2025-03-17,01:34:00,4.58,17,105.62,Completed
4921,91,159,20,27,2025-06-07,21:26:00,14.78,58,281.74,Completed
4922,723,49,36,5,2025-01-20,19:07:00,12.94,57,239.02,Completed
4923,842,181,10,26,2025-05-11,16:05:00,8.67,42,193.6,Completed
4924,300,39,3,30,2025-11-25,11:21:00,10.59,60,258.05,Completed
4925,174,138,21,14,2025-05-02,00:54:00,2.91,17,115.86,Completed
4926,646,137,36,33,2025-02-10,04:40:00,15.16,62,319.07,No_Show
4927,373,92,10,35,2025-06-16,18:43:00,7.36,41,149.39,Completed
4928,24,220,7,11,2025-05-10,12:51:00,10.4,42,210.66,Completed
4929,201,141,22,4,2025-01-23,19:39:00,6.54,28,120.18,Completed
4930,731,18,23,33,2025-10-06,00:35:00,4.96,27,134.66,Completed
4931,7,140,12,6,2025-09-08,22:46:00,8.08,32,179.94,Completed
4932,6,72,39,28,2025-01-09,09:12:00,14.56,61,292.08,Completed
4933,630,215,13,10,2025-01-13,21:10:00,5.43,27,131.59,Cancelled
4934,161,242,40,36,2025-11-03,03:12:00,5.9,35,134.22,Cancelled
4935,597,5,13,26,2025-11-16,22:44:00,12.37,58,230.24,Completed
4936,878,7,33,30,2025-02-21,10:51:00,20.63,107,330.66,Completed
4937,248,143,31,22,2025-07-28,19:06:00,10.75,38,195.62,Completed
4938,166,195,28,5,2025-02-07,05:44:00,2.89,15,104.84,Completed
4939,428,146,19,2,2025-04-10,02:30:00,13.3,59,258.48,Completed
4940,145,38,21,33,2025-07-12,04:03:00,23.23,113,278.81,Completed
4941,511,26,32,16,2025-07-10,11:47:00,7.58,31,174.3,Completed
4942,543,166,26,7,2025-02-20,00:54:00,18.63,82,341.45,Completed
4943,933,59,13,21,2025-05-21,12:35:00,7.2,41,164.34,Cancelled
4944,509,52,29,35,2025-06-17,10:06:00,8.88,49,146.76,Completed
4945,907,161,7,22,2025-11-07,13:37:00,17.81,76,318.03,Completed
4946,220,149,26,22,2025-04-19,13:54:00,6.64,37,132.11,Completed
4947,645,145,6,6,2025-07-26,21:32:00,20.91,93,278.78,Cancelled
4948,576,107,32,33,2025-10-27,13:10:00,5.2,29,142.84,No_Show
4949,76,62,36,39,2025-04-20,02:27:00,15.09,81,265.26,Completed
4950,643,59,23,25,2025-07-15,13:15:00,7.33,31,162.42,Completed
4951,824,248,11,18,2025-06-01,00:44:00,15.65,65,286.05,Driver_Cancelled
4952,319,2,21,35,2025-08-31,08:23:00,20.89,79,408.59,Completed
4953,873,192,19,24,2025-05-08,21:48:00,9.53,48,191.02,Cancelled
4954,38,25,34,40,2025-04-15,08:51:00,5.41,25,124.49,Completed
4955,566,169,35,40,2025-01-10,18:24:00,5.01,25,139.36,Completed
4956,642,19,31,23,2025-12-22,05:25:00,4.84,30,173.98,Completed
4957,730,166,29,33,2025-05-28,02:21:00,8.09,26,192.42,Completed
4958,514,25,6,29,2025-12-31,07:15:00,2.81,16,87.37,Completed
4959,246,167,36,10,2025-12-30,05:43:00,5.06,22,160.7,Completed
4960,140,4,31,15,2025-05-20,08:18:00,7.85,36,208.87,Driver_Cancelled
4961,808,3,32,10,2025-07-09,02:48:00,16.71,81,401.58,Completed
4962,258,162,40,26,2025-04-04,14:53:00,12.61,67,254.74,Completed
4963,617,106,20,40,2025-08-17,12:10:00,25.23,131,362.29,Completed
4964,381,138,22,29,2025-03-04,23:45:00,5.26,29,130.75,Completed
4965,848,113,3,34,2025-12-06,03:00:00,7.99,39,168.06,Completed
4966,478,27,8,18,2025-01-25,14:30:00,3.59,19,116.53,Completed
4967,185,112,19,2,2025-09-25,00:34:00,6.58,36,140.96,Completed
4968,303,90,31,25,2025-10-08,04:13:00,3.33,18,116.46,Completed
4969,494,219,32,21,2025-01-11,13:44:00,11.35,46,241.56,No_Show
4970,756,129,15,31,2025-11-16,09:55:00,8.92,48,211.89,Completed
4971,164,44,39,22,2025-07-20,17:52:00,6.22,39,122.13,Cancelled
4972,644,212,31,9,2025-05-06,20:51:00,9.23,47,190.47,Completed
4973,203,52,3,27,2025-11-02,00:09:00,10,47,207.83,Completed
4974,408,153,32,25,2025-07-09,14:02:00,7.21,29,203.35,Cancelled
4975,210,202,10,25,2025-03-30,02:27:00,10.22,47,212.56,Completed
4976,859,65,28,27,2025-12-21,13:09:00,13.11,57,262.04,Completed
4977,101,208,27,10,2025-04-26,22:41:00,5.02,25,114.62,Completed
4978,446,11,40,30,2025-12-18,11:25:00,19.17,69,294.19,Completed
4979,898,68,31,4,2025-06-26,06:21:00,8.84,32,257.35,Completed
4980,783,227,34,21,2025-01-14,19:30:00,3.73,14,113.54,Driver_Cancelled
4981,971,121,5,30,2025-09-14,13:31:00,19.15,77,321.98,Completed
4982,987,77,11,33,2025-07-28,18:35:00,3.11,23,94.68,Completed
4983,561,213,7,26,2025-10-08,03:06:00,10.23,36,162.4,Driver_Cancelled
4984,368,15,8,2,2025-11-24,19:07:00,4.88,35,104.37,Completed
4985,239,57,17,23,2025-11-21,12:46:00,4.2,20,126.75,Completed
4986,727,74,39,31,2025-04-15,13:28:00,7.3,31,180.79,Completed
4987,291,64,14,4,2025-05-27,07:07:00,6.54,26,172.31,Completed
4988,372,230,24,20,2025-10-06,17:05:00,18.68,85,258.37,Completed
4989,862,11,30,25,2025-01-09,04:52:00,16.01,60,270.03,Completed
4990,431,121,15,1,2025-04-28,20:54:00,3.23,16,109.09,Completed
4991,280,224,4,2,2025-04-04,10:24:00,17.42,87,275.59,Completed
4992,467,225,13,6,2025-05-24,20:41:00,2.53,13,72.18,Completed
4993,316,125,5,7,2025-10-16,23:55:00,20.31,93,412.8,Completed
4994,989,148,31,4,2025-01-14,08:36:00,13.52,59,288.25,Completed
4995,77,228,12,18,2025-09-14,00:27:00,10.12,39,216.73,Completed
4996,816,30,30,5,2025-12-12,05:31:00,13,53,261.05,Completed
4997,151,250,10,25,2025-07-05,07:34:00,1.78,17,78.91,Cancelled
4998,396,10,30,1,2025-12-11,00:12:00,6.74,36,130.57,Completed
4999,496,54,26,34,2025-07-26,03:10:00,8.06,40,153.51,Completed
5000,297,186,6,3,2025-12-12,12:06:00,16.36,76,211.07,Completed
5001,669,207,27,17,2025-06-21,11:47:00,14.73,54,211.12,Completed
5002,710,157,20,32,2025-09-27,23:46:00,9.73,51,184.83,Completed
5003,947,129,28,24,2025-08-09,23:54:00,3.48,17,130.61,Cancelled
5004,896,58,20,2,2025-06-01,20:55:00,9.88,47,227.09,Driver_Cancelled
5005,407,149,12,1,2025-04-21,03:59:00,9.35,46,191.94,Driver_Cancelled
5006,287,143,21,34,2025-07-02,14:09:00,14.83,51,250.83,Driver_Cancelled
5007,493,195,30,8,2025-12-05,09:26:00,7.93,26,141.28,Driver_Cancelled
5008,917,161,10,9,2025-03-13,06:05:00,15.04,69,270.22,Completed
5009,536,166,5,28,2025-10-10,18:58:00,8.45,44,221.08,Completed
5010,456,147,37,19,2025-03-15,00:06:00,7.31,27,178.23,Cancelled
5011,492,132,8,20,2025-12-21,08:43:00,8.81,49,212.25,Completed
5012,9,76,30,7,2025-08-03,04:17:00,5.05,25,129.98,Completed
5013,918,89,17,35,2025-11-24,08:12:00,6.68,31,151.75,Completed
5014,132,98,3,19,2025-01-23,14:12:00,12.87,65,225.25,Completed
5015,77,81,21,17,2025-03-09,03:13:00,8.29,37,170.67,Completed
5016,738,186,16,40,2025-12-28,04:57:00,7.38,32,156.17,Completed
5017,131,70,32,18,2025-04-03,23:15:00,2.44,11,114.68,Completed
5018,997,12,27,7,2025-11-17,17:17:00,6.48,32,136.46,Cancelled
5019,888,127,6,27,2025-11-20,08:47:00,9.9,48,147.07,Completed
5020,412,79,16,39,2025-03-04,17:43:00,7.63,33,200.32,Cancelled
5021,90,145,3,30,2025-08-12,15:29:00,15.79,84,286.99,Completed
5022,498,129,40,23,2025-08-13,06:12:00,12.19,54,231.31,Completed
5023,629,14,20,20,2025-12-12,03:37:00,20.32,89,264.4,Completed
5024,622,119,40,23,2025-12-03,17:48:00,9.07,49,148.65,Completed
5025,889,2,7,26,2025-04-13,06:22:00,4.21,25,95.73,Completed
5026,354,4,11,14,2025-08-03,05:53:00,11.4,55,195.1,Cancelled
5027,271,244,29,31,2025-07-11,14:18:00,4.16,20,131.53,Completed
5028,392,66,3,27,2025-06-09,00:07:00,6.6,27,139.59,Driver_Cancelled
5029,432,246,21,9,2025-07-26,03:16:00,16.15,55,268.67,Completed
5030,739,90,32,23,2025-09-26,13:35:00,5.62,33,131.77,Completed
5031,472,174,30,10,2025-07-13,22:07:00,4.53,25,116.88,Completed
5032,756,178,39,23,2025-06-01,12:56:00,12.52,49,222.77,Completed
5033,308,60,11,10,2025-08-25,06:33:00,16.32,73,270.38,Completed
5034,508,232,17,2,2025-03-29,18:29:00,6.34,35,158.06,Completed
5035,55,180,25,37,2025-01-11,04:05:00,5.09,28,119.05,Completed
5036,37,97,25,40,2025-07-06,11:39:00,7,37,149.51,Completed
5037,900,176,9,38,2025-08-02,03:42:00,7.76,45,196.61,Completed
5038,55,167,29,38,2025-01-15,20:45:00,11.08,40,298.95,Completed
5039,524,127,15,1,2025-09-23,16:02:00,3.9,20,98.47,Completed
5040,915,198,19,18,2025-10-24,07:23:00,3.51,24,130.27,Completed
5041,463,60,15,35,2025-03-14,11:27:00,22.12,95,374.9,Completed
5042,697,158,39,7,2025-02-21,09:23:00,10.85,59,236.85,Completed
5043,478,214,35,22,2025-05-08,15:11:00,13.85,50,224.8,Completed
5044,749,155,40,25,2025-01-28,07:34:00,15.56,69,270.78,Completed
5045,805,83,13,23,2025-03-06,23:35:00,13.18,65,287.69,Cancelled
5046,716,74,16,9,2025-01-17,19:18:00,5.07,21,116.1,Completed
5047,211,55,3,27,2025-12-17,14:47:00,10.62,55,207.19,Completed
5048,226,198,31,11,2025-05-18,02:50:00,6.68,25,184.07,Completed
5049,7,26,1,27,2025-11-15,03:36:00,1.94,9,120.95,No_Show
5050,732,170,35,40,2025-08-17,04:38:00,3.02,15,88.32,Completed
5051,823,121,16,28,2025-09-11,04:17:00,8.48,28,192.94,Cancelled
5052,540,243,1,18,2025-07-29,15:02:00,16.85,62,271.54,Completed
5053,989,67,14,36,2025-10-21,15:08:00,6.02,27,140.75,Completed
5054,805,116,7,34,2025-08-19,09:45:00,5.09,24,121.44,Cancelled
5055,212,67,23,13,2025-08-29,04:50:00,4.43,21,143.35,Completed
5056,189,180,35,30,2025-03-11,20:37:00,8.44,47,200.93,Completed
5057,75,6,29,28,2025-04-14,12:21:00,9.94,54,181.69,Completed
5058,754,241,22,22,2025-07-23,13:20:00,5.42,30,163.82,Completed
5059,114,114,16,24,2025-02-22,09:14:00,12.3,59,223.71,Completed
5060,679,10,29,30,2025-11-26,17:53:00,13.61,54,285.33,Completed
5061,618,38,6,38,2025-02-23,16:47:00,7.79,36,184.96,Completed
5062,151,124,18,20,2025-10-03,03:10:00,14.07,55,251.45,Cancelled
5063,436,77,29,6,2025-12-01,00:26:00,5.65,26,136.29,Completed
5064,878,102,25,33,2025-01-31,06:33:00,6.74,30,156.12,Completed
5065,84,12,2,38,2025-05-15,10:29:00,16.88,72,344.58,Completed
5066,212,46,32,15,2025-02-27,10:54:00,9.28,47,260.73,No_Show
5067,779,49,36,15,2025-04-15,17:35:00,10.09,38,174.59,Completed
5068,834,246,32,32,2025-09-23,17:52:00,3.38,19,92.48,Completed
5069,781,91,20,14,2025-01-10,08:05:00,13.47,49,196,Cancelled
5070,461,124,37,8,2025-09-10,17:11:00,13.47,67,281.54,Cancelled
5071,937,249,38,36,2025-10-22,15:13:00,12.28,52,238.91,Completed
5072,177,72,33,22,2025-06-05,17:35:00,2.56,10,85.84,Completed
5073,783,191,5,38,2025-06-07,18:56:00,4.67,17,122.2,Completed
5074,312,250,6,20,2025-02-06,13:21:00,7.02,35,160.01,Completed
5075,694,197,22,24,2025-04-29,11:14:00,21.76,80,319.59,Cancelled
5076,159,228,21,21,2025-03-08,11:31:00,4.57,22,105.46,Driver_Cancelled
5077,701,102,19,28,2025-08-30,09:42:00,10.66,48,192.09,Completed
5078,186,43,15,23,2025-10-26,18:29:00,12.85,50,196.75,Completed
5079,471,222,34,24,2025-08-01,01:51:00,9.96,37,173.72,Completed
5080,956,60,7,39,2025-11-04,05:22:00,10.37,37,163.94,No_Show
5081,309,101,17,23,2025-04-11,21:15:00,9.67,44,227.06,Completed
5082,982,157,5,4,2025-02-25,14:38:00,3.25,18,107.46,Completed
5083,246,86,39,4,2025-11-28,18:11:00,2.17,15,102.7,Completed
5084,829,206,2,30,2025-11-20,19:19:00,6.94,30,195.81,Completed
5085,976,126,27,28,2025-08-27,10:45:00,9.16,44,197.67,Completed
5086,384,202,24,31,2025-08-19,22:32:00,5.19,26,143.23,Cancelled
5087,42,11,28,33,2025-12-28,11:13:00,15.59,57,335.18,Completed
5088,285,35,1,19,2025-04-02,01:30:00,10.05,54,200.69,Completed
5089,980,23,21,10,2025-10-06,18:36:00,10.35,53,213.2,Completed
5090,988,200,28,25,2025-04-19,04:51:00,8.56,33,220.37,Driver_Cancelled
5091,923,149,3,37,2025-11-13,18:49:00,3.05,18,123.08,Completed
5092,300,165,30,13,2025-06-17,18:29:00,12.31,46,273.53,Completed
5093,989,28,1,6,2025-10-27,08:56:00,10.46,54,198.64,Driver_Cancelled
5094,901,116,18,30,2025-08-06,11:25:00,4.52,18,108.41,Cancelled
5095,436,95,33,23,2025-08-10,12:36:00,5.1,23,158.95,Cancelled
5096,369,58,15,36,2025-06-10,09:17:00,11.06,46,264.75,Completed
5097,874,53,24,16,2025-01-16,18:34:00,6.37,29,186.44,Completed
5098,486,28,36,8,2025-10-05,10:47:00,4.91,20,110.09,Completed
5099,949,42,34,16,2025-02-26,18:09:00,4.84,26,161.66,Completed
5100,436,219,26,11,2025-03-03,02:49:00,13.71,50,262.88,Completed
5101,806,232,40,1,2025-12-29,04:17:00,29.88,125,545.14,Completed
5102,428,85,22,22,2025-11-23,11:00:00,7.24,36,187.83,Completed
5103,181,201,16,18,2025-08-30,09:44:00,7.84,41,154.04,Completed
5104,883,93,40,36,2025-03-31,03:02:00,8.26,33,179.62,Completed
5105,898,124,16,11,2025-03-13,22:44:00,12.3,60,236.49,No_Show
5106,877,189,5,20,2025-11-22,12:33:00,2.7,11,88.89,Completed
5107,694,207,6,10,2025-01-30,20:41:00,7.16,32,196.94,Completed
5108,340,161,24,10,2025-12-25,21:05:00,2.26,13,112.87,Completed
5109,491,183,30,37,2025-10-15,22:25:00,5.52,24,168.96,Completed
5110,495,165,37,22,2025-03-27,17:21:00,8.31,37,129.99,Completed
5111,973,47,32,11,2025-08-22,00:19:00,26.11,95,487.46,Completed
5112,730,164,19,35,2025-08-23,08:28:00,8.18,39,186.07,Completed
5113,163,115,28,9,2025-11-09,02:39:00,4.77,26,110.89,Cancelled
5114,558,156,8,15,2025-12-31,14:26:00,5.27,30,140.38,Completed
5115,456,10,1,19,2025-09-22,02:22:00,5.85,29,170.81,Completed
5116,92,23,4,37,2025-10-14,10:01:00,12.31,54,219.22,Completed
5117,105,220,22,6,2025-11-23,20:10:00,1.53,6,72.1,Completed
5118,719,226,22,36,2025-09-26,08:16:00,8.09,37,200.69,Completed
5119,439,5,30,5,2025-07-05,14:43:00,25.18,121,425.23,Completed
5120,498,82,27,3,2025-05-11,20:36:00,8.12,42,203.56,Completed
5121,328,119,27,10,2025-10-18,06:52:00,1.28,11,105.09,Cancelled
5122,651,6,13,13,2025-10-04,07:37:00,3.59,20,119.89,Driver_Cancelled
5123,541,125,39,4,2025-11-16,09:18:00,4.85,26,127.38,Cancelled
5124,509,170,27,40,2025-12-17,21:31:00,4.16,23,113.82,Completed
5125,251,47,39,33,2025-06-29,22:17:00,16.46,59,234.85,Completed
5126,965,215,38,34,2025-10-17,10:35:00,5.53,24,131.95,Driver_Cancelled
5127,191,28,8,36,2025-06-12,06:10:00,6.42,27,165.21,Completed
5128,47,233,12,33,2025-09-28,10:23:00,5.84,27,128.26,Cancelled
5129,879,13,24,21,2025-04-06,20:13:00,7.18,33,154.75,Completed
5130,251,242,18,39,2025-09-19,21:48:00,9.12,43,186.13,Completed
5131,775,25,15,5,2025-12-31,19:10:00,5.09,29,137.36,Completed
5132,885,7,16,13,2025-12-19,06:38:00,11.67,48,194.29,Completed
5133,64,194,33,40,2025-10-15,17:29:00,10.31,43,194.58,Cancelled
5134,850,80,10,17,2025-03-24,10:01:00,19.91,71,261.31,Driver_Cancelled
5135,320,186,24,10,2025-08-13,22:34:00,13.42,47,259.44,Completed
5136,860,66,19,10,2025-08-11,05:28:00,11.44,66,240.38,Completed
5137,780,36,27,2,2025-04-28,11:17:00,3.64,14,133.87,Driver_Cancelled
5138,524,2,31,38,2025-07-11,22:34:00,10.34,60,247.76,Completed
5139,292,113,21,21,2025-03-20,09:26:00,8,37,143.15,Completed
5140,29,38,16,1,2025-03-19,00:50:00,5.77,25,137.9,Completed
5141,651,202,23,30,2025-05-27,16:04:00,29.16,99,511.19,Completed
5142,437,14,14,18,2025-04-17,14:04:00,5.1,18,154.79,Completed
5143,966,155,23,35,2025-09-28,15:50:00,6.98,20,141.44,Completed
5144,597,143,18,39,2025-09-01,13:22:00,16.58,68,341.71,Cancelled
5145,586,85,36,22,2025-03-14,00:21:00,12.39,55,218.89,Completed
5146,763,140,12,3,2025-12-23,15:27:00,22.95,86,369.38,Completed
5147,736,115,37,6,2025-12-20,02:24:00,6.93,42,162.69,Completed
5148,47,171,11,36,2025-01-26,00:03:00,8.29,34,164.71,Completed
5149,417,97,5,16,2025-07-29,10:45:00,5.28,30,121.37,Completed
5150,593,185,21,3,2025-04-02,02:32:00,11.76,50,184.33,Completed
5151,451,232,32,36,2025-05-05,15:26:00,5.55,20,137.95,Completed
5152,633,86,29,11,2025-03-14,02:57:00,3.76,26,94.05,Completed
5153,555,102,7,17,2025-05-03,00:22:00,2.67,17,89.91,Completed
5154,658,236,36,19,2025-11-05,07:37:00,20.28,105,404.35,Completed
5155,74,244,40,8,2025-07-03,18:52:00,10.67,40,202.37,Completed
5156,53,176,27,14,2025-07-06,19:03:00,2.82,10,84,Completed
5157,233,189,6,26,2025-07-17,12:36:00,7.44,36,247.04,Completed
5158,807,82,38,25,2025-03-19,11:53:00,12.44,58,274.45,Completed
5159,875,44,4,10,2025-12-14,09:52:00,14.45,68,272.87,Driver_Cancelled
5160,200,180,35,32,2025-07-05,18:28:00,4.06,21,97.39,Completed
5161,674,190,10,15,2025-12-10,20:00:00,6.6,31,182.86,Cancelled
5162,549,130,38,4,2025-09-10,12:41:00,11.5,55,245.93,Completed
5163,937,93,30,28,2025-01-13,06:02:00,10.96,58,163.97,Driver_Cancelled
5164,97,199,9,4,2025-10-26,14:03:00,6.95,42,167.85,Completed
5165,49,159,16,13,2025-03-17,14:17:00,11.9,45,250.49,Completed
5166,896,105,4,12,2025-02-20,20:45:00,16.53,61,307.73,Completed
5167,522,125,26,15,2025-10-02,18:06:00,13.14,58,227.87,Completed
5168,40,210,29,29,2025-05-29,04:00:00,9.93,46,260.16,Completed
5169,914,73,28,23,2025-08-07,18:28:00,4.13,22,148.71,Completed
5170,153,249,11,13,2025-05-02,18:56:00,5.84,27,168.99,Completed
5171,106,72,28,38,2025-07-30,19:12:00,8.37,40,194.65,Completed
5172,553,161,32,35,2025-10-07,19:54:00,5.4,25,112.52,Driver_Cancelled
5173,676,133,24,40,2025-01-26,15:25:00,8.25,32,211.82,Completed
5174,770,240,39,12,2025-06-22,11:23:00,11.42,47,314.57,Completed
5175,211,78,7,30,2025-06-05,01:27:00,13.21,52,254.51,Completed
5176,202,58,18,5,2025-08-26,05:51:00,4.42,25,96.85,Completed
5177,433,205,3,2,2025-03-23,04:05:00,18.52,90,450.22,Completed
5178,707,125,20,30,2025-12-22,04:08:00,6.63,23,136.42,Completed
5179,565,11,34,35,2025-09-30,21:36:00,2.75,18,94.45,Cancelled
5180,147,212,30,10,2025-03-09,10:26:00,4,15,103.12,Driver_Cancelled
5181,499,151,9,9,2025-02-13,13:58:00,5.69,27,106.51,Completed
5182,282,173,10,17,2025-03-02,21:36:00,17.83,77,224.39,Completed
5183,310,27,6,38,2025-05-03,12:53:00,9.56,32,174.48,Completed
5184,755,207,17,30,2025-12-15,11:30:00,20.35,84,368.71,Completed
5185,51,222,15,35,2025-07-15,01:43:00,8.16,49,167.84,Completed
5186,495,56,33,7,2025-11-26,18:55:00,6.4,36,148.48,Completed
5187,409,126,13,12,2025-11-19,03:51:00,18.87,74,252.21,Completed
5188,626,250,22,34,2025-04-21,19:19:00,7.96,34,261.4,Completed
5189,273,59,16,3,2025-09-15,01:20:00,12.59,62,215.89,Completed
5190,458,208,34,33,2025-03-30,03:28:00,6.78,27,175.59,Driver_Cancelled
5191,120,109,3,40,2025-07-17,08:23:00,8.86,39,181.49,Completed
5192,701,40,8,13,2025-10-09,07:39:00,9.52,38,175.71,Completed
5193,46,146,20,11,2025-07-19,11:03:00,6.68,34,126.59,Completed
5194,243,179,24,40,2025-04-09,06:12:00,12.52,43,188.69,Completed
5195,311,61,18,20,2025-01-27,20:35:00,15.18,65,259.18,Completed
5196,562,122,23,31,2025-03-30,11:47:00,15.86,54,289,Completed
5197,331,239,1,33,2025-05-26,18:44:00,6.57,33,145.49,Completed
5198,11,106,2,34,2025-07-01,11:55:00,6.5,29,127.04,Completed
5199,908,23,5,9,2025-09-14,11:09:00,21.12,89,360.59,Cancelled
5200,424,36,18,7,2025-07-08,03:20:00,7.62,37,184.56,Completed
5201,48,38,16,9,2025-08-28,16:49:00,4.69,27,122.14,Completed
5202,377,72,10,26,2025-12-25,21:44:00,2.13,22,112.83,Driver_Cancelled
5203,568,56,29,2,2025-07-15,17:47:00,5.99,31,105.29,Cancelled
5204,8,167,35,5,2025-10-24,21:15:00,9.14,55,250.28,Completed
5205,984,221,25,2,2025-06-14,14:53:00,2.92,13,84.6,Completed
5206,526,76,24,10,2025-11-03,03:50:00,14.29,66,311.21,Completed
5207,727,210,13,31,2025-09-28,21:52:00,17.39,82,341.38,Completed
5208,370,242,21,33,2025-01-08,15:46:00,7.77,32,191.55,Completed
5209,440,211,39,6,2025-02-07,07:30:00,9.62,51,189.28,Completed
5210,757,228,34,14,2025-04-24,15:55:00,3.96,15,114.36,Completed
5211,566,225,19,14,2025-12-05,03:58:00,2.66,19,104.39,Completed
5212,484,197,28,15,2025-02-25,00:13:00,14.26,60,308.46,Completed
5213,273,231,27,33,2025-12-25,14:17:00,3.27,14,106.84,Completed
5214,941,156,26,31,2025-05-18,13:14:00,5.45,31,140.92,Completed
5215,901,218,11,17,2025-04-12,05:00:00,4.5,19,127.72,Completed
5216,131,107,35,15,2025-11-30,12:32:00,8.1,42,190.52,Completed
5217,521,149,20,20,2025-06-26,20:48:00,10.95,61,203.33,Completed
5218,724,62,12,21,2025-06-18,20:31:00,8,41,140.2,Completed
5219,634,23,28,29,2025-12-05,10:10:00,13.96,73,231.39,Completed
5220,114,149,2,9,2025-10-13,16:58:00,3.9,17,145.6,Completed
5221,532,203,1,29,2025-09-18,09:37:00,11.63,43,256.1,Driver_Cancelled
5222,499,234,9,34,2025-08-11,04:15:00,3.27,14,92.65,No_Show
5223,339,120,22,9,2025-07-18,22:54:00,3.96,24,106.96,Completed
5224,21,231,40,30,2025-07-30,15:53:00,9.97,51,156.93,Driver_Cancelled
5225,720,144,27,17,2025-10-14,18:03:00,15.54,68,313.47,Completed
5226,33,190,9,4,2025-06-29,11:49:00,35.17,179,612.74,Completed
5227,133,225,7,40,2025-09-07,03:55:00,24.77,87,471.97,No_Show
5228,920,219,36,32,2025-08-19,11:13:00,16.53,76,281.5,Completed
5229,703,65,38,32,2025-01-23,20:40:00,13.88,64,264.86,Completed
5230,975,108,2,7,2025-02-17,18:34:00,8.73,43,164.45,Completed
5231,26,80,5,38,2025-04-19,02:52:00,10.98,46,266.63,Completed
5232,364,133,17,32,2025-10-23,07:45:00,8.88,40,179.53,Completed
5233,601,174,37,5,2025-01-06,08:07:00,18.92,90,364.96,Completed
5234,92,64,35,3,2025-02-07,04:45:00,12.07,51,198.7,Completed
5235,545,210,8,20,2025-06-18,13:47:00,6.38,30,121.54,Completed
5236,238,41,3,17,2025-12-22,19:38:00,3.97,24,118.17,Completed
5237,18,98,3,16,2025-10-10,14:47:00,3.9,21,108.8,No_Show
5238,274,172,1,11,2025-07-22,23:52:00,3.97,21,118.56,Cancelled
5239,934,89,24,13,2025-11-21,23:33:00,4.26,21,110.06,Completed
5240,289,106,30,18,2025-11-09,22:53:00,2.68,14,97.69,Completed
5241,27,226,26,14,2025-09-30,06:58:00,6.21,32,158.4,Cancelled
5242,817,143,38,34,2025-09-01,04:46:00,9.2,45,173.99,Completed
5243,434,196,40,12,2025-11-23,18:00:00,5.69,32,145.51,Completed
5244,911,179,38,22,2025-02-16,16:11:00,11.93,51,203.83,Completed
5245,108,54,3,21,2025-09-06,14:30:00,15.65,62,238.52,Driver_Cancelled
5246,973,196,13,26,2025-03-20,16:47:00,13.14,67,326.26,Completed
5247,948,217,36,39,2025-04-20,14:29:00,16.45,63,241.45,Completed
5248,738,233,12,2,2025-01-13,16:38:00,6.12,27,150.82,Completed
5249,324,77,20,16,2025-12-31,00:15:00,3.49,26,115.59,Completed
5250,867,42,39,34,2025-03-31,12:40:00,15.57,57,280.35,Completed
5251,531,174,8,11,2025-12-08,18:13:00,5.91,32,151.42,Completed
5252,735,25,2,19,2025-12-14,00:20:00,15.96,76,269.64,Completed
5253,793,67,11,30,2025-10-07,17:23:00,9.26,42,152.73,Completed
5254,104,163,21,7,2025-08-09,20:42:00,25.35,96,365.73,Completed
5255,844,244,37,27,2025-03-14,00:00:00,3.15,20,76.94,Cancelled
5256,332,112,6,22,2025-08-22,13:35:00,10.55,49,179.37,Driver_Cancelled
5257,362,73,19,17,2025-09-17,20:49:00,11.86,49,254.75,Completed
5258,921,206,30,15,2025-04-23,14:10:00,10.13,50,225.9,Completed
5259,289,150,39,9,2025-02-15,11:24:00,13.78,67,314.07,Completed
5260,444,112,36,12,2025-10-01,15:12:00,5.24,33,124,Completed
5261,37,137,20,8,2025-02-12,08:15:00,10.14,40,183.77,Completed
5262,348,152,10,2,2025-07-27,00:28:00,24.69,84,498.21,Completed
5263,892,23,24,16,2025-12-15,10:18:00,8.65,46,147.54,Completed
5264,756,189,33,3,2025-04-13,20:41:00,3.31,18,104.12,Completed
5265,43,165,29,31,2025-05-04,00:14:00,7.63,42,137.24,Driver_Cancelled
5266,126,173,30,26,2025-01-10,12:18:00,3.74,14,137.62,Completed
5267,9,15,36,2,2025-11-25,10:30:00,8.91,39,213.88,Completed
5268,526,185,6,30,2025-07-06,09:11:00,14.85,59,286.4,Completed
5269,131,228,14,13,2025-01-31,07:32:00,11.81,57,235.09,Cancelled
5270,325,127,3,37,2025-06-05,07:05:00,10.53,55,278.25,Cancelled
5271,184,14,24,14,2025-03-01,13:37:00,21.84,106,443.57,Completed
5272,282,52,19,1,2025-09-06,23:41:00,4.53,23,111.34,Completed
5273,895,248,38,32,2025-09-27,04:57:00,11.67,49,178.12,Completed
5274,53,84,34,6,2025-08-05,04:50:00,7.86,38,171.3,Completed
5275,553,231,9,22,2025-01-02,16:55:00,27.55,128,478.69,Completed
5276,850,36,30,11,2025-01-24,23:52:00,11.05,39,246.93,Completed
5277,870,155,32,23,2025-07-25,17:22:00,19.78,65,359.4,Completed
5278,533,145,13,14,2025-11-16,08:15:00,3.37,24,161.74,Completed
5279,377,218,18,14,2025-07-18,08:41:00,12.92,46,203.99,Completed
5280,295,169,22,20,2025-12-22,08:56:00,7.17,32,152.53,Completed
5281,208,4,4,7,2025-04-24,14:35:00,8.96,37,147.03,Completed
5282,1000,131,23,19,2025-10-07,10:16:00,6.36,32,140.62,Cancelled
5283,663,19,7,26,2025-06-04,07:17:00,5.36,24,164.65,Completed
5284,477,169,11,22,2025-06-14,06:03:00,7.65,40,135.19,Driver_Cancelled
5285,970,168,39,6,2025-08-10,14:28:00,5.35,34,124.9,Completed
5286,954,58,34,13,2025-04-01,02:58:00,10.51,58,175.86,Driver_Cancelled
5287,69,167,5,10,2025-06-16,10:50:00,11.89,43,208.31,Driver_Cancelled
5288,843,7,25,19,2025-07-26,09:19:00,8.32,31,186.37,Completed
5289,925,36,28,31,2025-10-09,15:02:00,2.45,21,72.89,Driver_Cancelled
5290,830,211,14,10,2025-03-06,01:39:00,14.61,65,295.78,Completed
5291,437,76,27,37,2025-01-04,08:56:00,16.84,81,366.98,Completed
5292,301,148,16,13,2025-06-06,12:13:00,7.71,39,168.96,Completed
5293,27,102,27,17,2025-09-06,12:27:00,22.77,94,294.68,Completed
5294,628,76,2,5,2025-09-14,21:47:00,4.72,22,105.23,Completed
5295,930,157,19,21,2025-08-23,19:43:00,11.28,44,228.35,Completed
5296,654,222,23,39,2025-11-02,21:41:00,8.35,44,254.44,Completed
5297,553,212,14,20,2025-03-15,13:24:00,20.07,92,425.36,Completed
5298,106,68,26,7,2025-07-06,20:01:00,8.74,32,180.23,Completed
5299,586,66,8,15,2025-03-03,03:37:00,2.95,14,133.4,Completed
5300,572,47,27,15,2025-12-03,23:13:00,3.2,14,102.73,Completed
5301,810,222,40,23,2025-06-13,12:05:00,2.96,12,81.95,Driver_Cancelled
5302,634,151,28,33,2025-02-25,02:47:00,13.03,50,276.98,Completed
5303,947,134,4,2,2025-04-21,06:23:00,13.83,64,291.26,Completed
5304,715,18,38,32,2025-08-06,00:35:00,4.67,25,160.04,Cancelled
5305,11,181,11,15,2025-08-28,05:16:00,5.71,31,194.4,Completed
5306,931,22,24,7,2025-01-21,08:27:00,17.43,66,337.77,Completed
5307,659,229,28,9,2025-05-21,21:45:00,13.95,76,214.07,Completed
5308,216,68,18,28,2025-09-22,13:34:00,5.16,23,196.52,Completed
5309,886,235,21,22,2025-05-19,13:01:00,18.15,68,386.09,No_Show
5310,321,203,26,3,2025-03-11,02:38:00,9.72,43,152.52,Completed
5311,460,233,3,2,2025-04-28,19:20:00,13.08,71,230.98,Completed
5312,957,163,13,22,2025-07-17,09:40:00,6.52,28,168.86,Completed
5313,815,203,38,25,2025-07-24,13:51:00,9.73,56,204.44,Completed
5314,526,98,28,25,2025-08-02,09:02:00,3.34,16,148.08,Cancelled
5315,579,9,14,32,2025-02-25,10:56:00,5.87,30,111.84,Driver_Cancelled
5316,692,159,1,7,2025-10-14,13:06:00,3.74,18,132.78,Cancelled
5317,877,248,28,31,2025-10-20,10:00:00,8.18,47,189.75,Completed
5318,754,249,36,37,2025-06-24,07:48:00,6.82,37,216.13,Completed
5319,160,234,11,4,2025-12-13,11:45:00,4.15,21,89.75,Completed
5320,464,224,40,33,2025-05-08,19:34:00,6.54,38,189.38,Completed
5321,998,171,4,15,2025-11-21,22:34:00,5.68,26,145.62,Completed
5322,522,227,34,9,2025-10-19,12:48:00,15.12,68,248.45,Completed
5323,636,241,1,6,2025-10-15,11:15:00,3.33,19,178.4,Driver_Cancelled
5324,273,75,10,31,2025-08-14,16:00:00,9.57,43,209.87,Completed
5325,241,17,17,34,2025-03-05,12:01:00,7.04,37,201.07,Completed
5326,936,51,7,38,2025-02-17,09:01:00,11.33,58,193.59,Completed
5327,964,228,39,13,2025-07-21,05:02:00,8.32,32,132.69,Completed
5328,959,194,13,36,2025-12-03,07:58:00,4.62,28,120.26,Completed
5329,655,24,22,32,2025-03-01,13:41:00,17.78,68,291.73,Completed
5330,865,238,1,22,2025-09-14,12:34:00,14.53,78,283.57,Completed
5331,167,125,28,29,2025-03-06,20:31:00,11.52,63,192.16,Completed
5332,569,15,33,11,2025-08-27,16:15:00,13.69,62,269.91,Completed
5333,650,156,13,6,2025-10-16,06:44:00,6.14,28,153.4,Completed
5334,327,131,1,5,2025-02-07,17:56:00,2.42,14,114.57,Completed
5335,865,157,38,1,2025-01-25,10:48:00,20.27,65,335.68,Completed
5336,529,52,25,39,2025-02-28,16:52:00,4.33,20,133.68,Completed
5337,844,54,21,10,2025-12-23,11:57:00,8.67,27,232.07,Driver_Cancelled
5338,273,58,33,10,2025-10-24,03:01:00,10.14,51,167.33,Completed
5339,879,45,37,24,2025-06-07,23:36:00,9.24,37,207.74,Completed
5340,376,118,34,7,2025-02-26,20:52:00,3.85,20,128.46,Cancelled
5341,912,77,3,22,2025-02-17,12:50:00,11.35,47,234.99,Completed
5342,375,50,30,21,2025-11-24,16:11:00,10.1,51,195.2,Completed
5343,334,22,3,22,2025-02-25,00:01:00,4,28,182.46,Completed
5344,3,52,18,33,2025-03-06,10:23:00,2.26,9,125.69,Completed
5345,243,181,23,25,2025-09-25,14:01:00,9.52,48,233.72,Driver_Cancelled
5346,620,31,8,31,2025-03-10,12:01:00,15.68,67,257.51,Completed
5347,51,71,9,16,2025-08-04,11:28:00,5.54,24,111.38,Completed
5348,882,247,2,15,2025-03-30,06:01:00,17.58,79,311.53,Completed
5349,350,240,2,29,2025-10-08,05:14:00,3.81,26,101.76,Completed
5350,174,176,27,19,2025-09-14,09:41:00,16.89,67,271.36,Completed
5351,116,246,39,17,2025-06-09,00:37:00,8.15,33,149.75,Completed
5352,695,90,36,26,2025-08-22,08:50:00,4.72,29,149.84,Completed
5353,361,31,5,36,2025-05-11,20:44:00,11.07,59,196.63,Completed
5354,355,102,1,36,2025-02-18,11:20:00,14.07,58,209.31,Driver_Cancelled
5355,666,230,22,35,2025-05-27,00:18:00,16.95,64,298.96,Completed
5356,759,132,10,40,2025-11-12,22:15:00,11.06,52,193.84,Completed
5357,76,163,24,23,2025-01-02,18:06:00,4.6,16,132.23,Completed
5358,927,97,15,9,2025-11-25,01:59:00,4.34,22,116.8,Driver_Cancelled
5359,756,67,33,34,2025-05-25,11:28:00,6.25,27,199.05,Completed
5360,81,192,23,18,2025-03-02,21:18:00,4.06,18,104.06,Cancelled
5361,229,211,14,16,2025-09-30,09:32:00,16.02,61,210.91,Completed
5362,72,137,18,32,2025-02-18,17:23:00,4.86,25,98.1,Cancelled
5363,403,174,25,28,2025-11-28,21:50:00,9.55,40,144.44,Completed
5364,218,83,22,32,2025-05-11,07:48:00,4.84,25,122.6,Completed
5365,452,184,37,18,2025-02-12,05:59:00,9.59,51,226.16,Completed
5366,911,56,7,34,2025-02-26,09:18:00,29.11,93,379.78,Cancelled
5367,755,211,26,29,2025-02-19,10:04:00,3.68,18,90.18,Completed
5368,367,250,24,21,2025-06-27,13:36:00,16.23,64,328.16,Driver_Cancelled
5369,826,26,13,1,2025-10-20,18:24:00,7.64,35,186.25,Driver_Cancelled
5370,590,60,6,16,2025-02-15,07:02:00,11.01,46,184.15,Completed
5371,670,128,21,33,2025-06-19,02:27:00,8.84,37,208.39,Completed
5372,560,205,7,21,2025-09-28,01:25:00,4.47,23,120.37,Completed
5373,312,214,18,35,2025-12-02,18:10:00,4.33,26,197.77,Cancelled
5374,298,127,15,27,2025-05-19,04:10:00,3.56,20,81.24,Completed
5375,24,240,8,20,2025-09-04,23:06:00,21.8,86,425.07,Cancelled
5376,110,72,16,31,2025-05-28,09:25:00,4.2,19,98.86,Completed
5377,52,216,3,16,2025-08-18,00:46:00,10.23,37,207.41,Completed
5378,939,90,9,14,2025-10-07,15:03:00,9.24,37,252.18,Completed
5379,290,176,26,32,2025-05-05,14:18:00,43.11,191,598.79,Completed
5380,444,58,26,32,2025-07-11,05:33:00,42.44,157,594.46,Driver_Cancelled
5381,467,233,30,2,2025-03-21,11:09:00,10.61,42,181.41,Completed
5382,259,233,27,22,2025-04-04,08:01:00,21.23,111,340.55,Completed
5383,324,63,16,37,2025-08-14,23:06:00,4.68,22,134.5,Completed
5384,651,120,4,17,2025-03-06,17:43:00,7.94,38,185.72,Completed
5385,909,247,19,32,2025-03-29,23:34:00,11.72,51,251.75,Completed
5386,818,186,34,38,2025-03-29,05:31:00,29.4,127,494.31,Completed
5387,338,131,6,17,2025-07-20,20:14:00,6.43,38,139.39,Cancelled
5388,787,135,15,34,2025-08-02,11:11:00,5.81,24,157.48,Completed
5389,556,180,10,7,2025-07-23,17:46:00,2.06,15,93.78,Completed
5390,929,114,36,29,2025-03-30,01:43:00,11.22,46,205.2,Completed
5391,422,190,40,17,2025-03-02,15:12:00,16.47,58,312.11,Completed
5392,259,248,6,24,2025-09-28,14:42:00,4.33,25,128.41,Completed
5393,625,2,40,8,2025-04-04,10:07:00,25.15,92,380.55,Completed
5394,739,161,6,23,2025-11-03,21:38:00,3.41,18,115.7,Completed
5395,65,140,15,33,2025-01-27,01:20:00,7.73,43,181.83,Completed
5396,163,48,29,29,2025-08-02,00:26:00,7,31,169.98,Completed
5397,164,204,25,19,2025-03-15,04:54:00,3.12,14,88.32,Completed
5398,678,53,19,5,2025-03-02,06:16:00,10.75,43,220.94,Driver_Cancelled
5399,39,202,14,37,2025-07-05,04:10:00,10.54,42,165.97,Completed
5400,665,125,3,23,2025-01-31,02:07:00,2.89,24,94.89,Completed
5401,320,169,14,26,2025-08-07,01:58:00,11.8,61,229.28,Completed
5402,360,117,39,24,2025-01-12,18:31:00,10.25,60,191.45,Completed
5403,269,91,39,21,2025-10-29,21:09:00,18.79,92,309.96,Cancelled
5404,324,82,21,33,2025-02-01,23:34:00,11.87,44,232.07,Completed
5405,326,186,11,26,2025-06-09,21:54:00,31.02,154,552.46,Completed
5406,587,68,10,10,2025-08-25,02:27:00,5.46,31,108.13,Completed
5407,257,232,15,29,2025-08-15,06:31:00,4.96,24,161,Completed
5408,200,151,30,35,2025-06-30,23:03:00,2.03,11,70.54,Completed
5409,438,213,17,28,2025-11-13,02:49:00,4.91,27,132.34,Cancelled
5410,610,164,29,12,2025-02-15,13:57:00,8.02,43,179.55,Completed
5411,104,94,17,7,2025-12-07,14:26:00,9.76,47,207.12,Completed
5412,372,240,33,16,2025-03-21,20:51:00,4.91,26,138.88,Completed
5413,905,213,38,20,2025-05-15,02:38:00,10.33,54,237.82,Completed
5414,164,215,21,29,2025-09-17,22:42:00,5.76,25,127.79,Completed
5415,113,149,14,35,2025-11-04,20:17:00,3.85,26,95.62,Completed
5416,615,72,10,28,2025-09-04,00:31:00,7.36,36,179.67,Completed
5417,549,103,23,7,2025-06-08,00:04:00,9.8,43,232.58,Completed
5418,106,183,39,22,2025-07-22,08:53:00,8.09,32,195.52,Driver_Cancelled
5419,699,249,39,14,2025-04-22,04:36:00,25.43,109,469.91,Completed
5420,364,184,14,36,2025-10-19,01:27:00,3.43,20,92.85,Driver_Cancelled
5421,21,13,22,10,2025-11-06,11:38:00,12.71,52,215.68,Completed
5422,660,124,28,2,2025-04-29,19:12:00,11.36,41,185.19,Completed
5423,998,232,9,22,2025-01-17,13:21:00,5.26,37,113.55,Cancelled
5424,129,150,23,16,2025-11-27,04:26:00,9.82,40,241.17,Completed
5425,483,7,7,35,2025-08-15,10:52:00,9.38,40,197.7,Cancelled
5426,699,24,24,40,2025-12-27,17:08:00,8.48,42,177.34,Completed
5427,796,189,37,11,2025-04-27,03:26:00,17.09,76,253.08,Completed
5428,199,133,9,33,2025-02-12,23:50:00,2.56,15,74.28,Completed
5429,747,250,38,34,2025-04-25,15:16:00,5.15,17,105.48,Cancelled
5430,952,50,7,33,2025-10-10,02:11:00,10.87,42,181.01,Driver_Cancelled
5431,620,190,23,19,2025-02-06,17:11:00,22.73,116,406.44,Completed
5432,521,183,25,20,2025-10-29,18:34:00,9.7,50,170.63,Completed
5433,961,26,22,10,2025-04-23,15:55:00,14.12,72,234.12,Completed
5434,420,243,7,19,2025-02-04,06:27:00,18.14,77,257.5,No_Show
5435,226,138,6,12,2025-05-12,08:29:00,9.85,53,191.33,Completed
5436,930,11,36,10,2025-12-02,20:26:00,4.63,25,132.66,Completed
5437,209,40,22,7,2025-12-02,01:42:00,5.29,28,136.83,Completed
5438,245,102,35,40,2025-08-16,10:31:00,8.76,42,191.73,Completed
5439,288,11,33,11,2025-05-27,13:57:00,3,13,117.34,Completed
5440,66,112,21,16,2025-05-02,22:52:00,9.15,36,234.04,No_Show
5441,868,94,11,33,2025-03-22,02:37:00,6.21,30,148.02,Completed
5442,153,4,13,38,2025-06-22,06:39:00,30.59,128,463.53,Driver_Cancelled
5443,491,2,3,17,2025-06-03,05:05:00,10.9,50,184.12,Completed
5444,435,205,13,25,2025-05-30,00:30:00,10.09,49,190.01,Completed
5445,703,167,34,31,2025-02-27,13:52:00,9.33,46,232.73,Completed
5446,218,209,28,1,2025-03-04,09:00:00,4.77,25,136.25,Completed
5447,429,151,40,39,2025-06-05,04:42:00,2.4,20,72.79,Driver_Cancelled
5448,502,45,34,20,2025-12-22,12:20:00,4.82,23,150.59,Completed
5449,666,74,32,9,2025-11-18,14:11:00,16.42,65,210.5,Completed
5450,789,205,23,2,2025-06-17,00:11:00,6.67,30,153.27,Completed
5451,594,170,24,1,2025-06-15,22:55:00,10.26,40,288.31,Completed
5452,221,103,1,39,2025-03-26,10:36:00,14.82,59,260.92,No_Show
5453,435,42,24,5,2025-05-17,21:45:00,11.57,50,266.12,Completed
5454,280,29,3,12,2025-07-08,12:21:00,16.71,52,415.63,Completed
5455,623,144,17,14,2025-01-02,08:37:00,4.48,25,107.73,Completed
5456,92,195,7,39,2025-04-16,10:50:00,11.88,50,241.52,Completed
5457,524,100,10,32,2025-12-30,11:15:00,3.27,17,107.45,Completed
5458,139,188,19,40,2025-03-13,19:11:00,6.16,24,147.23,Completed
5459,667,132,24,9,2025-05-06,08:38:00,16.08,50,264.28,Completed
5460,23,100,9,33,2025-06-19,20:44:00,4.05,21,162.16,Completed
5461,417,16,15,25,2025-07-24,12:13:00,13.79,43,332.3,No_Show
5462,976,169,22,38,2025-11-09,04:08:00,6.41,29,119.62,Completed
5463,732,6,17,14,2025-12-03,04:01:00,21.43,112,372.8,Completed
5464,348,42,19,9,2025-07-14,09:28:00,5.56,31,132.98,No_Show
5465,237,128,9,27,2025-06-07,04:34:00,7.08,39,156.76,Cancelled
5466,765,185,38,19,2025-05-21,10:21:00,3.75,18,94.45,No_Show
5467,934,156,19,25,2025-10-02,22:04:00,13.98,62,247.9,No_Show
5468,183,100,8,32,2025-01-07,16:04:00,34.45,153,475.9,Completed
5469,508,151,6,22,2025-02-23,22:43:00,35.42,172,696.81,Completed
5470,198,76,38,29,2025-04-14,06:49:00,8.75,45,203.65,Completed
5471,682,42,21,28,2025-12-08,04:54:00,10.43,49,228,Completed
5472,123,95,29,13,2025-12-04,02:19:00,5.34,26,175.28,Cancelled
5473,925,12,34,28,2025-03-02,06:56:00,8.42,36,193.49,Completed
5474,546,124,12,3,2025-03-28,04:32:00,8.33,29,141.04,Completed
5475,381,224,39,30,2025-09-15,03:43:00,6.58,33,163.96,Completed
5476,825,217,32,11,2025-06-27,08:04:00,17.06,67,307.51,Completed
5477,515,64,6,2,2025-08-30,19:06:00,5.86,28,211.48,Cancelled
5478,6,186,17,9,2025-07-22,04:04:00,16.38,80,289.74,Completed
5479,304,179,32,33,2025-01-31,11:00:00,6.96,39,175.92,Completed
5480,614,29,8,26,2025-10-16,05:18:00,7.2,43,155.67,Cancelled
5481,192,19,38,16,2025-03-21,10:08:00,5.88,29,138.74,Completed
5482,376,214,29,25,2025-01-11,05:16:00,8.48,33,205.65,Completed
5483,525,216,31,1,2025-09-11,17:38:00,4.44,25,113.72,Completed
5484,36,97,19,21,2025-10-14,10:08:00,6.65,35,147.43,Completed
5485,975,228,9,20,2025-06-25,18:51:00,4.35,22,106.69,Cancelled
5486,70,45,28,5,2025-05-06,07:15:00,2.82,20,137.17,Completed
5487,289,232,39,17,2025-02-16,08:18:00,5.14,18,144.37,Completed
5488,105,54,40,40,2025-07-25,05:46:00,8.27,47,144.87,Completed
5489,716,110,31,38,2025-04-17,16:13:00,18.19,65,337.74,Driver_Cancelled
5490,313,80,19,1,2025-10-02,11:35:00,7.68,39,172.71,Completed
5491,55,194,33,13,2025-12-03,12:35:00,4.05,18,124.13,Cancelled
5492,107,200,26,18,2025-05-03,01:43:00,3.72,14,98.18,Completed
5493,653,13,1,4,2025-05-14,18:56:00,8.83,46,207.97,Completed
5494,737,222,11,14,2025-04-17,17:02:00,7.18,38,119.05,Driver_Cancelled
5495,307,193,2,5,2025-11-01,04:25:00,15.51,57,278.52,Completed
5496,860,140,35,33,2025-11-25,05:46:00,23.13,105,347.24,Completed
5497,821,113,13,26,2025-02-19,19:10:00,9.58,37,226.91,Completed
5498,36,71,39,4,2025-12-03,16:42:00,20.79,97,352.38,Completed
5499,133,240,34,30,2025-04-05,15:27:00,5.61,31,120.73,Completed
5500,887,14,34,17,2025-09-25,06:39:00,15.15,72,361.8,Completed
5501,25,42,35,28,2025-01-23,07:42:00,7.84,32,185.47,Completed
5502,849,99,32,6,2025-02-23,03:54:00,12.35,49,289.5,Cancelled
5503,37,220,12,27,2025-09-11,08:10:00,2.98,20,97.9,Completed
5504,19,76,33,36,2025-08-23,15:11:00,7.34,32,207.47,Completed
5505,35,104,18,7,2025-02-28,19:41:00,5.59,24,153.09,No_Show
5506,363,176,5,1,2025-06-13,18:26:00,10.99,53,261.73,Completed
5507,418,121,19,10,2025-09-16,13:11:00,14.59,76,221.92,Completed
5508,822,152,31,13,2025-11-10,16:32:00,1.79,9,86.7,Completed
5509,430,65,27,32,2025-08-04,17:04:00,15.36,72,310.91,Completed
5510,518,145,38,14,2025-07-02,13:20:00,6,28,152.02,Completed
5511,467,38,15,33,2025-02-26,01:29:00,9.11,48,201.29,Completed
5512,897,28,4,30,2025-05-25,01:32:00,15.2,53,299.54,Completed
5513,199,33,19,9,2025-03-31,07:09:00,7.21,32,145.54,Completed
5514,546,152,21,6,2025-11-07,01:00:00,11.15,52,172.46,Completed
5515,568,111,40,10,2025-02-14,00:28:00,8.04,28,194.56,Completed
5516,768,237,1,11,2025-09-14,20:06:00,3.47,24,101.8,Completed
5517,211,126,20,39,2025-01-21,21:50:00,24.8,99,397.69,Completed
5518,609,128,22,20,2025-01-21,09:32:00,5.22,26,180.4,Completed
5519,794,70,13,25,2025-02-21,15:00:00,5.98,33,177.58,Completed
5520,501,85,1,12,2025-12-04,11:30:00,12.65,46,278.66,No_Show
5521,241,237,15,22,2025-06-20,18:47:00,15.1,73,273.64,Cancelled
5522,170,246,15,12,2025-03-08,21:32:00,5.94,22,148,Cancelled
5523,859,132,14,14,2025-04-23,04:02:00,3.94,13,115.02,Completed
5524,294,161,5,36,2025-10-27,21:30:00,17.29,82,330.45,Completed
5525,922,119,6,14,2025-06-09,12:01:00,3.55,18,113.4,Completed
5526,739,10,31,2,2025-09-23,18:17:00,6.69,28,196.48,Completed
5527,315,249,26,2,2025-11-16,19:39:00,7.07,39,168.03,Completed
5528,127,36,25,6,2025-08-20,02:17:00,15.36,60,342.52,Completed
5529,468,205,39,25,2025-11-21,17:23:00,31.5,146,413.52,Completed
5530,792,228,40,3,2025-03-09,13:31:00,6.23,37,144.98,Completed
5531,367,240,15,23,2025-01-28,04:23:00,13.03,71,211.75,No_Show
5532,21,73,6,9,2025-04-26,14:08:00,10.65,45,159.23,Completed
5533,316,159,1,31,2025-02-20,20:11:00,8.9,37,267.23,Cancelled
5534,758,132,7,28,2025-06-30,04:26:00,4.26,18,140.27,Completed
5535,90,122,4,25,2025-09-17,16:58:00,15.85,69,251.63,Cancelled
5536,404,212,1,35,2025-03-20,06:38:00,4.28,22,132.16,Completed
5537,518,136,2,1,2025-09-30,10:04:00,5.44,27,111.1,Driver_Cancelled
5538,451,27,34,2,2025-04-18,10:34:00,8.67,29,202.42,Completed
5539,778,164,35,15,2025-03-15,17:25:00,5.9,29,110.95,Completed
5540,908,137,13,40,2025-06-24,14:09:00,3.81,23,104.45,Completed
5541,609,171,17,16,2025-07-03,02:09:00,6.32,40,182.52,Completed
5542,150,152,10,23,2025-01-23,12:59:00,7.18,42,163.02,Cancelled
5543,446,165,3,35,2025-10-01,06:51:00,16.1,55,272.11,No_Show
5544,957,41,4,8,2025-05-09,13:02:00,12.71,45,341.81,Completed
5545,80,104,25,7,2025-10-18,04:12:00,4.35,21,167.02,Completed
5546,17,222,37,21,2025-11-16,16:21:00,23.22,103,387.3,Completed
5547,138,26,38,35,2025-07-05,18:20:00,21.86,76,447.24,Cancelled
5548,652,132,29,39,2025-02-28,17:33:00,7.98,41,164.76,Completed
5549,851,116,1,37,2025-01-01,19:53:00,6.1,23,153.62,Completed
5550,508,129,30,33,2025-05-11,15:52:00,8.25,38,189.34,Completed
5551,552,148,39,37,2025-03-08,08:25:00,5.49,29,167.84,Completed
5552,919,220,10,35,2025-10-20,21:09:00,6.06,36,142.3,Completed
5553,680,173,29,18,2025-10-12,15:43:00,11.68,51,267.84,Completed
5554,74,216,32,19,2025-03-30,12:19:00,14.34,60,298.56,Completed
5555,74,92,1,10,2025-04-10,17:54:00,6.68,38,168.21,Cancelled
5556,50,220,17,4,2025-07-08,01:56:00,13.86,58,241,Completed
5557,10,197,12,30,2025-12-12,17:16:00,25.95,98,415.53,Completed
5558,103,96,2,33,2025-08-29,19:23:00,5.94,34,177.38,Completed
5559,862,246,9,4,2025-09-27,12:32:00,18.68,88,355.71,Completed
5560,388,52,12,9,2025-08-07,18:42:00,7.32,34,196.37,Completed
5561,385,94,25,17,2025-06-25,09:15:00,6.5,23,163.18,No_Show
5562,299,64,36,39,2025-12-07,21:46:00,5.76,19,126.14,Cancelled
5563,339,21,35,24,2025-08-21,11:36:00,9.07,41,168.23,Driver_Cancelled
5564,389,106,22,39,2025-05-31,23:48:00,6,38,121.18,Driver_Cancelled
5565,990,80,33,13,2025-10-04,19:33:00,6.36,34,139.74,Completed
5566,474,200,21,26,2025-08-17,21:42:00,5.39,29,152.7,Completed
5567,616,76,40,19,2025-06-20,15:07:00,6.34,34,131.67,Completed
5568,802,96,22,17,2025-08-11,22:14:00,8.48,30,166.86,Cancelled
5569,962,25,28,30,2025-08-01,18:12:00,6.95,38,176.05,Completed
5570,792,195,4,26,2025-10-09,08:24:00,7.31,32,208.89,Completed
5571,142,26,26,13,2025-02-10,03:44:00,9.2,49,164.93,Completed
5572,809,100,23,18,2025-05-02,11:48:00,5.29,30,140.82,Completed
5573,170,81,23,21,2025-08-15,23:41:00,9.59,45,215.6,Completed
5574,13,27,8,34,2025-10-21,02:27:00,9.28,39,159.93,Driver_Cancelled
5575,669,245,32,9,2025-03-29,02:38:00,10.22,50,295.52,Completed
5576,449,180,39,30,2025-09-24,23:51:00,16.15,65,252.27,Driver_Cancelled
5577,174,63,1,29,2025-01-29,15:35:00,13.58,56,260.74,Completed
5578,674,86,30,29,2025-09-04,02:37:00,14.96,54,275.92,Completed
5579,959,118,28,19,2025-11-12,19:09:00,6.7,39,174.9,Driver_Cancelled
5580,132,173,17,8,2025-09-01,04:15:00,7.95,30,181.23,Driver_Cancelled
5581,540,186,23,17,2025-03-02,16:51:00,9.2,49,193.4,Completed
5582,595,38,38,12,2025-05-27,15:12:00,17.95,94,326.88,Completed
5583,897,163,24,15,2025-06-23,03:29:00,6.3,41,141.71,Completed
5584,932,46,22,5,2025-10-05,00:58:00,8.14,37,193.45,Completed
5585,875,127,5,34,2025-11-30,17:12:00,6.44,27,158.57,Completed
5586,269,71,25,3,2025-05-22,08:24:00,16.03,65,245.47,Driver_Cancelled
5587,251,131,7,5,2025-02-13,08:40:00,13.75,63,234.02,Completed
5588,370,134,22,34,2025-05-24,07:54:00,8,37,126,Completed
5589,618,13,37,9,2025-12-19,12:16:00,8.71,36,192.17,Completed
5590,773,174,34,24,2025-11-29,01:05:00,14.04,54,313.29,Driver_Cancelled
5591,865,207,36,5,2025-02-24,04:20:00,9.33,38,153.35,No_Show
5592,526,90,40,27,2025-11-03,20:20:00,5.62,27,164.84,Completed
5593,592,112,20,20,2025-12-24,18:27:00,6.79,25,145.64,Completed
5594,888,33,37,2,2025-06-10,23:11:00,10.96,45,249.77,Cancelled
5595,506,207,17,23,2025-10-12,18:07:00,6.6,28,139.15,Completed
5596,672,62,4,34,2025-11-21,01:36:00,27.84,135,399.88,Completed
5597,178,63,18,29,2025-07-17,17:18:00,3.59,20,165.43,Driver_Cancelled
5598,667,56,28,35,2025-06-08,15:46:00,15.54,66,278.76,No_Show
5599,547,39,16,30,2025-03-21,11:17:00,17.41,74,353.61,Completed
5600,259,60,8,3,2025-01-31,16:19:00,11.53,44,259.64,Completed
5601,260,105,18,10,2025-04-22,06:11:00,6.87,32,152.73,Completed
5602,135,239,29,34,2025-02-15,05:04:00,2.69,17,90.28,Completed
5603,461,206,40,1,2025-12-19,03:22:00,5.51,17,125.88,Completed
5604,489,127,16,6,2025-07-24,13:42:00,16.14,81,237.09,Completed
5605,643,83,30,6,2025-02-21,20:19:00,2.21,5,83.86,Completed
5606,81,220,34,16,2025-05-18,15:08:00,4.14,17,95,Completed
5607,367,152,30,1,2025-03-15,21:22:00,13.47,69,226.44,Completed
5608,59,178,21,5,2025-02-10,12:37:00,3.7,17,87.1,Completed
5609,74,105,22,25,2025-03-18,00:08:00,10.72,52,212.63,Completed
5610,239,161,25,27,2025-07-06,00:39:00,7.94,35,149.49,Completed
5611,129,204,22,38,2025-02-21,20:51:00,6.52,29,150.66,Completed
5612,412,74,28,26,2025-03-28,22:28:00,21.72,106,441.44,Completed
5613,315,135,39,16,2025-04-19,00:36:00,3.42,16,106.24,Cancelled
5614,374,174,33,26,2025-08-13,00:29:00,8.14,36,145.17,Completed
5615,437,122,2,37,2025-09-05,11:12:00,9.17,47,188.78,No_Show
5616,138,62,4,28,2025-03-10,20:26:00,1.78,8,75.13,Completed
5617,455,1,16,28,2025-04-30,23:16:00,4.25,29,110.06,Completed
5618,615,79,12,30,2025-03-08,19:49:00,4.64,22,131.62,Completed
5619,899,118,17,13,2025-03-02,16:03:00,4.94,26,123.16,Completed
5620,903,65,36,25,2025-11-23,18:02:00,16.05,75,256.25,Cancelled
5621,9,173,16,19,2025-07-10,19:58:00,11.39,57,245.27,Driver_Cancelled
5622,232,212,39,13,2025-07-08,19:44:00,6.41,34,135.27,No_Show
5623,611,183,23,11,2025-05-31,21:45:00,8.79,32,212.97,Completed
5624,730,66,8,23,2025-10-13,08:43:00,3.78,16,121.89,Completed
5625,965,67,9,14,2025-04-06,17:18:00,4.15,16,101.94,Completed
5626,397,100,14,10,2025-11-08,14:00:00,6.65,27,146.24,Completed
5627,749,208,9,34,2025-11-05,09:07:00,3.48,18,96.74,Completed
5628,734,54,26,40,2025-09-20,01:01:00,2.52,22,117.68,Cancelled
5629,680,221,36,23,2025-04-07,15:51:00,8.82,33,195.07,Driver_Cancelled
5630,882,236,3,40,2025-04-23,15:55:00,4.69,22,129.97,Completed
5631,574,121,10,21,2025-05-05,13:34:00,12.95,63,235.71,Completed
5632,318,100,25,20,2025-05-12,04:02:00,11.44,51,238.66,Completed
5633,999,191,4,32,2025-05-01,04:16:00,8.51,45,171.69,Completed
5634,507,182,30,14,2025-07-16,15:43:00,2.48,15,94.87,Completed
5635,522,236,11,24,2025-10-21,15:50:00,11.17,44,184.62,Driver_Cancelled
5636,746,103,19,18,2025-05-02,18:38:00,5.73,28,127.9,Completed
5637,87,180,13,30,2025-10-09,05:30:00,10.72,39,201.58,Completed
5638,779,182,36,28,2025-09-17,10:09:00,12.16,49,247.29,Completed
5639,716,195,3,14,2025-02-08,22:09:00,5.24,33,127.32,Completed
5640,318,165,14,21,2025-02-23,01:17:00,6.19,36,175.26,Driver_Cancelled
5641,333,108,10,34,2025-06-10,15:53:00,5.81,31,135.11,Completed
5642,360,12,38,5,2025-10-16,10:38:00,8.78,31,147.15,No_Show
5643,241,187,40,31,2025-07-19,14:51:00,25.96,99,396.06,Completed
5644,56,250,27,3,2025-10-03,14:57:00,11.08,49,187.44,Completed
5645,110,148,24,23,2025-01-16,10:04:00,5.92,22,131.69,Completed
5646,49,87,16,39,2025-06-22,16:05:00,3.59,23,133.55,Completed
5647,755,86,10,30,2025-09-05,07:57:00,11.94,46,247.94,Completed
5648,16,32,27,30,2025-08-06,19:30:00,5,29,105.09,Completed
5649,73,71,7,36,2025-03-28,22:35:00,16.39,76,231.68,Completed
5650,884,214,28,38,2025-03-23,19:13:00,4.07,26,139.91,Completed
5651,202,44,26,7,2025-03-03,17:32:00,21.84,84,374.52,No_Show
5652,93,66,18,5,2025-10-14,06:28:00,7.75,28,131.51,No_Show
5653,649,78,13,6,2025-02-11,06:18:00,10.32,55,242.25,Completed
5654,33,55,8,14,2025-01-12,18:09:00,6.08,23,136.56,Driver_Cancelled
5655,600,16,27,11,2025-11-17,18:22:00,2.17,14,107.14,Completed
5656,419,88,14,37,2025-08-22,12:40:00,8.03,32,184.21,Completed
5657,203,71,6,2,2025-11-25,17:07:00,14.77,72,254.27,Completed
5658,551,68,20,31,2025-05-11,12:23:00,5,26,127.55,No_Show
5659,626,180,28,27,2025-04-25,15:05:00,6.74,36,150.62,Completed
5660,845,124,23,16,2025-08-06,02:36:00,6.82,32,116.18,Completed
5661,759,165,12,2,2025-05-17,12:26:00,13.22,45,286.05,Completed
5662,855,174,24,26,2025-04-16,03:31:00,6.26,23,167.06,Completed
5663,921,169,22,16,2025-06-28,01:42:00,7.28,36,145.53,Completed
5664,882,133,26,9,2025-01-16,22:29:00,14.57,45,311.21,Completed
5665,720,194,22,9,2025-08-30,22:46:00,20.07,74,405.87,Completed
5666,312,5,7,5,2025-11-30,00:57:00,5.13,22,107.1,No_Show
5667,944,191,15,36,2025-08-14,18:02:00,7.96,31,145.13,Cancelled
5668,469,125,30,7,2025-08-30,08:09:00,13.36,60,249.52,Cancelled
5669,394,131,4,32,2025-05-21,11:17:00,5.16,17,122.88,Completed
5670,809,234,6,29,2025-07-18,16:12:00,16.37,87,380.45,Completed
5671,872,136,2,37,2025-04-22,22:16:00,15.58,59,249.71,Completed
5672,211,154,31,3,2025-05-07,08:15:00,3.02,12,84.7,Completed
5673,867,74,24,30,2025-01-21,07:20:00,9.19,33,215.79,Driver_Cancelled
5674,571,125,35,40,2025-05-27,15:11:00,17.86,78,337.47,Completed
5675,156,98,31,31,2025-03-30,16:15:00,6.92,25,164.79,Driver_Cancelled
5676,634,238,25,27,2025-10-30,20:59:00,28.95,99,395.63,Completed
5677,632,123,8,6,2025-07-22,02:13:00,18.71,63,296.87,Cancelled
5678,809,100,12,29,2025-03-26,05:09:00,4.54,32,133.56,Completed
5679,322,53,2,9,2025-06-16,01:16:00,4.29,21,151.18,Completed
5680,435,76,15,20,2025-03-13,23:18:00,4.18,23,111.45,Completed
5681,574,212,40,11,2025-10-25,15:08:00,7.95,47,225.06,Completed
5682,670,128,32,19,2025-01-09,04:45:00,7.55,26,128.8,Completed
5683,40,157,11,39,2025-10-08,22:58:00,4.14,16,178.96,Completed
5684,754,14,17,10,2025-09-15,07:05:00,12.37,52,226.26,Completed
5685,40,240,21,5,2025-10-02,02:55:00,7.41,33,197.19,Driver_Cancelled
5686,453,5,22,39,2025-08-26,00:47:00,17.46,62,303.35,Completed
5687,870,250,33,23,2025-01-20,09:17:00,7.11,32,139.21,Completed
5688,190,112,29,6,2025-08-21,23:32:00,12.55,62,273.47,Completed
5689,746,27,15,31,2025-08-09,18:04:00,18.34,72,375,Completed
5690,15,125,21,18,2025-11-22,07:53:00,5.95,38,120.48,Completed
5691,124,196,2,21,2025-01-17,06:27:00,15.13,57,324.54,Completed
5692,740,29,38,15,2025-03-30,04:42:00,3.65,21,180.94,Completed
5693,899,3,3,31,2025-07-15,11:07:00,11.37,49,237.32,Completed
5694,280,225,25,10,2025-12-16,15:57:00,4.98,25,138.64,Completed
5695,937,158,13,6,2025-03-25,20:33:00,6.55,37,145.18,Completed
5696,959,228,24,24,2025-03-28,09:44:00,6.79,35,134.32,Completed
5697,48,137,31,33,2025-11-03,17:57:00,6.72,31,171.34,Completed
5698,189,1,15,28,2025-12-04,07:15:00,4.32,23,100.99,Completed
5699,304,240,6,28,2025-06-03,19:40:00,6.54,27,157.65,Completed
5700,559,23,10,10,2025-08-16,15:13:00,7.69,40,134.96,Completed
5701,696,67,9,23,2025-09-21,01:51:00,5.37,21,127.82,Completed
5702,105,160,5,15,2025-08-11,20:16:00,10.59,54,164.89,Completed
5703,369,216,19,37,2025-05-01,01:48:00,20.88,68,413.88,No_Show
5704,501,6,20,14,2025-06-22,23:04:00,7.88,39,141.11,Completed
5705,460,205,33,14,2025-01-04,23:28:00,6.72,40,146.74,Completed
5706,247,49,37,7,2025-12-08,13:18:00,11.46,51,245.49,Completed
5707,264,143,31,36,2025-05-08,13:54:00,10.16,41,179.67,Completed
5708,206,186,39,18,2025-04-20,09:25:00,5.59,28,131.94,Completed
5709,507,181,13,15,2025-12-21,09:58:00,7.47,38,175.45,Cancelled
5710,530,30,38,33,2025-02-06,10:28:00,6.14,30,133.44,Driver_Cancelled
5711,364,204,6,22,2025-03-12,11:10:00,10.49,36,199.05,Completed
5712,763,40,8,17,2025-10-16,09:43:00,9.18,41,221.1,Completed
5713,750,187,10,26,2025-01-31,23:24:00,8.85,38,197.36,Cancelled
5714,340,63,4,15,2025-09-25,14:28:00,6.75,28,189.56,No_Show
5715,407,48,14,40,2025-01-11,06:17:00,7.96,43,127.2,Completed
5716,453,227,4,18,2025-12-10,10:28:00,13.14,55,216.38,Completed
5717,833,220,24,8,2025-11-24,19:38:00,10.61,52,197.67,Completed
5718,877,124,21,3,2025-02-01,22:52:00,7.77,34,192.79,Completed
5719,814,68,10,14,2025-02-26,13:39:00,11.72,47,233.47,Completed
5720,578,135,25,34,2025-06-15,10:40:00,10.14,37,267.27,Driver_Cancelled
5721,848,175,6,33,2025-07-07,13:41:00,8.26,37,146.55,Completed
5722,965,43,16,37,2025-12-08,10:58:00,7.88,36,135.36,Cancelled
5723,150,144,28,1,2025-01-19,06:29:00,4.27,23,130.87,Completed
5724,193,22,36,35,2025-04-26,11:21:00,8.55,30,228.14,Completed
5725,908,63,33,10,2025-07-03,16:57:00,13.35,69,258.67,Completed
5726,147,174,30,19,2025-09-27,06:31:00,3.02,15,89,Completed
5727,406,247,36,11,2025-02-02,12:34:00,27.88,127,492.22,Completed
5728,183,173,25,35,2025-01-10,17:50:00,7.95,29,184.35,Completed
5729,106,41,13,2,2025-03-21,22:36:00,9.32,43,235.6,Cancelled
5730,236,153,39,3,2025-07-11,08:28:00,17.46,83,307.7,Cancelled
5731,638,50,15,15,2025-11-16,03:46:00,9.96,37,218.09,Completed
5732,958,67,38,28,2025-07-09,07:53:00,6.55,41,127.1,Completed
5733,179,180,30,2,2025-03-09,05:46:00,7.88,38,178.38,Completed
5734,432,86,14,30,2025-12-14,18:44:00,12.44,59,226.41,No_Show
5735,401,159,4,38,2025-05-05,22:39:00,5.05,18,121.05,Completed
5736,525,37,1,5,2025-12-02,11:40:00,6.62,35,122.15,Completed
5737,743,150,3,6,2025-02-28,21:21:00,5.97,26,179.23,Completed
5738,540,27,36,5,2025-04-07,12:46:00,5.31,27,125.9,Completed
5739,891,120,4,12,2025-10-02,18:52:00,11.35,56,247.64,Completed
5740,323,130,14,4,2025-05-29,01:02:00,14.38,58,234.51,Cancelled
5741,261,22,25,24,2025-10-05,05:45:00,8.48,40,198.06,Cancelled
5742,612,249,39,25,2025-09-22,08:12:00,5.44,27,135.27,Completed
5743,700,181,3,26,2025-01-09,11:01:00,13.25,50,301.15,Completed
5744,399,17,7,33,2025-10-10,14:43:00,7.29,26,148.23,Completed
5745,337,112,8,21,2025-09-30,04:49:00,2.87,16,87.89,Driver_Cancelled
5746,300,125,7,23,2025-10-28,05:47:00,5.42,21,108.14,Completed
5747,119,56,25,37,2025-01-08,17:08:00,18.05,81,353.89,Completed
5748,558,212,17,37,2025-07-27,09:38:00,3.33,26,99.03,Completed
5749,413,216,26,12,2025-05-05,20:00:00,21.06,89,397.87,Completed
5750,580,237,4,37,2025-05-03,19:36:00,13.17,59,256.15,Completed
5751,384,159,18,21,2025-02-02,10:16:00,11.4,49,204.67,Completed
5752,480,244,4,13,2025-01-01,08:10:00,11.13,42,207.61,Completed
5753,305,43,17,33,2025-07-23,03:10:00,6.28,24,200.16,Completed
5754,683,200,17,6,2025-01-06,07:53:00,17.94,69,263.64,Completed
5755,870,121,25,12,2025-10-24,10:01:00,8.56,30,148.04,Completed
5756,196,181,3,38,2025-01-05,23:07:00,2.05,9,93.77,Completed
5757,333,133,12,30,2025-03-21,08:13:00,4.13,17,134.6,Completed
5758,20,130,27,37,2025-10-01,01:45:00,4.95,30,138.3,Completed
5759,623,121,17,18,2025-06-26,08:42:00,13.32,64,272.1,Driver_Cancelled
5760,658,187,22,16,2025-12-04,05:03:00,3.64,22,95.2,Completed
5761,704,132,39,7,2025-11-17,06:15:00,9.37,54,273.01,Completed
5762,433,227,39,1,2025-12-05,03:06:00,11.77,59,201.27,Completed
5763,883,162,36,28,2025-05-16,18:32:00,13.29,68,276.48,Completed
5764,426,195,16,3,2025-01-25,05:24:00,5.61,31,125.24,Completed
5765,229,112,37,39,2025-11-21,00:05:00,7.15,35,144.02,Completed
5766,524,212,29,10,2025-07-02,23:51:00,11.67,52,241.53,Completed
5767,217,201,14,14,2025-06-17,11:07:00,11.84,53,318.26,Completed
5768,990,134,7,15,2025-12-04,18:54:00,4.97,27,157.28,Driver_Cancelled
5769,591,186,28,6,2025-06-27,17:29:00,4.22,17,97.49,Driver_Cancelled
5770,375,175,13,39,2025-04-05,03:06:00,13.66,73,307.69,No_Show
5771,36,5,16,16,2025-02-02,22:49:00,4.95,25,144.34,Completed
5772,776,61,21,18,2025-04-21,18:18:00,14.18,46,254.9,Driver_Cancelled
5773,28,233,4,35,2025-05-26,03:02:00,5.87,16,134.47,Completed
5774,372,56,39,25,2025-08-19,07:56:00,7.07,28,200.88,Completed
5775,86,102,35,33,2025-09-29,13:09:00,13.42,67,212.16,Completed
5776,188,163,15,33,2025-12-02,00:30:00,5.38,19,192.15,Completed
5777,305,119,26,19,2025-02-07,01:46:00,11.81,49,186.47,Driver_Cancelled
5778,766,223,7,38,2025-05-15,09:12:00,3.65,20,113.23,Completed
5779,422,13,18,11,2025-11-30,12:30:00,6.55,32,153.09,Completed
5780,80,26,25,39,2025-08-23,20:42:00,4.98,24,144.27,Completed
5781,186,214,37,3,2025-11-15,06:08:00,7.95,41,163.65,Driver_Cancelled
5782,5,224,21,38,2025-12-11,06:18:00,10.6,51,214.48,Completed
5783,558,64,8,1,2025-06-09,20:26:00,22.07,116,428.81,No_Show
5784,866,207,20,40,2025-02-07,00:33:00,9.38,45,151.21,Completed
5785,497,139,18,25,2025-05-30,14:35:00,4.23,20,94.26,Completed
5786,509,62,19,32,2025-11-04,16:18:00,3.75,28,116.38,Completed
5787,614,208,3,36,2025-01-29,21:17:00,3.04,16,114.44,Completed
5788,971,175,38,4,2025-05-24,23:00:00,8.11,32,169.3,Completed
5789,2,248,18,23,2025-03-17,23:28:00,6.68,35,186.37,Completed
5790,217,124,27,16,2025-05-25,16:50:00,4.33,19,112.47,Completed
5791,537,70,15,11,2025-08-17,20:47:00,20.5,81,333.22,Completed
5792,257,238,21,22,2025-03-05,19:11:00,5.18,31,139.82,Completed
5793,735,75,22,39,2025-12-13,01:39:00,6.66,24,115.45,Completed
5794,453,186,8,33,2025-12-11,08:05:00,7.39,37,155.55,Completed
5795,424,244,11,38,2025-09-26,11:42:00,8.74,34,180.42,Completed
5796,324,10,12,13,2025-11-24,18:18:00,2.49,13,84.5,Completed
5797,499,144,39,21,2025-07-03,12:25:00,4.95,28,106.95,Completed
5798,581,12,27,12,2025-09-18,18:37:00,2.97,17,113.82,Completed
5799,197,199,35,26,2025-09-25,09:24:00,7.34,36,155.76,Completed
5800,504,231,2,1,2025-06-18,06:16:00,7.37,33,149.12,Completed
5801,272,219,35,22,2025-09-16,11:11:00,10.4,36,223.34,No_Show
5802,694,88,31,27,2025-08-15,09:19:00,8.81,35,158.14,Completed
5803,959,50,8,32,2025-02-02,01:39:00,2.91,15,131.88,No_Show
5804,18,143,20,8,2025-08-02,00:27:00,7.54,32,175.86,Completed
5805,107,59,8,34,2025-02-19,14:05:00,3.75,19,131.14,Completed
5806,529,198,4,18,2025-07-29,02:59:00,5.57,35,172.61,Completed
5807,125,62,31,4,2025-01-29,21:47:00,3.81,19,161.24,Cancelled
5808,483,211,32,1,2025-02-08,01:51:00,5.18,20,129.55,Completed
5809,594,72,13,16,2025-12-13,13:22:00,13.56,64,261.98,Completed
5810,4,244,22,30,2025-04-10,00:30:00,4.11,25,116.14,Cancelled
5811,627,239,26,23,2025-06-22,01:01:00,5.97,26,176.91,Completed
5812,351,190,17,31,2025-01-17,13:32:00,13.81,58,193.17,Completed
5813,351,228,29,28,2025-02-25,18:08:00,2.38,8,107.48,Completed
5814,649,50,27,37,2025-08-14,03:25:00,17.04,75,273.52,Completed
5815,799,205,22,16,2025-02-15,10:16:00,4.24,24,140.94,Completed
5816,901,54,18,9,2025-03-08,04:16:00,3.52,23,120.61,Completed
5817,228,54,5,2,2025-07-16,08:44:00,7.15,29,167.44,Completed
5818,16,225,12,2,2025-05-22,23:29:00,5.67,26,126.85,Completed
5819,810,224,2,32,2025-11-19,09:36:00,8.75,45,165.15,Completed
5820,425,156,7,16,2025-01-23,14:47:00,4.39,29,147.63,Completed
5821,464,104,26,13,2025-04-04,08:29:00,4.94,32,137.42,Completed
5822,724,51,39,27,2025-08-30,05:45:00,4.34,22,142.92,Completed
5823,246,241,15,31,2025-08-25,18:51:00,10.87,48,271.75,Completed
5824,798,74,33,33,2025-02-23,01:59:00,5.24,25,145.98,Completed
5825,794,161,3,21,2025-05-18,05:15:00,5.23,30,128.26,Completed
5826,177,129,2,19,2025-11-29,02:50:00,5.97,22,128.8,Completed
5827,543,85,17,13,2025-09-29,19:20:00,8.98,34,200.09,Driver_Cancelled
5828,509,69,1,19,2025-02-10,07:57:00,23.12,116,427.49,Completed
5829,562,129,36,35,2025-04-08,00:17:00,6,25,161.53,Completed
5830,655,117,17,35,2025-07-02,09:26:00,8.08,29,187.82,Completed
5831,564,55,2,33,2025-05-08,18:04:00,2.45,17,101.11,Completed
5832,233,85,33,3,2025-08-17,04:12:00,2.38,10,108.16,Cancelled
5833,678,89,29,21,2025-11-13,06:25:00,8.21,34,216.99,Completed
5834,38,212,6,40,2025-03-27,02:19:00,6.45,43,160.87,Completed
5835,491,173,36,23,2025-09-13,07:04:00,13.49,58,318.07,Completed
5836,444,73,24,11,2025-07-28,08:12:00,12.59,52,267.21,Completed
5837,20,80,11,4,2025-08-03,17:57:00,6.19,31,221.81,Completed
5838,611,220,5,4,2025-04-10,06:39:00,8.17,45,197.27,Completed
5839,727,168,30,15,2025-02-18,20:36:00,8.84,29,156.41,Completed
5840,556,110,10,28,2025-07-20,05:47:00,4.73,23,96.39,Completed
5841,111,241,37,36,2025-09-15,04:40:00,4.08,22,114.47,Completed
5842,487,61,27,8,2025-06-27,01:44:00,7.74,35,164.3,Completed
5843,89,164,27,24,2025-09-02,22:55:00,8.76,34,205.67,Completed
5844,319,103,24,34,2025-05-03,20:25:00,7.15,32,195.77,Completed
5845,118,113,3,15,2025-12-08,00:14:00,20.91,112,341.1,No_Show
5846,434,152,38,23,2025-06-20,19:08:00,13.45,45,206.57,Completed
5847,918,80,26,27,2025-11-29,21:59:00,14.43,55,289.6,No_Show
5848,239,142,39,14,2025-05-16,23:22:00,6.78,26,150.4,Completed
5849,72,112,18,2,2025-02-28,04:56:00,5.82,30,149.88,Cancelled
5850,822,98,3,35,2025-07-12,02:44:00,3.58,20,86.41,Completed
5851,905,88,38,7,2025-09-25,01:20:00,18.72,78,341.83,Completed
5852,399,239,25,16,2025-09-17,01:50:00,6.51,36,127.08,Cancelled
5853,816,203,13,22,2025-04-05,18:35:00,18.61,66,303.96,Driver_Cancelled
5854,404,237,25,28,2025-05-05,02:33:00,5.81,24,165,Completed
5855,675,100,24,32,2025-02-10,02:01:00,11.54,51,206.1,Completed
5856,251,120,16,7,2025-09-11,18:17:00,5.88,26,125.68,Completed
5857,869,129,11,22,2025-01-07,12:26:00,6.71,34,121.55,Driver_Cancelled
5858,195,47,21,2,2025-08-04,07:49:00,18.31,56,274.53,Completed
5859,572,204,31,8,2025-03-10,21:00:00,8.65,41,171.37,Completed
5860,610,149,15,7,2025-03-10,19:19:00,4.78,28,110.82,Completed
5861,930,201,36,38,2025-03-22,02:52:00,2.14,17,83.26,Completed
5862,868,39,1,21,2025-01-30,16:22:00,17.05,84,292.64,Completed
5863,867,3,28,22,2025-03-14,18:37:00,14.99,63,208.39,Completed
5864,585,144,33,35,2025-09-19,20:49:00,13.71,65,203.65,No_Show
5865,222,68,3,18,2025-03-30,12:38:00,2.37,10,109.95,Completed
5866,631,154,15,9,2025-07-27,10:27:00,10.16,35,243.09,Completed
5867,182,247,33,2,2025-08-01,00:52:00,10.17,39,207.3,Completed
5868,896,238,32,17,2025-11-18,00:46:00,6.29,26,132.49,Completed
5869,730,182,23,40,2025-09-23,21:28:00,4.73,25,128.37,Completed
5870,256,13,26,20,2025-10-20,17:32:00,7.95,30,197.06,Completed
5871,908,189,17,6,2025-07-26,17:48:00,7.16,37,124.02,Completed
5872,88,20,9,11,2025-11-29,21:04:00,8.41,51,183.52,Completed
5873,873,83,5,5,2025-03-18,09:33:00,11.15,48,212.35,Completed
5874,787,27,29,10,2025-10-15,21:07:00,3.91,24,117.01,Completed
5875,492,130,6,23,2025-02-16,09:45:00,3.1,17,93.46,Completed
5876,336,10,35,33,2025-04-20,19:34:00,6.66,36,163.72,Completed
5877,538,188,21,40,2025-07-19,10:18:00,26.01,92,353.32,Completed
5878,407,89,23,36,2025-07-29,12:57:00,4.17,16,120.9,Completed
5879,633,19,35,39,2025-06-03,01:41:00,7.46,27,158.61,Completed
5880,289,143,2,34,2025-01-10,19:55:00,7.83,44,187.7,Cancelled
5881,362,103,9,17,2025-12-19,06:10:00,1.58,10,114.72,Completed
5882,441,47,13,26,2025-06-06,21:29:00,17.31,84,272.51,Completed
5883,30,241,34,27,2025-09-18,16:48:00,4.51,20,108.33,Completed
5884,919,152,16,3,2025-03-18,12:00:00,7.43,38,200.3,Completed
5885,714,16,5,19,2025-09-14,16:42:00,13.77,75,257.89,Completed
5886,894,81,1,8,2025-05-11,20:54:00,6.46,27,111.52,Completed
5887,548,188,40,17,2025-03-08,04:46:00,11.94,49,183.06,Completed
5888,637,208,22,1,2025-08-16,15:16:00,1.23,11,110.37,Completed
5889,223,210,26,7,2025-06-12,19:54:00,3.45,20,117.69,Completed
5890,747,177,34,36,2025-01-15,22:09:00,16.89,84,223.35,Completed
5891,124,132,21,3,2025-08-20,09:11:00,14.04,73,250.71,Completed
5892,982,194,7,19,2025-07-14,15:35:00,5.1,23,150.14,Completed
5893,683,177,25,27,2025-12-15,05:29:00,12.34,53,241.85,Driver_Cancelled
5894,998,113,12,3,2025-01-30,13:07:00,10.93,51,215.69,Cancelled
5895,962,159,31,34,2025-12-25,15:32:00,5.24,22,173.91,Cancelled
5896,693,66,27,5,2025-12-04,15:57:00,4.49,17,130.14,Driver_Cancelled
5897,215,54,22,37,2025-11-27,02:56:00,15.02,66,262.45,Completed
5898,118,2,34,16,2025-11-12,03:56:00,3.48,19,91.77,Cancelled
5899,227,61,17,14,2025-10-23,14:53:00,5.41,31,111.76,Completed
5900,891,15,11,30,2025-11-26,04:12:00,5.4,19,127.09,Completed
5901,444,60,29,32,2025-08-08,14:33:00,4.7,22,126.92,Cancelled
5902,549,112,34,12,2025-05-27,09:21:00,5.89,29,189.62,Completed
5903,829,43,37,27,2025-09-16,17:42:00,2.97,21,82.28,No_Show
5904,608,93,26,26,2025-10-19,18:15:00,23.23,79,396.59,Completed
5905,632,226,32,29,2025-10-26,19:09:00,13.54,53,217.52,Completed
5906,437,168,37,23,2025-05-23,18:25:00,6.54,30,167.75,Completed
5907,12,224,5,22,2025-08-23,14:39:00,3.66,19,91.1,Completed
5908,122,213,20,20,2025-04-25,11:24:00,6.75,27,180.06,Completed
5909,547,30,7,38,2025-12-31,22:36:00,4.96,26,137.66,Cancelled
5910,489,63,23,16,2025-03-31,22:12:00,3.32,13,97.75,Completed
5911,251,24,1,31,2025-07-27,22:40:00,16.04,65,232.67,Completed
5912,579,172,39,3,2025-06-13,04:52:00,9.62,47,171.87,Completed
5913,482,14,3,21,2025-03-25,10:49:00,6.29,26,163.72,Completed
5914,550,28,3,39,2025-03-18,03:58:00,2.25,13,79.27,Completed
5915,280,142,6,5,2025-06-10,21:50:00,23.42,80,442.81,Completed
5916,742,184,31,20,2025-01-05,08:02:00,2.25,9,153.63,Completed
5917,337,108,27,23,2025-03-19,14:28:00,3.82,20,113.08,Completed
5918,168,34,29,32,2025-04-01,21:03:00,20.31,107,342.42,Completed
5919,961,78,15,9,2025-03-28,13:46:00,10.99,50,229.57,Completed
5920,953,247,36,3,2025-09-27,14:37:00,14.11,75,244.7,Completed
5921,328,217,5,27,2025-04-14,05:40:00,13.95,71,215.34,Completed
5922,246,12,3,27,2025-12-05,13:53:00,16.02,85,336.08,Cancelled
5923,591,184,25,10,2025-06-24,20:54:00,8.76,55,196.56,Completed
5924,626,61,32,16,2025-02-23,22:51:00,12.11,55,237.61,Completed
5925,301,105,21,24,2025-07-30,12:21:00,5.73,37,150.04,Completed
5926,729,189,17,23,2025-04-05,02:13:00,13.22,57,275.92,Completed
5927,200,40,9,9,2025-08-11,05:00:00,6.77,29,152.37,Completed
5928,893,148,26,2,2025-01-09,05:35:00,17.6,90,348.44,Completed
5929,500,240,22,6,2025-02-22,05:23:00,10.02,34,186.01,Cancelled
5930,864,170,23,37,2025-03-18,04:08:00,15.99,86,372.41,Completed
5931,754,7,11,35,2025-07-25,15:18:00,8.89,38,273.32,Completed
5932,13,79,10,7,2025-11-12,05:50:00,4.44,13,99.9,Completed
5933,366,121,23,15,2025-10-29,16:07:00,10.49,56,250.26,Completed
5934,719,73,5,21,2025-11-06,00:01:00,14.55,62,249.49,No_Show
5935,774,68,26,38,2025-11-26,14:29:00,2.53,15,87.1,Completed
5936,97,31,4,36,2025-04-22,06:29:00,5.11,24,158.26,No_Show
5937,71,215,27,23,2025-12-17,02:43:00,5.68,35,147.59,Completed
5938,993,70,38,29,2025-06-14,23:00:00,4.97,28,157.24,Completed
5939,815,220,34,13,2025-10-06,18:26:00,11.17,34,176.86,Completed
5940,861,204,3,5,2025-01-27,02:40:00,11.14,39,197.69,Completed
5941,742,47,32,39,2025-03-11,20:37:00,5.25,29,157.96,Completed
5942,357,179,26,39,2025-08-06,18:50:00,4.52,25,121.6,Completed
5943,812,58,18,1,2025-12-31,04:55:00,10.8,47,157.19,Completed
5944,544,150,7,20,2025-07-08,22:00:00,2.08,6,117.6,Completed
5945,250,24,13,1,2025-11-29,23:30:00,3.84,17,114.9,Completed
5946,254,34,6,35,2025-11-02,18:35:00,5.07,33,206.45,Completed
5947,771,63,35,40,2025-05-04,00:08:00,6.81,35,176.32,Driver_Cancelled
5948,182,188,31,7,2025-01-19,20:02:00,10.24,48,240.95,Completed
5949,852,147,37,35,2025-09-14,07:48:00,9.23,31,201.66,Completed
5950,974,24,4,34,2025-10-23,01:54:00,3.44,21,95.32,Completed
5951,988,64,4,5,2025-01-22,05:42:00,10.21,60,227.34,Completed
5952,166,148,8,29,2025-02-09,08:22:00,3.51,21,131.11,Completed
5953,4,116,38,27,2025-02-07,12:54:00,22.71,88,387.32,Completed
5954,463,98,11,7,2025-02-17,06:07:00,5.52,33,146.73,Completed
5955,145,239,2,1,2025-07-02,00:13:00,15.72,64,314.24,Completed
5956,165,27,18,9,2025-03-16,00:37:00,4.55,23,122.96,Completed
5957,344,186,18,1,2025-07-28,01:57:00,3.3,18,99.85,Completed
5958,998,44,22,27,2025-07-02,14:44:00,7.98,42,153.62,Cancelled
5959,874,93,12,17,2025-04-17,01:12:00,13.63,66,225.74,Completed
5960,105,65,17,32,2025-07-07,06:11:00,16.43,84,354.91,Completed
5961,548,119,17,30,2025-09-21,18:38:00,3.62,15,119.24,Completed
5962,314,174,36,15,2025-03-27,13:10:00,12.8,51,272.61,Cancelled
5963,169,228,29,28,2025-11-20,06:11:00,4.69,21,172.76,Completed
5964,520,54,16,3,2025-11-27,09:13:00,5.48,30,146.44,Completed
5965,963,120,11,28,2025-05-17,09:11:00,5.75,28,131.43,Driver_Cancelled
5966,926,235,22,5,2025-12-12,09:38:00,11.56,44,252.05,Completed
5967,598,167,30,2,2025-12-02,05:08:00,7.7,30,123.43,Completed
5968,436,237,8,38,2025-04-05,15:22:00,7.69,32,176.89,Completed
5969,609,238,18,16,2025-11-22,02:19:00,3.51,20,94.73,Cancelled
5970,512,7,16,17,2025-09-02,19:47:00,8.77,39,158.18,Cancelled
5971,409,54,20,12,2025-03-31,07:34:00,4.33,22,127.35,Completed
5972,436,43,39,26,2025-02-28,19:26:00,9.65,31,202.27,Completed
5973,315,20,8,7,2025-01-28,08:33:00,13.91,75,252.61,Completed
5974,542,84,30,24,2025-03-13,22:35:00,5.08,28,176.51,Completed
5975,613,153,38,16,2025-09-27,09:53:00,4.99,28,130.21,Completed
5976,579,43,29,18,2025-01-24,17:01:00,14.99,53,283.5,Completed
5977,900,213,13,8,2025-04-22,20:45:00,3.47,25,106.77,No_Show
5978,861,201,17,27,2025-10-27,15:42:00,8.79,45,224.03,Completed
5979,953,127,40,26,2025-02-25,01:14:00,2.42,11,70.07,Completed
5980,63,155,17,31,2025-08-11,23:20:00,2.7,15,99.46,Completed
5981,32,220,9,18,2025-04-30,18:34:00,32.63,109,590.25,Completed
5982,599,153,2,2,2025-06-28,16:43:00,10,39,248.86,Completed
5983,211,36,24,23,2025-10-15,03:56:00,8.89,30,162.64,Completed
5984,463,226,21,22,2025-10-08,08:12:00,9.43,57,216.06,Completed
5985,563,66,2,33,2025-07-08,18:54:00,3.64,26,126.95,Completed
5986,575,121,5,18,2025-03-07,01:33:00,11.13,60,244.69,Completed
5987,80,9,17,15,2025-10-25,17:49:00,3.96,16,115.91,Cancelled
5988,343,83,24,3,2025-09-06,01:24:00,2.31,9,104.8,Completed
5989,232,79,8,23,2025-03-17,17:41:00,12.06,57,313.45,Completed
5990,878,181,30,2,2025-05-17,02:48:00,5.41,22,129.43,Completed
5991,613,21,22,4,2025-06-13,19:39:00,11.08,53,164.24,Completed
5992,129,178,24,26,2025-08-21,14:21:00,4.55,28,108.52,Completed
5993,19,16,26,19,2025-09-12,19:28:00,5.7,39,116.96,Completed
5994,357,194,8,10,2025-10-21,14:03:00,7.14,26,172.55,No_Show
5995,419,26,12,22,2025-06-19,13:15:00,6.82,34,155.68,Completed
5996,959,172,14,6,2025-11-13,00:53:00,7.52,41,203.25,Completed
5997,606,29,30,1,2025-06-23,04:54:00,9.47,46,204.11,Completed
5998,81,225,35,16,2025-12-11,02:27:00,5.85,24,136.68,Completed
5999,615,98,31,7,2025-01-18,13:21:00,7.25,26,196.59,Completed
6000,881,174,28,24,2025-03-11,11:12:00,6.2,32,199.9,Completed
6001,666,219,27,35,2025-12-04,05:37:00,1.4,11,91.03,No_Show
6002,781,71,36,14,2025-04-26,19:17:00,19.05,101,340.91,Driver_Cancelled
6003,118,177,1,4,2025-03-21,17:40:00,14.04,60,325.55,Completed
6004,854,143,14,15,2025-01-15,08:28:00,3.24,17,104.59,Completed
6005,494,17,10,23,2025-06-25,15:20:00,11.09,46,223.79,Completed
6006,791,137,7,19,2025-09-26,02:43:00,9.27,45,227.7,Cancelled
6007,492,205,40,14,2025-04-29,12:12:00,3.64,16,142.64,Completed
6008,875,32,14,27,2025-10-26,10:55:00,9.31,53,162.51,Completed
6009,225,66,36,36,2025-07-07,17:26:00,34.09,121,632.47,Completed
6010,987,59,27,38,2025-02-26,09:44:00,14.96,64,301.74,Completed
6011,419,160,11,22,2025-07-18,10:40:00,19.67,102,368.56,Completed
6012,780,111,37,11,2025-01-17,07:04:00,12.66,47,218.04,Driver_Cancelled
6013,137,212,10,4,2025-10-15,09:08:00,10.18,49,174.46,Driver_Cancelled
6014,226,171,7,32,2025-02-24,15:54:00,12.07,44,219.94,Completed
6015,334,83,17,40,2025-09-26,11:54:00,18.55,79,263.87,Completed
6016,229,110,12,24,2025-10-30,10:51:00,12.01,56,241.15,No_Show
6017,323,219,37,34,2025-03-28,09:15:00,10.28,41,206.04,Completed
6018,108,228,37,3,2025-11-14,21:46:00,6.86,26,167.74,Completed
6019,812,59,36,38,2025-01-29,22:18:00,4.19,14,109.59,Completed
6020,445,30,7,2,2025-01-22,11:22:00,2.71,21,97.83,Driver_Cancelled
6021,917,11,24,23,2025-11-17,10:31:00,8.71,35,211.71,Completed
6022,7,208,34,40,2025-10-12,08:02:00,8.84,45,154.88,Completed
6023,128,119,1,20,2025-02-17,23:11:00,20.59,96,426.14,No_Show
6024,353,154,29,8,2025-01-05,05:39:00,14.05,60,202.24,Completed
6025,995,94,26,35,2025-09-07,16:07:00,14.21,64,201.89,Cancelled
6026,267,2,10,3,2025-06-12,07:41:00,8.81,45,176.77,Completed
6027,685,162,1,32,2025-07-21,18:16:00,9.64,32,243.49,Completed
6028,928,169,17,31,2025-04-11,05:10:00,25.1,124,310.18,Completed
6029,214,214,36,31,2025-03-12,17:40:00,12.68,45,224.72,Completed
6030,247,31,9,1,2025-06-12,15:32:00,3.48,16,139.24,Completed
6031,618,63,39,12,2025-06-22,23:35:00,5.27,19,135.97,Cancelled
6032,595,183,23,18,2025-05-21,03:48:00,15.41,73,331.08,Completed
6033,804,117,29,24,2025-05-18,07:26:00,7.31,37,184.93,Cancelled
6034,374,189,2,36,2025-03-07,06:30:00,7.29,24,181.48,Completed
6035,421,213,18,29,2025-07-17,07:44:00,3.88,15,94.48,Completed
6036,715,127,28,25,2025-11-24,17:08:00,5.51,24,116.7,Completed
6037,41,36,7,23,2025-08-16,15:18:00,5.31,28,146.99,Completed
6038,717,40,11,3,2025-10-08,22:24:00,11.84,57,215.75,Completed
6039,348,23,7,30,2025-06-21,07:18:00,6.65,34,150.52,Cancelled
6040,561,154,24,17,2025-11-12,13:37:00,10.55,39,255.99,Completed
6041,143,18,15,30,2025-02-09,18:42:00,2.04,9,117.5,Completed
6042,141,79,31,19,2025-01-07,06:09:00,3.04,24,114.08,Completed
6043,565,34,19,5,2025-06-23,06:37:00,2.65,12,110.12,Completed
6044,107,214,10,40,2025-05-31,02:08:00,10.53,51,205.76,Completed
6045,33,156,8,34,2025-07-30,12:07:00,11.11,49,179.01,Completed
6046,200,107,1,9,2025-10-29,04:39:00,2.75,11,90.56,Completed
6047,119,49,2,39,2025-03-27,15:52:00,11.6,58,224.6,Completed
6048,800,192,29,26,2025-09-10,05:59:00,7.94,32,170.48,Completed
6049,229,199,10,5,2025-01-21,10:00:00,5.1,31,167.38,Completed
6050,630,191,9,24,2025-09-14,20:20:00,14.73,80,315.86,Completed
6051,688,232,31,31,2025-02-02,11:39:00,10.09,46,204.75,No_Show
6052,964,62,32,24,2025-09-17,03:03:00,7.58,28,131.34,Completed
6053,185,42,2,21,2025-08-22,10:50:00,6.75,32,155.23,Completed
6054,830,24,24,22,2025-01-03,23:44:00,8.05,40,170.6,Completed
6055,850,163,37,38,2025-12-13,08:17:00,3.4,23,97.52,No_Show
6056,215,205,6,22,2025-11-04,05:45:00,3.7,22,95.68,Completed
6057,733,183,8,21,2025-08-15,20:41:00,9.8,36,213.36,Completed
6058,130,177,40,30,2025-10-11,12:13:00,12.29,58,247.32,Completed
6059,845,77,25,10,2025-03-11,03:58:00,18.44,86,289.07,Completed
6060,272,95,25,3,2025-11-09,07:19:00,17.58,81,296.92,Completed
6061,758,187,11,39,2025-12-30,08:47:00,1.75,7,113.21,Completed
6062,635,83,35,29,2025-09-11,09:35:00,24.32,111,351.87,Completed
6063,8,93,1,25,2025-05-24,23:01:00,8.91,54,187.01,Completed
6064,403,22,23,2,2025-01-24,02:47:00,3.22,19,97.27,Completed
6065,928,105,3,13,2025-08-22,18:14:00,4.34,20,127.92,Completed
6066,579,85,1,27,2025-11-29,20:17:00,3.67,15,108.85,Completed
6067,627,61,12,29,2025-06-24,06:24:00,4.78,25,139.39,No_Show
6068,369,208,38,14,2025-11-28,01:29:00,12.52,61,314.08,Completed
6069,800,158,40,4,2025-11-21,23:34:00,5.12,22,172.13,Cancelled
6070,617,69,31,8,2025-12-23,21:07:00,2.45,13,106.06,Completed
6071,981,233,29,5,2025-06-08,16:29:00,11.07,55,183.34,Driver_Cancelled
6072,537,188,35,27,2025-12-14,09:55:00,3.98,21,86.79,Completed
6073,53,233,28,24,2025-12-14,12:24:00,11.85,48,178.54,Completed
6074,247,6,21,34,2025-10-13,00:06:00,31.58,100,571.39,Completed
6075,337,85,11,28,2025-01-18,19:16:00,12.21,63,230.18,Completed
6076,281,234,26,24,2025-02-13,22:31:00,7.23,41,160.01,Completed
6077,33,114,11,5,2025-06-04,03:24:00,3.1,21,107.71,Completed
6078,799,139,5,13,2025-12-21,04:47:00,16.17,74,321.69,Completed
6079,548,24,7,18,2025-08-19,05:27:00,7.15,35,161.01,Completed
6080,343,220,31,17,2025-11-12,13:51:00,1.88,17,75.44,Completed
6081,891,248,39,30,2025-08-13,12:37:00,5.96,31,123.73,Completed
6082,239,79,8,38,2025-08-05,20:07:00,6.04,29,147.71,Completed
6083,492,231,27,19,2025-02-25,15:59:00,14.47,76,212.49,Completed
6084,729,110,21,22,2025-01-31,05:21:00,2.25,12,128.04,Cancelled
6085,177,104,30,18,2025-12-23,18:37:00,6.88,28,172.87,Completed
6086,44,51,14,26,2025-02-28,22:05:00,10.75,54,288.77,Completed
6087,304,239,1,15,2025-12-19,12:11:00,8.57,30,179.3,Cancelled
6088,670,19,24,28,2025-08-23,15:28:00,24.77,93,389.36,Completed
6089,269,178,6,30,2025-04-17,07:29:00,5.74,23,141.78,Completed
6090,683,209,6,28,2025-07-10,10:59:00,10.25,42,219.45,Cancelled
6091,733,131,5,20,2025-01-18,14:31:00,6.1,30,178.93,Completed
6092,400,131,35,4,2025-08-14,22:07:00,6.14,31,148.08,Completed
6093,742,231,15,4,2025-06-16,02:50:00,4.65,25,124.85,No_Show
6094,603,128,35,37,2025-03-12,02:48:00,12.6,47,229.23,Driver_Cancelled
6095,922,92,8,15,2025-12-28,03:25:00,26.63,116,439.29,Completed
6096,971,31,35,34,2025-02-23,11:48:00,7.42,34,144.54,Completed
6097,431,106,5,11,2025-09-02,11:53:00,16.23,69,327.92,Completed
6098,421,249,31,23,2025-12-16,22:20:00,18.4,84,295.02,Completed
6099,131,124,31,35,2025-03-17,03:54:00,4.32,25,114.47,Completed
6100,410,113,37,35,2025-02-04,04:35:00,6.81,27,125.39,Completed
6101,738,175,8,11,2025-09-24,01:12:00,20.58,102,453.97,Driver_Cancelled
6102,225,136,6,2,2025-11-13,15:05:00,6.51,36,144.54,Cancelled
6103,143,17,23,15,2025-10-27,21:21:00,2.75,15,91.04,Completed
6104,578,99,16,40,2025-05-01,17:15:00,17.8,60,289.7,Completed
6105,540,100,8,28,2025-11-20,23:17:00,11.17,66,216.11,Completed
6106,125,219,4,31,2025-01-25,10:31:00,6.5,33,169.84,Completed
6107,212,104,32,32,2025-06-09,06:16:00,4.16,20,95.01,Completed
6108,934,45,3,34,2025-03-25,10:48:00,33.96,113,655.15,Completed
6109,428,97,16,22,2025-04-24,19:39:00,4.87,27,140.62,Completed
6110,437,60,34,29,2025-08-11,03:37:00,7.14,40,182.99,Cancelled
6111,592,114,13,8,2025-06-15,19:13:00,11.7,55,218.04,Completed
6112,238,203,33,22,2025-07-10,03:39:00,3.61,19,99.28,Completed
6113,644,21,22,12,2025-06-24,19:50:00,14.81,71,317.95,Completed
6114,328,198,31,23,2025-01-01,20:39:00,19.1,65,350.47,Completed
6115,812,112,24,38,2025-08-17,19:52:00,6.33,23,128.9,Driver_Cancelled
6116,119,149,3,2,2025-03-27,05:42:00,10.85,43,227.72,Completed
6117,46,125,33,12,2025-03-03,21:43:00,13.03,46,220.26,Completed
6118,84,243,30,21,2025-11-16,02:58:00,6.86,27,185.48,Completed
6119,794,186,26,12,2025-07-25,11:55:00,5.96,29,135.05,Completed
6120,352,183,34,31,2025-04-15,13:16:00,10.32,51,226.73,No_Show
6121,13,28,22,9,2025-11-14,00:16:00,5.04,23,167,Completed
6122,637,81,30,15,2025-10-18,08:15:00,3.73,24,103.11,Completed
6123,837,82,35,32,2025-09-07,20:16:00,3.56,22,158.56,Completed
6124,172,203,25,9,2025-01-13,09:21:00,8.93,48,183.3,Completed
6125,234,46,28,24,2025-06-12,05:27:00,7,33,191.56,Completed
6126,181,44,33,8,2025-02-12,19:45:00,13.22,49,260.85,Completed
6127,51,89,23,28,2025-04-21,05:14:00,13.44,68,266.14,Completed
6128,781,222,26,18,2025-07-24,06:56:00,18.7,75,253.26,Driver_Cancelled
6129,681,244,9,37,2025-09-13,00:38:00,10.88,50,210.88,Completed
6130,395,248,8,36,2025-11-03,12:21:00,6.09,27,122.66,Completed
6131,933,153,37,37,2025-05-24,16:57:00,6.81,32,163.31,Driver_Cancelled
6132,828,199,33,32,2025-05-26,08:20:00,4.48,20,116.25,Completed
6133,800,177,15,21,2025-10-28,15:10:00,11.35,52,227.27,Completed
6134,429,229,8,39,2025-06-13,06:12:00,6.49,28,138.4,Completed
6135,274,118,21,29,2025-06-18,07:35:00,17.52,67,267.23,Completed
6136,861,174,3,18,2025-10-25,21:19:00,12.23,53,213.31,Completed
6137,207,219,9,23,2025-08-21,08:36:00,5.74,33,109.37,Completed
6138,148,120,14,33,2025-09-28,04:05:00,5.51,20,101.07,Completed
6139,300,218,38,9,2025-03-01,19:50:00,32.49,124,529.76,Completed
6140,932,63,27,38,2025-10-23,11:00:00,6.52,24,186.67,Cancelled
6141,453,77,20,4,2025-08-23,17:16:00,3.42,25,107.73,Completed
6142,1000,88,4,16,2025-06-14,13:21:00,3.1,16,122.88,Cancelled
6143,549,140,24,3,2025-07-13,11:22:00,5.21,26,127.36,Completed
6144,673,78,27,8,2025-08-22,21:05:00,6.43,37,134.54,Completed
6145,978,185,12,16,2025-07-02,16:18:00,6.3,30,156.72,Completed
6146,383,201,28,2,2025-11-29,21:29:00,4.28,25,103.92,Completed
6147,787,64,35,19,2025-08-20,09:39:00,15.46,58,298.28,Completed
6148,947,159,24,24,2025-12-27,05:45:00,15.18,78,264.1,Cancelled
6149,800,4,31,16,2025-04-17,19:10:00,4.44,27,120.81,Completed
6150,618,182,3,40,2025-08-11,14:16:00,3.8,15,137.37,Completed
6151,534,83,30,2,2025-03-21,16:28:00,11.12,47,299.34,Completed
6152,233,193,27,32,2025-08-22,23:47:00,23.97,84,519.37,Completed
6153,634,221,17,1,2025-07-03,18:18:00,4.21,26,101.22,Completed
6154,129,237,6,18,2025-07-04,04:46:00,15.41,52,281.25,Driver_Cancelled
6155,822,6,18,39,2025-05-14,11:43:00,10.55,46,181.32,No_Show
6156,729,193,35,32,2025-08-08,18:47:00,12.55,66,247.37,Completed
6157,660,217,27,9,2025-10-15,19:11:00,7.51,42,145.95,Completed
6158,570,91,17,3,2025-12-30,08:59:00,3.81,21,155.33,Completed
6159,931,22,11,24,2025-07-21,06:56:00,8.05,42,164.21,Completed
6160,237,145,38,11,2025-05-26,07:20:00,10.63,59,208.34,Completed
6161,582,187,37,28,2025-11-20,11:58:00,7.71,26,196.09,Driver_Cancelled
6162,966,29,34,16,2025-05-07,17:14:00,17.13,56,343.5,No_Show
6163,701,195,32,29,2025-05-15,09:29:00,9.85,41,222.66,Driver_Cancelled
6164,754,145,35,12,2025-04-24,06:56:00,8.89,40,201.3,Completed
6165,575,2,28,4,2025-09-21,00:00:00,13.15,64,226.48,Completed
6166,485,32,22,26,2025-03-05,08:16:00,6.43,25,124.19,Completed
6167,241,150,16,4,2025-05-15,10:29:00,9.57,45,189.04,Completed
6168,957,103,40,11,2025-02-10,08:20:00,12.73,55,223.86,Completed
6169,697,225,12,2,2025-10-23,16:56:00,9.72,36,195.29,Completed
6170,771,186,5,31,2025-01-03,04:27:00,1.59,13,114.8,Completed
6171,741,181,26,3,2025-07-13,16:19:00,10.22,44,212.31,Completed
6172,223,214,26,25,2025-04-20,22:50:00,14.88,66,258.99,Completed
6173,99,175,13,34,2025-08-09,09:18:00,16.88,63,350.39,Cancelled
6174,759,132,24,1,2025-01-04,07:23:00,5.28,32,121.95,Completed
6175,557,166,3,5,2025-09-01,22:10:00,8.86,38,235.71,Completed
6176,911,117,32,39,2025-06-15,01:25:00,12.34,68,264.48,Cancelled
6177,273,141,23,31,2025-01-26,19:16:00,10.21,33,201.49,Completed
6178,399,61,37,36,2025-01-17,06:39:00,8.53,41,198.12,Completed
6179,517,215,38,3,2025-08-04,01:59:00,13.89,57,225.86,Completed
6180,982,64,38,38,2025-04-02,20:25:00,7.76,44,226.48,Completed
6181,430,77,13,12,2025-01-31,10:44:00,7.03,37,173.25,Completed
6182,523,212,15,16,2025-07-24,09:37:00,3.64,16,101.91,Cancelled
6183,960,33,2,8,2025-07-26,15:14:00,6.45,25,218.06,Driver_Cancelled
6184,348,98,11,11,2025-04-17,10:12:00,4.33,18,102.08,Completed
6185,910,166,16,14,2025-05-26,23:16:00,3.24,15,125.67,Completed
6186,551,126,18,27,2025-04-11,21:13:00,4.36,26,123.05,Cancelled
6187,451,157,34,18,2025-11-14,16:18:00,5.65,31,107.9,Completed
6188,951,250,10,8,2025-08-29,19:41:00,5.93,35,127.37,Completed
6189,42,61,13,33,2025-09-04,10:26:00,7.91,43,176.08,Driver_Cancelled
6190,715,32,32,4,2025-06-12,04:13:00,12.7,43,222.13,Cancelled
6191,94,139,8,30,2025-06-22,07:01:00,11.97,42,180.22,Driver_Cancelled
6192,486,18,7,20,2025-02-04,02:06:00,2.12,16,106.66,Completed
6193,517,45,17,30,2025-10-11,16:00:00,5.96,27,139.65,Completed
6194,564,21,27,27,2025-12-25,15:20:00,15.06,79,209.33,Cancelled
6195,150,12,8,25,2025-12-24,07:31:00,6.79,37,146.51,Completed
6196,717,244,29,6,2025-01-21,18:55:00,10.88,42,236.43,Cancelled
6197,812,103,37,5,2025-11-04,06:52:00,7.1,38,148.4,Completed
6198,499,20,27,14,2025-06-12,00:40:00,7.93,37,142.57,Cancelled
6199,371,7,37,14,2025-04-07,05:38:00,8.29,32,130.63,Completed
6200,981,91,24,34,2025-11-03,16:55:00,1.56,13,80.33,Completed
6201,699,248,16,25,2025-12-05,13:04:00,6.89,38,152.03,Completed
6202,485,199,26,39,2025-02-24,19:52:00,5.01,24,107.94,Completed
6203,665,130,31,18,2025-11-29,09:27:00,2.56,20,87.52,Completed
6204,383,43,27,20,2025-05-07,15:37:00,7.83,27,175.4,Completed
6205,628,97,26,8,2025-07-12,16:10:00,6.09,28,123.88,Driver_Cancelled
6206,661,21,15,26,2025-08-31,14:53:00,5.13,23,187.27,Completed
6207,732,29,15,21,2025-12-15,17:38:00,7.93,37,126.78,Completed
6208,192,32,23,27,2025-03-29,15:48:00,4.91,31,137.64,Completed
6209,745,173,25,32,2025-12-02,00:34:00,2.79,12,108.13,Driver_Cancelled
6210,836,76,4,17,2025-08-03,06:12:00,8.22,33,176.25,Completed
6211,221,205,36,1,2025-04-02,00:26:00,12.52,41,184.83,Completed
6212,47,103,16,27,2025-10-30,16:00:00,2.94,20,139.78,Cancelled
6213,127,236,40,36,2025-08-23,01:54:00,3.61,12,109.1,Completed
6214,803,113,21,11,2025-07-03,16:50:00,3.69,17,133.11,Completed
6215,727,187,40,35,2025-02-07,23:48:00,3.72,19,147.56,Completed
6216,7,104,17,38,2025-05-19,20:39:00,11.35,45,230.41,Completed
6217,696,131,3,38,2025-07-14,03:08:00,7.15,42,175.04,Completed
6218,116,39,7,36,2025-01-15,13:54:00,12.99,54,242.41,Cancelled
6219,564,51,12,10,2025-09-14,02:35:00,17.43,79,249.27,Driver_Cancelled
6220,366,116,1,40,2025-05-15,10:43:00,8.08,43,149,Completed
6221,46,8,37,1,2025-01-01,00:05:00,16.05,85,344.54,Completed
6222,393,110,6,22,2025-02-18,03:42:00,5.48,22,124.55,Completed
6223,954,46,23,17,2025-04-06,03:10:00,2.74,15,100.76,Completed
6224,23,194,25,12,2025-07-20,18:33:00,1.81,19,77.57,Completed
6225,131,6,25,13,2025-01-26,10:38:00,24.91,132,327.63,Driver_Cancelled
6226,127,112,3,25,2025-12-09,05:05:00,6.35,31,114.41,Completed
6227,445,58,4,26,2025-08-23,13:59:00,4.78,22,124.69,Completed
6228,777,169,30,40,2025-12-15,03:35:00,5.15,25,131.32,Completed
6229,309,122,33,39,2025-09-01,23:47:00,12.3,52,247.1,Completed
6230,708,249,29,33,2025-12-24,09:02:00,3.5,21,132.7,Completed
6231,433,245,4,8,2025-11-23,00:27:00,7.43,32,137.59,Completed
6232,473,207,14,13,2025-12-17,15:05:00,6.65,40,127.65,Completed
6233,966,115,21,26,2025-02-20,14:07:00,10.83,48,238.29,Completed
6234,48,239,7,17,2025-03-22,01:23:00,10.93,42,155.79,Completed
6235,891,54,21,24,2025-02-05,12:46:00,6.64,25,159.13,Completed
6236,82,76,7,24,2025-03-08,15:14:00,18.56,61,382.43,Cancelled
6237,109,169,1,12,2025-05-09,08:55:00,14.59,53,278.72,No_Show
6238,263,48,34,31,2025-06-04,20:56:00,4.93,32,188.66,Completed
6239,867,224,23,16,2025-09-02,01:51:00,9.09,42,141.88,Completed
6240,31,70,3,16,2025-04-21,09:27:00,11.26,40,205.35,No_Show
6241,358,244,18,30,2025-06-17,09:55:00,13.92,68,217.39,Completed
6242,568,155,12,28,2025-05-22,06:08:00,3.25,18,93.42,Completed
6243,480,47,14,3,2025-12-22,00:32:00,10.18,49,183.79,Completed
6244,867,205,28,33,2025-07-16,03:27:00,4.76,21,125.52,Completed
6245,189,117,24,24,2025-04-19,21:09:00,3.02,9,87.27,Completed
6246,988,23,24,30,2025-03-20,17:50:00,16.14,61,358.28,Completed
6247,5,202,3,40,2025-06-10,07:24:00,12.78,47,242.23,Driver_Cancelled
6248,286,142,9,28,2025-01-19,17:03:00,9.52,39,213.77,Completed
6249,790,61,24,39,2025-05-07,07:30:00,14.54,68,210.49,Completed
6250,657,195,2,2,2025-07-24,17:12:00,14.11,50,292.74,Cancelled
6251,394,126,40,13,2025-01-29,07:25:00,8.12,35,152.8,Cancelled
6252,455,76,28,37,2025-07-26,17:34:00,8,41,229.68,Driver_Cancelled
6253,708,153,7,10,2025-10-07,02:06:00,4.97,29,123.26,No_Show
6254,426,65,9,40,2025-05-31,22:01:00,22.46,86,324.85,Completed
6255,27,96,39,13,2025-08-28,03:54:00,9.36,38,219.79,No_Show
6256,127,152,39,19,2025-09-23,15:08:00,10.08,49,172.39,Completed
6257,135,181,33,6,2025-07-01,02:54:00,7.11,35,144.14,Completed
6258,535,240,34,18,2025-04-15,22:37:00,6.08,30,159.11,Completed
6259,331,106,21,40,2025-08-24,09:16:00,9.48,41,171.95,Completed
6260,629,201,29,9,2025-06-22,22:46:00,13.67,54,232.38,Driver_Cancelled
6261,392,178,27,17,2025-06-07,09:50:00,6.05,27,131.26,Completed
6262,8,129,17,4,2025-06-21,08:51:00,15.79,61,292.52,Completed
6263,613,234,23,6,2025-11-07,04:40:00,1.87,12,114.5,Completed
6264,261,39,21,11,2025-06-06,08:54:00,5.17,30,159.83,Completed
6265,199,202,8,26,2025-09-15,08:20:00,8.73,40,186.06,Completed
6266,598,44,9,11,2025-06-13,20:28:00,3.64,26,104.89,Completed
6267,740,235,33,8,2025-05-27,07:31:00,12.16,58,194.08,Cancelled
6268,386,105,4,3,2025-06-03,01:38:00,6.04,29,115.68,Completed
6269,472,94,18,2,2025-02-07,05:15:00,9.46,49,173.22,Completed
6270,179,133,32,18,2025-05-11,17:35:00,9.7,40,206.21,Completed
6271,450,123,30,2,2025-12-24,00:07:00,8.22,41,168.71,Completed
6272,240,196,25,26,2025-09-12,19:20:00,6.19,30,179.15,Completed
6273,524,244,33,12,2025-07-27,15:37:00,4.44,19,127.14,Completed
6274,815,124,35,37,2025-04-05,01:41:00,9.45,48,209.28,Completed
6275,746,109,34,26,2025-12-14,09:57:00,8.28,35,161.29,Completed
6276,183,72,2,36,2025-11-23,19:06:00,4.98,18,113.23,Completed
6277,794,208,13,16,2025-06-20,03:12:00,3.9,22,111.12,Completed
6278,358,65,23,14,2025-09-07,11:20:00,9.5,54,181.83,Completed
6279,376,241,23,2,2025-07-09,14:04:00,14.19,65,321.29,Completed
6280,941,79,31,21,2025-07-18,11:04:00,12.05,60,172.06,Completed
6281,702,88,2,7,2025-08-09,15:40:00,13.96,61,249.15,Cancelled
6282,838,143,2,11,2025-01-24,02:27:00,6.17,34,153.88,Completed
6283,727,178,5,29,2025-09-01,06:32:00,21.83,96,352.15,Completed
6284,770,250,14,37,2025-11-20,23:58:00,10.84,46,239.12,Completed
6285,538,6,23,39,2025-05-08,04:42:00,28.63,140,431.13,Completed
6286,782,66,35,28,2025-04-03,09:03:00,2.59,19,88.16,Completed
6287,82,69,1,40,2025-10-27,20:55:00,14.18,58,259.15,Cancelled
6288,358,115,40,4,2025-05-13,16:19:00,10.12,48,169.44,Driver_Cancelled
6289,185,167,15,4,2025-02-24,20:36:00,13.26,47,268.84,Cancelled
6290,288,105,30,27,2025-06-07,04:35:00,4.38,25,115.24,Cancelled
6291,62,98,21,6,2025-01-29,16:39:00,6.06,31,116.05,Completed
6292,883,231,8,34,2025-07-30,11:36:00,10.06,45,239.12,Completed
6293,507,96,7,40,2025-06-03,14:37:00,9.41,44,258.03,Completed
6294,462,157,34,18,2025-10-20,03:08:00,5.08,15,137.17,Cancelled
6295,30,221,37,30,2025-08-10,01:39:00,35.94,129,569.41,Completed
6296,909,216,32,33,2025-04-25,23:34:00,4.1,27,135.6,Completed
6297,936,46,33,20,2025-06-07,16:31:00,7.99,46,170.06,Completed
6298,31,122,6,36,2025-09-16,17:57:00,6.28,23,138.79,Driver_Cancelled
6299,293,31,10,5,2025-09-08,18:32:00,10.85,51,220.25,Completed
6300,173,152,26,35,2025-05-02,02:26:00,11.38,58,170.26,Completed
6301,614,119,26,19,2025-10-26,04:53:00,10.03,52,176.36,No_Show
6302,128,126,19,12,2025-09-20,13:57:00,10.2,47,169.93,Completed
6303,86,143,35,26,2025-02-18,18:49:00,16.7,85,260.32,No_Show
6304,315,204,4,19,2025-11-25,13:59:00,10.48,40,228.31,Completed
6305,28,148,25,11,2025-10-24,18:37:00,14.66,75,280.48,Completed
6306,122,132,8,20,2025-12-28,00:39:00,12.11,59,269.74,Cancelled
6307,251,186,12,9,2025-03-18,23:32:00,6.08,35,119.04,Completed
6308,573,205,24,20,2025-05-07,04:35:00,17.44,70,269.5,Completed
6309,403,189,24,27,2025-07-16,23:23:00,17.71,64,369.6,Completed
6310,683,233,17,5,2025-08-09,16:41:00,15.1,53,218.88,Completed
6311,443,127,25,10,2025-04-01,16:16:00,10.36,48,199.2,Completed
6312,272,108,33,9,2025-01-08,18:53:00,3.34,21,140.92,Completed
6313,837,138,27,25,2025-02-01,12:49:00,29.46,127,393.22,Completed
6314,812,41,2,13,2025-11-16,11:10:00,15.9,75,312.73,Cancelled
6315,113,53,9,32,2025-09-26,23:33:00,14.69,76,317.05,Completed
6316,706,87,33,8,2025-07-10,15:17:00,4.47,25,103.92,Completed
6317,394,199,19,27,2025-12-15,00:20:00,8.83,35,183.04,Completed
6318,943,121,5,22,2025-06-12,22:18:00,14.16,64,246.72,Completed
6319,19,76,20,28,2025-03-02,04:34:00,5.28,23,171.53,Driver_Cancelled
6320,852,48,24,18,2025-09-21,13:54:00,5.17,31,140.31,Completed
6321,605,143,31,23,2025-10-12,12:18:00,7.56,39,167.65,Cancelled
6322,729,135,4,31,2025-04-05,02:51:00,6.27,30,123.97,Completed
6323,465,72,32,34,2025-02-10,23:38:00,5.98,25,118.91,Completed
6324,691,199,35,7,2025-05-29,22:59:00,4.53,17,148.79,Completed
6325,909,171,14,5,2025-07-23,01:33:00,10.48,56,186.56,Completed
6326,191,4,36,21,2025-09-24,11:02:00,4.06,24,124.95,Completed
6327,493,124,6,6,2025-01-02,08:39:00,7.83,43,198.66,Completed
6328,912,242,17,35,2025-06-27,05:25:00,4.05,24,115.99,Completed
6329,949,179,18,23,2025-07-13,09:39:00,24.62,116,456.14,Cancelled
6330,163,71,8,3,2025-12-02,17:26:00,1.88,12,64.47,Completed
6331,612,126,12,33,2025-07-15,15:02:00,21.77,90,354.16,Completed
6332,699,59,17,38,2025-12-09,12:06:00,5.97,33,123.03,Completed
6333,295,109,31,23,2025-09-06,17:59:00,2.58,20,100.2,Completed
6334,579,41,1,16,2025-07-31,13:02:00,4.97,25,107.83,No_Show
6335,73,189,11,25,2025-06-02,16:20:00,7.86,36,183.3,Completed
6336,744,30,16,16,2025-06-07,12:50:00,11.78,43,245.14,Completed
6337,701,123,37,25,2025-12-28,19:36:00,2.78,18,110.94,Completed
6338,562,146,28,7,2025-05-19,20:17:00,14.21,60,315.07,Completed
6339,309,30,9,8,2025-08-09,08:43:00,8.83,46,144.17,Completed
6340,302,135,8,3,2025-09-30,08:26:00,17.43,94,319.8,Completed
6341,308,52,25,5,2025-06-03,13:09:00,5.05,24,158.99,Cancelled
6342,124,176,10,19,2025-09-06,01:02:00,10.94,40,238.79,Completed
6343,669,23,40,7,2025-10-06,06:42:00,8.54,45,187.66,Completed
6344,261,124,3,22,2025-10-31,05:24:00,6.2,27,110.45,Completed
6345,195,165,23,26,2025-10-03,04:30:00,5.51,24,141.13,Completed
6346,842,71,23,25,2025-01-02,13:32:00,14.82,48,328.53,Driver_Cancelled
6347,351,230,4,6,2025-03-29,03:19:00,8.43,28,183.68,Cancelled
6348,843,221,23,5,2025-10-14,11:11:00,11.12,58,222.98,Completed
6349,768,226,9,38,2025-05-10,14:29:00,5.4,18,125.13,Completed
6350,977,103,4,38,2025-03-19,21:33:00,14.52,48,255.8,Completed
6351,936,53,34,22,2025-09-17,09:33:00,6.59,35,146.48,Completed
6352,489,105,39,31,2025-08-29,17:08:00,4.65,24,95.25,Completed
6353,200,173,18,22,2025-05-21,03:04:00,8.09,30,220.38,No_Show
6354,884,177,34,11,2025-08-16,00:23:00,9.07,34,221.83,Completed
6355,508,49,34,32,2025-06-12,15:52:00,6.32,34,126.77,Completed
6356,898,111,3,17,2025-08-24,15:04:00,9.42,31,198.2,Driver_Cancelled
6357,580,210,19,22,2025-05-08,05:06:00,5.55,26,147.64,Completed
6358,446,248,34,16,2025-07-19,08:32:00,7.48,41,202.19,No_Show
6359,80,175,26,15,2025-01-31,20:59:00,4.21,20,123.55,Completed
6360,745,107,35,8,2025-05-18,07:47:00,3.94,13,109.81,Driver_Cancelled
6361,698,153,31,3,2025-01-21,12:06:00,5.98,32,172.03,Completed
6362,617,91,27,13,2025-08-22,23:44:00,1.7,8,96.21,Completed
6363,469,155,3,30,2025-07-21,21:12:00,5.28,36,122.24,Completed
6364,837,140,37,28,2025-10-06,10:03:00,3.5,12,119.56,Completed
6365,442,151,12,9,2025-05-11,23:53:00,14.53,52,290.5,Completed
6366,931,17,23,12,2025-05-28,03:17:00,3.04,20,94.56,No_Show
6367,654,44,17,25,2025-01-29,17:42:00,4.76,28,144.02,Cancelled
6368,911,71,16,37,2025-12-27,06:26:00,4.01,25,126.87,Completed
6369,902,125,17,21,2025-11-04,03:27:00,13.27,47,268.68,Completed
6370,272,152,15,39,2025-06-11,09:49:00,2.06,18,119.56,Completed
6371,343,199,26,39,2025-12-23,10:23:00,14.41,64,191.1,Completed
6372,124,93,2,19,2025-12-06,09:13:00,25.43,82,413.89,Completed
6373,223,60,17,8,2025-03-02,05:11:00,14.31,66,263.41,Driver_Cancelled
6374,490,53,1,38,2025-05-05,16:08:00,10.36,49,179.42,Completed
6375,686,220,30,3,2025-03-12,12:12:00,5.34,26,146.81,Completed
6376,703,215,32,22,2025-11-22,03:26:00,10.13,53,228.29,Completed
6377,652,74,30,1,2025-12-30,11:07:00,3.48,23,106.56,Cancelled
6378,297,144,4,38,2025-08-31,19:09:00,6.8,33,163.66,Completed
6379,119,107,32,19,2025-09-06,01:04:00,9.98,50,182.76,Completed
6380,787,240,35,21,2025-08-09,23:43:00,8.36,42,188.28,Completed
6381,76,98,1,13,2025-01-21,03:32:00,6.54,27,160.76,Completed
6382,621,25,19,27,2025-03-23,11:50:00,3.68,22,108.56,Completed
6383,631,66,33,17,2025-12-10,14:11:00,4.15,24,109.16,Completed
6384,973,50,19,20,2025-01-10,19:31:00,12.1,69,167.76,Completed
6385,881,69,36,30,2025-01-12,05:49:00,2.47,11,92.37,Completed
6386,258,78,27,38,2025-09-20,10:46:00,6.25,25,136.68,Cancelled
6387,532,223,13,11,2025-05-25,03:03:00,5.15,25,124.1,Completed
6388,631,168,27,27,2025-07-11,16:08:00,7.82,41,205.38,Completed
6389,351,134,14,38,2025-09-07,13:40:00,10.33,51,233.16,Completed
6390,649,64,24,28,2025-04-24,02:08:00,3.66,19,127.25,Completed
6391,277,28,35,26,2025-01-26,07:08:00,6.46,37,149.26,Completed
6392,255,9,19,39,2025-09-28,01:59:00,8.97,41,171.3,Completed
6393,264,6,25,33,2025-02-02,23:44:00,7.48,33,144.18,Completed
6394,679,245,11,32,2025-03-03,15:50:00,12.64,60,212.46,Cancelled
6395,677,145,9,25,2025-08-17,14:50:00,14.99,79,366.48,Driver_Cancelled
6396,29,168,6,24,2025-10-30,05:06:00,3.91,23,110.21,Completed
6397,467,99,36,40,2025-04-05,01:55:00,6.13,34,168.47,Completed
6398,35,204,37,27,2025-02-04,16:37:00,7.94,40,145.58,No_Show
6399,749,173,29,22,2025-07-12,17:01:00,10.28,50,168.67,Completed
6400,294,82,9,20,2025-03-17,20:57:00,4.65,24,151.68,Completed
6401,602,119,33,33,2025-09-06,06:09:00,20.75,95,334.27,No_Show
6402,203,171,23,5,2025-03-24,06:36:00,4.48,28,126.48,No_Show
6403,740,226,15,29,2025-01-25,08:23:00,12.66,63,246.04,Completed
6404,931,174,11,5,2025-02-26,20:38:00,8.27,44,182.6,Completed
6405,68,191,23,39,2025-02-01,08:11:00,12.26,71,222.61,Completed
6406,131,129,26,17,2025-11-15,23:42:00,6.73,34,123.16,Driver_Cancelled
6407,877,187,1,29,2025-01-12,23:38:00,15.36,52,309.87,Driver_Cancelled
6408,111,63,30,11,2025-11-15,15:54:00,10.02,48,176.36,Completed
6409,524,207,17,22,2025-11-29,20:38:00,4.11,19,157.07,Completed
6410,288,125,23,31,2025-04-02,04:35:00,11.4,52,187.01,Completed
6411,687,18,36,39,2025-01-01,17:02:00,7.68,37,177.79,Completed
6412,831,86,5,1,2025-11-22,19:02:00,2.22,13,101.03,Cancelled
6413,666,210,35,15,2025-05-16,11:15:00,9.48,52,140.68,Completed
6414,43,241,9,19,2025-07-15,04:41:00,9.77,55,183.19,Completed
6415,875,193,4,10,2025-05-13,19:22:00,6.09,29,150.22,Completed
6416,717,238,7,9,2025-03-27,22:00:00,8.62,45,143.92,Completed
6417,684,20,1,13,2025-10-22,10:29:00,5.51,31,120.29,Completed
6418,294,184,16,26,2025-10-06,21:31:00,7.03,30,154.64,Completed
6419,285,182,25,6,2025-11-20,22:33:00,7.43,28,123.23,Cancelled
6420,823,48,6,40,2025-06-29,10:40:00,6.5,25,147.15,Completed
6421,564,228,38,2,2025-01-04,10:34:00,7.79,39,125.05,Driver_Cancelled
6422,627,54,14,29,2025-05-06,10:29:00,4.93,28,141.26,Completed
6423,19,102,37,12,2025-06-24,07:27:00,10.2,48,223.49,Completed
6424,507,89,11,23,2025-09-08,15:31:00,4.37,26,101.17,Completed
6425,547,144,1,3,2025-01-21,15:40:00,3.37,15,91.7,Driver_Cancelled
6426,48,148,1,11,2025-04-15,17:46:00,2.11,9,84.98,Completed
6427,745,230,36,5,2025-03-07,17:59:00,7.32,26,178.94,Completed
6428,219,47,8,10,2025-09-20,18:19:00,9.7,57,212.67,Cancelled
6429,622,250,32,6,2025-02-18,18:38:00,5.86,36,113.81,Completed
6430,766,225,33,16,2025-01-16,18:03:00,12.03,52,186.21,No_Show
6431,188,135,8,31,2025-05-25,11:31:00,18.97,71,286.54,Cancelled
6432,31,151,14,23,2025-12-06,06:15:00,9.01,33,216.15,Completed
6433,259,203,24,30,2025-09-07,15:34:00,4.51,26,134.65,Completed
6434,675,161,29,40,2025-12-09,00:13:00,5.6,23,189.55,Completed
6435,344,168,25,20,2025-12-20,09:19:00,24.45,102,456.69,Completed
6436,308,110,6,25,2025-03-16,12:35:00,10.76,53,244.65,Driver_Cancelled
6437,71,5,1,35,2025-10-17,14:37:00,3.94,26,138.41,No_Show
6438,307,173,23,5,2025-10-09,17:27:00,3.83,19,110.99,Completed
6439,568,111,33,3,2025-03-07,04:13:00,7.26,33,189.01,Completed
6440,99,41,14,34,2025-05-05,18:58:00,3.14,21,81.04,Completed
6441,21,136,28,12,2025-11-15,06:02:00,3.19,15,91.82,Completed
6442,897,243,29,27,2025-03-28,17:23:00,10.93,47,240.15,Completed
6443,620,209,40,5,2025-02-10,01:27:00,4.48,31,123.08,Completed
6444,565,243,23,22,2025-07-05,13:48:00,7.35,37,151.1,Completed
6445,6,82,38,4,2025-12-20,19:06:00,3.35,15,159.21,Completed
6446,231,178,10,28,2025-12-01,21:47:00,10.22,44,241.81,Completed
6447,994,219,27,7,2025-09-23,07:14:00,16.93,72,301.08,Completed
6448,82,31,8,34,2025-09-28,12:24:00,10.06,56,286.4,Cancelled
6449,958,4,4,2,2025-02-11,07:06:00,3.04,17,104.12,Completed
6450,217,194,21,9,2025-04-03,20:23:00,17.35,81,296.25,Driver_Cancelled
6451,335,56,21,15,2025-07-04,02:54:00,4.45,25,132.73,Completed
6452,559,5,30,31,2025-08-03,11:10:00,15.02,65,313.04,Driver_Cancelled
6453,864,81,13,36,2025-01-17,03:48:00,6.92,23,153.15,Cancelled
6454,874,54,3,15,2025-09-22,12:35:00,10.34,58,194.68,Completed
6455,753,124,20,33,2025-04-24,11:14:00,8.06,31,153.43,Completed
6456,690,231,36,31,2025-10-19,16:09:00,3.7,18,124.12,Driver_Cancelled
6457,594,96,40,27,2025-10-19,18:28:00,10.74,49,258.53,Completed
6458,799,93,5,2,2025-02-17,15:11:00,13.19,49,282.59,Driver_Cancelled
6459,704,80,22,9,2025-11-03,15:23:00,13.93,56,273.5,Cancelled
6460,925,1,2,1,2025-04-07,22:53:00,5.87,26,194.64,Completed
6461,655,204,25,19,2025-04-05,11:06:00,8.23,46,175.88,Completed
6462,826,211,40,9,2025-11-22,11:28:00,7.84,42,158.15,Completed
6463,791,73,24,2,2025-03-15,11:57:00,2.47,18,105.65,No_Show
6464,934,240,5,37,2025-12-02,14:59:00,3.45,14,127.11,Completed
6465,553,61,16,1,2025-03-09,10:20:00,9.08,37,228.02,Completed
6466,459,126,15,12,2025-09-03,14:27:00,6.59,32,151.5,Completed
6467,783,7,13,26,2025-03-18,17:28:00,7.88,31,171.74,Completed
6468,87,158,11,10,2025-07-27,01:49:00,10.58,45,274.15,Completed
6469,515,125,16,1,2025-09-11,14:47:00,5.16,27,107.6,Completed
6470,723,15,18,1,2025-08-09,02:40:00,10.11,57,184.83,Completed
6471,513,108,25,31,2025-09-19,22:36:00,14.2,62,226.9,Completed
6472,984,4,38,11,2025-11-27,19:18:00,11.67,51,249.83,Cancelled
6473,587,63,40,5,2025-12-10,09:52:00,7.68,39,140.35,Completed
6474,478,70,4,35,2025-09-16,21:56:00,3.18,22,83.92,Cancelled
6475,498,38,21,11,2025-11-04,19:29:00,10.72,50,210.19,Cancelled
6476,907,175,11,4,2025-03-15,11:24:00,16.92,61,297.57,Completed
6477,956,188,34,38,2025-05-05,15:29:00,6.32,34,138.56,Completed
6478,743,227,30,39,2025-07-07,03:55:00,10.16,45,174.26,Completed
6479,449,2,4,21,2025-09-11,10:52:00,19.17,63,366.37,Completed
6480,588,197,14,36,2025-11-17,01:49:00,6.73,37,175.16,Completed
6481,260,8,11,28,2025-11-04,13:30:00,4.68,20,112.48,Cancelled
6482,537,51,4,8,2025-08-23,09:22:00,9.65,39,162.47,Completed
6483,200,117,26,20,2025-09-07,19:34:00,10.5,41,228.9,Cancelled
6484,463,222,3,21,2025-11-28,21:09:00,8.23,48,174.35,Completed
6485,939,112,37,35,2025-12-11,22:54:00,10.39,56,296.88,Completed
6486,94,19,38,32,2025-03-13,02:56:00,6.95,33,171.33,No_Show
6487,936,94,4,36,2025-08-23,19:57:00,11.68,50,220.46,Completed
6488,352,247,26,5,2025-11-20,07:07:00,4.51,18,122.92,Completed
6489,108,31,39,4,2025-06-05,22:47:00,6.95,33,163.74,Completed
6490,355,80,11,7,2025-04-25,02:51:00,5.79,25,147.08,Completed
6491,469,102,11,34,2025-11-09,01:05:00,6.52,25,118.99,Completed
6492,95,22,38,20,2025-08-16,13:01:00,9.34,31,172.23,Completed
6493,868,33,38,7,2025-11-18,00:55:00,6,43,155.46,Completed
6494,91,242,20,24,2025-12-12,16:35:00,5.6,36,111.02,Completed
6495,44,214,26,21,2025-09-02,12:14:00,20.33,95,377.09,Driver_Cancelled
6496,456,200,38,9,2025-11-02,15:36:00,23.17,93,400.24,Completed
6497,955,165,12,19,2025-01-14,20:24:00,13.69,52,192.91,Completed
6498,384,140,29,20,2025-01-16,05:53:00,14.8,66,229.3,Completed
6499,23,114,14,28,2025-02-11,15:57:00,7.62,33,199.64,Completed
6500,702,197,25,32,2025-04-20,22:14:00,12.78,62,202.43,Completed
6501,23,64,39,34,2025-10-05,00:07:00,19.35,62,386.48,Completed
6502,234,153,26,16,2025-11-20,17:06:00,8.34,40,154.27,Completed
6503,698,182,10,38,2025-01-19,22:09:00,7.94,40,204.33,Completed
6504,311,29,14,17,2025-03-07,15:59:00,4.63,20,143.78,Completed
6505,417,13,5,11,2025-06-16,12:43:00,1.67,15,74.43,Driver_Cancelled
6506,333,245,22,4,2025-03-14,00:15:00,10.5,51,258.63,Completed
6507,575,26,11,40,2025-11-06,14:34:00,13.18,51,212.65,Completed
6508,103,22,29,40,2025-04-22,01:22:00,9.14,45,167.8,Completed
6509,500,93,7,18,2025-10-01,21:33:00,8.04,30,187.94,Completed
6510,828,76,18,6,2025-03-26,00:02:00,2.55,13,84.99,Driver_Cancelled
6511,483,240,31,32,2025-05-19,20:01:00,4.11,23,119.19,Completed
6512,189,110,20,5,2025-02-08,15:29:00,14.33,72,267.15,Cancelled
6513,848,235,35,15,2025-04-15,17:28:00,15.23,64,302.13,Completed
6514,460,92,7,16,2025-11-20,19:56:00,1.88,13,76.98,Completed
6515,189,73,30,17,2025-10-08,10:59:00,23.23,118,434.83,No_Show
6516,351,119,4,37,2025-05-03,12:43:00,4.35,24,160.21,Completed
6517,581,10,30,15,2025-08-06,11:08:00,12.87,45,249.07,Cancelled
6518,114,48,30,35,2025-03-02,14:34:00,5.3,26,104.3,Completed
6519,104,243,30,8,2025-04-10,15:41:00,3.6,11,92.48,Completed
6520,620,170,18,35,2025-11-03,00:47:00,8.3,37,163.52,Completed
6521,508,90,10,36,2025-12-20,18:23:00,2.92,14,120.25,Completed
6522,345,245,14,27,2025-07-23,14:59:00,2.7,14,100.65,Completed
6523,21,228,36,14,2025-09-15,07:01:00,4.54,18,166.71,Completed
6524,387,187,23,23,2025-01-05,05:01:00,6.22,33,152.47,Completed
6525,944,181,12,20,2025-07-16,16:18:00,3.68,19,149.56,Completed
6526,778,168,12,6,2025-06-29,18:10:00,4.49,27,93.92,Completed
6527,855,203,34,24,2025-12-08,04:23:00,5.21,30,180.47,Driver_Cancelled
6528,209,190,26,23,2025-05-13,23:49:00,12.48,65,289.26,Completed
6529,682,6,6,36,2025-11-20,10:15:00,7.93,37,172.21,Completed
6530,483,132,37,12,2025-09-10,17:31:00,4.55,20,121.05,Completed
6531,473,245,15,2,2025-09-22,14:57:00,7.3,37,152.62,Driver_Cancelled
6532,706,91,39,27,2025-04-03,01:24:00,5.22,28,135.6,Completed
6533,859,55,19,32,2025-05-30,15:52:00,5.16,24,132.49,Cancelled
6534,942,126,40,29,2025-05-18,07:50:00,5.71,23,135.7,Cancelled
6535,393,216,23,40,2025-07-27,16:39:00,20.49,92,307.73,Completed
6536,635,197,36,40,2025-05-05,11:57:00,3.68,14,85.83,Completed
6537,689,242,13,33,2025-08-22,17:06:00,9.82,46,149.19,No_Show
6538,516,246,31,29,2025-03-02,14:59:00,6.87,37,151.14,Completed
6539,188,249,37,33,2025-11-03,12:17:00,11.28,39,262.62,Completed
6540,346,131,26,36,2025-09-23,07:07:00,9.07,44,161.97,No_Show
6541,352,7,18,17,2025-05-14,16:43:00,8.56,43,216.64,Completed
6542,541,88,33,10,2025-11-14,22:50:00,9.54,35,161.46,Cancelled
6543,598,86,40,1,2025-04-23,14:31:00,6.94,36,126.6,Driver_Cancelled
6544,47,140,32,17,2025-07-10,21:03:00,13.08,54,254.96,Completed
6545,77,99,4,28,2025-07-06,17:20:00,4.88,23,112.62,Completed
6546,343,145,19,38,2025-11-15,19:12:00,7.68,35,164.87,Completed
6547,191,195,7,36,2025-03-30,04:32:00,12.02,56,244.16,Completed
6548,543,75,35,27,2025-07-06,09:23:00,11.29,55,241.52,Cancelled
6549,819,198,26,37,2025-11-03,06:49:00,19.18,69,289.22,Cancelled
6550,681,107,23,25,2025-05-12,03:05:00,13.26,57,247.43,Completed
6551,36,164,34,34,2025-12-26,12:20:00,10.53,52,189.08,Completed
6552,757,145,7,3,2025-05-03,23:30:00,11.93,61,258.16,Completed
6553,424,86,11,29,2025-02-17,01:43:00,2.3,10,83.14,Completed
6554,351,1,8,35,2025-10-15,20:43:00,13.84,43,271.36,Completed
6555,188,236,13,10,2025-06-28,02:58:00,13.62,71,274.44,Driver_Cancelled
6556,527,120,32,38,2025-06-29,23:57:00,16.32,58,326.33,Completed
6557,334,67,34,38,2025-04-09,07:08:00,2.73,17,102.1,Cancelled
6558,483,208,18,1,2025-11-26,23:33:00,9.79,35,245.5,Completed
6559,216,99,15,1,2025-02-03,05:00:00,7.66,34,187.13,Completed
6560,158,206,24,32,2025-03-11,05:18:00,6.63,21,170.35,Completed
6561,926,49,21,22,2025-06-20,08:01:00,6.66,32,166.84,Driver_Cancelled
6562,667,51,18,19,2025-09-29,20:19:00,7.68,33,177.84,Completed
6563,241,71,14,35,2025-02-28,15:54:00,10.72,45,240.13,Completed
6564,296,218,19,6,2025-06-30,11:04:00,6.35,25,160.93,Completed
6565,462,120,13,34,2025-01-19,15:35:00,6.99,32,173.08,Completed
6566,45,171,16,15,2025-08-14,09:16:00,21.15,74,345.18,Completed
6567,495,112,2,3,2025-04-05,03:11:00,5.05,24,146.35,Completed
6568,971,31,34,37,2025-10-24,18:21:00,3.25,22,98.4,Completed
6569,175,24,26,22,2025-03-22,11:44:00,2.43,14,110.03,Completed
6570,346,211,22,29,2025-06-24,17:39:00,11.37,55,197.3,Completed
6571,56,37,20,14,2025-08-10,14:24:00,4.7,28,108.67,Cancelled
6572,566,193,29,30,2025-04-13,07:36:00,4.93,21,120.58,Completed
6573,341,217,18,15,2025-02-23,03:59:00,23.12,84,338.69,Completed
6574,777,63,29,29,2025-07-02,09:29:00,11.3,42,227.72,Completed
6575,886,56,27,14,2025-12-17,19:08:00,11.61,41,217.99,Completed
6576,751,202,35,3,2025-11-14,03:48:00,7.51,43,124.78,Completed
6577,833,18,29,22,2025-12-21,13:18:00,8.47,34,222.27,Cancelled
6578,108,106,6,33,2025-12-15,21:46:00,5.63,27,148.81,Completed
6579,710,193,37,23,2025-11-17,03:57:00,9.38,40,193.37,Completed
6580,897,157,25,7,2025-03-09,12:06:00,7.28,38,169.65,Completed
6581,214,77,21,20,2025-01-28,08:21:00,12.54,57,224.46,Completed
6582,499,4,31,7,2025-10-01,05:56:00,26.25,133,439.47,No_Show
6583,758,121,40,17,2025-10-09,10:20:00,15.19,59,259.09,No_Show
6584,397,140,16,32,2025-12-26,00:27:00,5.86,25,135.83,Completed
6585,550,184,14,15,2025-11-07,15:25:00,21.37,85,373.49,Completed
6586,497,48,6,13,2025-04-29,01:38:00,6.46,31,174.6,Cancelled
6587,173,147,11,3,2025-05-14,19:35:00,2.72,11,79.48,Completed
6588,105,26,27,25,2025-05-09,02:25:00,8.82,42,179.31,Completed
6589,552,108,38,32,2025-01-08,07:25:00,6.38,30,118.08,No_Show
6590,479,38,5,16,2025-02-20,18:38:00,3.1,17,87.49,Completed
6591,399,80,15,1,2025-12-07,10:34:00,9.28,48,182.35,Completed
6592,434,236,38,3,2025-10-08,12:17:00,6.23,31,173.14,Cancelled
6593,642,153,16,20,2025-06-24,15:17:00,27.35,128,487.01,Completed
6594,693,250,18,28,2025-07-02,13:16:00,5.82,30,139.18,Completed
6595,991,184,33,22,2025-07-11,01:25:00,7.82,39,127.12,Completed
6596,922,202,35,36,2025-09-06,04:33:00,13.41,52,267.97,Completed
6597,194,229,24,1,2025-08-23,14:50:00,4.41,28,121.01,Completed
6598,843,28,35,14,2025-03-24,13:45:00,17.03,83,302.45,Completed
6599,801,61,7,15,2025-04-03,12:36:00,14.84,76,352.81,Completed
6600,466,220,14,32,2025-11-08,03:53:00,12.1,53,226.32,No_Show
6601,341,89,30,18,2025-09-25,02:34:00,8.5,40,184.37,Completed
6602,59,89,24,38,2025-04-30,15:08:00,7.53,30,146.59,Cancelled
6603,863,179,15,22,2025-03-12,09:49:00,14.83,76,317.98,Completed
6604,538,140,13,16,2025-01-17,09:15:00,24,78,364.67,Cancelled
6605,478,8,19,11,2025-09-10,07:51:00,4.03,18,127.95,Completed
6606,103,228,29,7,2025-05-02,08:20:00,7.37,41,137.49,Completed
6607,533,122,22,9,2025-01-10,21:58:00,14.58,79,314.94,Completed
6608,945,103,2,1,2025-10-14,18:16:00,10.6,49,165.6,Completed
6609,592,186,39,8,2025-11-12,04:13:00,7.86,34,201.19,Completed
6610,839,88,13,11,2025-11-22,06:00:00,5.92,24,176.05,Completed
6611,982,23,36,5,2025-09-30,02:51:00,6.2,32,136.95,Driver_Cancelled
6612,711,37,38,29,2025-11-02,20:36:00,8.79,42,181.99,Driver_Cancelled
6613,322,11,18,6,2025-10-20,12:40:00,23.99,86,375.31,No_Show
6614,549,17,15,12,2025-07-29,02:42:00,5,20,130.95,Completed
6615,14,220,35,39,2025-08-06,00:20:00,5.52,27,129.94,No_Show
6616,456,184,17,7,2025-08-29,17:46:00,6.92,33,184.04,Cancelled
6617,221,181,13,12,2025-07-19,15:03:00,20.91,109,283.69,Completed
6618,876,195,22,33,2025-08-04,10:34:00,5.13,21,107.55,Completed
6619,391,130,40,19,2025-07-24,14:17:00,23.64,105,356.59,Completed
6620,678,243,21,36,2025-08-04,07:09:00,11.86,63,216.69,Completed
6621,173,29,26,19,2025-03-21,00:28:00,4.38,28,98.94,Completed
6622,662,57,4,21,2025-09-24,16:40:00,8.35,36,184.9,Completed
6623,684,162,7,19,2025-02-04,18:49:00,4.17,26,113.11,Completed
6624,81,78,10,9,2025-10-16,15:01:00,17.27,89,243.51,Completed
6625,336,122,15,22,2025-01-18,18:07:00,4.09,14,138.7,Completed
6626,225,225,26,19,2025-06-14,16:58:00,4.58,30,130.76,Completed
6627,871,112,16,37,2025-01-13,11:33:00,13.87,53,277.25,Cancelled
6628,35,239,40,11,2025-07-21,09:56:00,8.58,38,204.91,No_Show
6629,870,210,34,25,2025-08-17,16:10:00,8.4,42,166.36,Completed
6630,188,93,17,35,2025-12-12,09:43:00,5.36,31,140.42,Completed
6631,224,2,38,5,2025-01-01,12:09:00,7.53,29,144.8,Completed
6632,643,124,16,31,2025-11-15,18:32:00,29.34,102,561.66,Completed
6633,886,203,34,14,2025-08-05,00:48:00,10.38,52,233.42,Completed
6634,963,31,29,13,2025-02-03,11:45:00,3.9,18,136.92,Completed
6635,968,117,18,34,2025-12-25,03:03:00,19.37,63,380.08,No_Show
6636,494,113,11,34,2025-09-23,15:51:00,6.15,25,169.11,Completed
6637,863,205,12,18,2025-05-08,13:24:00,20.64,99,409.45,Completed
6638,311,44,37,6,2025-07-31,04:51:00,9.17,54,200.6,Completed
6639,521,127,2,21,2025-09-20,11:54:00,5.34,25,119.77,Completed
6640,581,90,18,40,2025-11-08,17:21:00,6.51,25,179.09,Completed
6641,540,184,38,5,2025-03-21,22:04:00,10.8,50,211.47,Completed
6642,911,226,33,2,2025-06-14,19:39:00,5.27,32,164.61,Completed
6643,369,182,9,6,2025-09-09,03:47:00,11.57,57,197.11,Completed
6644,475,181,15,8,2025-01-12,07:46:00,23.12,94,458.69,Completed
6645,746,114,28,2,2025-10-31,22:44:00,9.68,35,166.4,Completed
6646,31,74,8,23,2025-07-31,08:27:00,9.26,44,163.19,Completed
6647,827,204,36,20,2025-10-09,19:45:00,2.31,14,128.41,Cancelled
6648,232,241,39,4,2025-04-22,14:11:00,10.15,29,173.64,Completed
6649,850,214,8,15,2025-07-30,20:45:00,12.07,71,184.9,Completed
6650,998,46,19,30,2025-08-27,04:03:00,6.77,25,184.32,Completed
6651,497,54,4,20,2025-09-25,07:39:00,5.54,31,149.81,Completed
6652,566,159,27,24,2025-10-25,05:18:00,11.16,48,240.27,Completed
6653,964,211,13,9,2025-11-13,23:24:00,9.83,53,166.86,Completed
6654,981,109,38,21,2025-02-27,21:17:00,2.75,14,108.27,Completed
6655,175,24,21,38,2025-02-03,14:44:00,17.49,64,332.89,Completed
6656,298,153,26,13,2025-09-20,02:46:00,10.87,39,239.62,Completed
6657,791,163,23,5,2025-12-31,13:31:00,5.85,31,166.25,Cancelled
6658,365,57,30,14,2025-02-04,05:16:00,3.22,15,97.24,Completed
6659,86,72,31,7,2025-09-28,02:15:00,9.87,51,227.56,Completed
6660,577,69,31,6,2025-08-15,11:52:00,23.49,109,525.64,Completed
6661,89,214,16,12,2025-01-25,09:17:00,7.71,38,176.29,Completed
6662,54,28,7,16,2025-08-22,17:35:00,6.43,28,193.46,Completed
6663,630,204,17,32,2025-02-28,07:56:00,2.58,16,87.18,Completed
6664,361,33,24,11,2025-09-08,22:33:00,11.24,45,248.85,Completed
6665,476,53,20,4,2025-12-01,20:44:00,6.76,29,141.15,Cancelled
6666,229,122,39,29,2025-03-27,22:33:00,5.93,18,149.57,Completed
6667,779,16,27,34,2025-09-08,05:28:00,5.51,32,130.9,Completed
6668,831,154,2,9,2025-06-29,04:53:00,7.64,42,220.09,Completed
6669,534,140,1,10,2025-07-26,05:47:00,11.59,59,226.97,Completed
6670,950,87,34,8,2025-12-10,16:52:00,8.28,35,164.66,Driver_Cancelled
6671,759,241,27,36,2025-05-29,03:24:00,6.02,28,177.88,Completed
6672,985,218,37,32,2025-03-12,04:09:00,17.06,71,343.39,No_Show
6673,373,105,6,6,2025-05-01,08:08:00,11.03,57,189.34,Completed
6674,469,77,38,6,2025-09-10,17:46:00,6.81,24,136.05,Completed
6675,420,87,27,27,2025-04-03,07:17:00,5.18,30,147.77,Cancelled
6676,826,31,16,2,2025-09-13,21:22:00,4.78,29,138.63,Completed
6677,532,100,35,9,2025-09-11,01:05:00,2.84,13,92.28,Completed
6678,400,155,27,38,2025-12-18,12:36:00,8.99,31,176.88,Completed
6679,988,36,35,5,2025-10-15,22:54:00,12.97,51,191.95,Completed
6680,184,59,36,34,2025-11-05,12:21:00,2.75,15,100.84,Completed
6681,861,239,38,14,2025-02-28,02:27:00,14.18,72,251.87,Completed
6682,562,106,28,10,2025-03-10,13:07:00,13.46,67,293.14,Completed
6683,90,215,3,7,2025-03-27,12:10:00,34.33,162,561.99,Completed
6684,616,230,31,20,2025-10-01,15:35:00,5.55,26,173.75,Completed
6685,706,3,3,11,2025-08-15,21:07:00,1.7,14,110.18,Completed
6686,383,222,38,13,2025-03-22,00:08:00,9.4,37,191.88,Completed
6687,369,121,24,17,2025-04-24,18:25:00,5.19,19,144.83,No_Show
6688,74,160,26,37,2025-07-03,16:46:00,12.13,56,296.53,Completed
6689,269,15,28,36,2025-10-07,14:48:00,8.25,34,133.75,Completed
6690,15,230,9,33,2025-11-18,11:29:00,18.85,62,338.53,Completed
6691,329,75,37,10,2025-11-14,02:43:00,5.64,25,185.93,Completed
6692,795,194,27,34,2025-02-23,16:34:00,3.72,17,94.5,Completed
6693,392,218,3,13,2025-07-16,22:26:00,16.72,86,324.24,Completed
6694,710,191,28,25,2025-10-20,11:51:00,22.35,78,390.12,Completed
6695,996,226,32,33,2025-10-20,17:37:00,2.33,16,84.33,Cancelled
6696,434,1,35,10,2025-10-18,21:07:00,25.78,123,466.03,Cancelled
6697,344,203,7,24,2025-06-29,13:59:00,8.2,42,209.77,No_Show
6698,195,133,7,5,2025-08-10,10:55:00,13.22,65,218.12,Completed
6699,922,90,21,10,2025-10-01,04:57:00,17.06,75,302.53,Completed
6700,36,6,32,39,2025-09-01,18:05:00,5.01,21,176.98,Completed
6701,917,227,38,27,2025-06-03,19:49:00,14.25,66,323.89,Completed
6702,205,244,20,36,2025-10-31,18:37:00,9.98,52,209.23,Completed
6703,820,133,8,33,2025-09-30,15:17:00,11.11,39,254.9,Cancelled
6704,651,116,4,28,2025-05-15,03:00:00,7.27,37,143.26,Completed
6705,776,73,26,40,2025-11-09,04:07:00,11.37,52,223.48,No_Show
6706,57,156,15,3,2025-01-08,23:48:00,10.07,46,231.56,Cancelled
6707,110,211,6,31,2025-05-08,19:11:00,7.58,30,169.4,Completed
6708,686,69,32,29,2025-02-25,13:00:00,8.77,46,170.57,Completed
6709,496,215,5,21,2025-05-06,07:59:00,14.22,72,202.73,Completed
6710,718,236,6,32,2025-06-08,03:28:00,5.26,23,109.45,Completed
6711,225,44,3,28,2025-02-28,16:34:00,8.95,37,153.36,Completed
6712,386,144,29,21,2025-02-27,02:16:00,10.31,56,186.26,Driver_Cancelled
6713,64,199,19,35,2025-05-20,07:05:00,5.91,25,126.51,Completed
6714,764,206,10,30,2025-06-25,02:56:00,13.03,50,214.46,Completed
6715,948,150,7,17,2025-04-18,20:21:00,8.03,39,193.09,Completed
6716,961,201,1,29,2025-07-30,07:46:00,4.69,28,95.09,Completed
6717,779,239,1,2,2025-03-15,17:07:00,7.45,40,195.72,Completed
6718,902,151,17,33,2025-06-16,12:35:00,9.06,34,170.33,Completed
6719,352,171,22,4,2025-12-23,11:20:00,5.43,27,151.09,Cancelled
6720,463,68,36,39,2025-10-31,19:04:00,10.67,35,241.7,Completed
6721,844,171,14,25,2025-08-21,21:30:00,3.52,23,179.45,Completed
6722,320,154,6,5,2025-11-23,23:27:00,14.66,58,295.97,Completed
6723,357,41,30,4,2025-07-01,03:29:00,2.82,13,91.23,Completed
6724,93,70,33,29,2025-05-02,18:53:00,9.47,36,190.47,Completed
6725,695,31,20,37,2025-11-30,00:12:00,7.73,38,136.37,Completed
6726,300,17,16,8,2025-07-22,06:44:00,3.72,20,97.06,Completed
6727,726,137,4,20,2025-01-29,09:40:00,4.09,25,138.33,Completed
6728,494,219,34,6,2025-07-21,11:28:00,6.94,27,130.99,Completed
6729,654,55,1,36,2025-04-03,14:32:00,15.23,79,253.84,Completed
6730,595,6,13,32,2025-11-25,06:40:00,11.28,54,250.24,Completed
6731,389,198,8,5,2025-12-22,23:53:00,10.65,52,246.66,Cancelled
6732,611,192,22,40,2025-06-25,17:09:00,17.59,67,299.72,Completed
6733,793,132,4,20,2025-11-26,15:55:00,9.05,43,170.08,Completed
6734,434,244,34,4,2025-07-30,17:46:00,15.34,59,330.67,Completed
6735,102,107,37,39,2025-07-03,05:18:00,9.04,42,186.37,Completed
6736,841,195,23,22,2025-04-05,20:40:00,8.35,41,190.38,Completed
6737,378,88,20,33,2025-09-30,13:08:00,20.96,78,307.98,Completed
6738,583,184,24,31,2025-05-17,16:47:00,17.01,74,263.04,Completed
6739,885,18,27,29,2025-08-25,19:15:00,11.28,62,187.43,Cancelled
6740,338,160,13,5,2025-12-19,20:43:00,6.89,30,144.28,Completed
6741,898,240,5,10,2025-09-22,09:26:00,6.02,23,116.28,Driver_Cancelled
6742,884,213,16,11,2025-05-15,02:38:00,15.79,71,305.57,Completed
6743,778,48,38,37,2025-05-24,04:49:00,13.19,67,189.65,Completed
6744,492,29,29,22,2025-01-19,14:47:00,2.76,21,89.58,Cancelled
6745,642,160,26,24,2025-08-19,22:46:00,12.96,54,273.33,Cancelled
6746,60,153,22,21,2025-05-14,07:38:00,15.79,56,302.82,Completed
6747,813,76,24,36,2025-04-24,17:52:00,7.62,26,181.39,Completed
6748,509,238,13,16,2025-05-19,14:05:00,4.53,20,106.96,Completed
6749,392,63,21,2,2025-05-05,23:47:00,13.33,69,316.71,Completed
6750,954,9,1,15,2025-07-23,23:56:00,5.38,21,140.78,Completed
6751,119,199,4,26,2025-03-02,12:18:00,2.56,14,103,Completed
6752,775,14,3,30,2025-09-07,23:30:00,9.1,48,179.7,Cancelled
6753,995,20,23,2,2025-10-25,08:18:00,13.41,77,238.65,Completed
6754,471,212,16,29,2025-01-13,01:31:00,3.89,16,134.76,Completed
6755,328,10,13,6,2025-09-12,00:50:00,6.17,33,141.94,Cancelled
6756,21,139,39,1,2025-03-26,11:40:00,7.22,36,172.17,Completed
6757,97,167,31,40,2025-01-20,22:44:00,9.4,30,218.59,Completed
6758,815,147,24,11,2025-02-19,17:58:00,1.92,13,96.06,Completed
6759,513,147,15,23,2025-06-13,06:02:00,29.13,150,433.12,Completed
6760,908,245,5,26,2025-04-02,08:21:00,7.71,39,180.03,Completed
6761,715,171,22,31,2025-03-29,23:10:00,22.9,94,379.73,Completed
6762,944,189,22,15,2025-03-10,10:47:00,6.94,32,134.05,Completed
6763,640,70,11,9,2025-02-06,06:31:00,8.8,41,200.96,Completed
6764,350,72,24,34,2025-09-10,07:03:00,4.84,30,137.77,Completed
6765,132,65,10,39,2025-09-09,04:41:00,4.94,19,177.18,Completed
6766,546,151,34,17,2025-05-20,15:52:00,6.74,36,194.08,Driver_Cancelled
6767,599,104,11,35,2025-12-21,00:11:00,13.24,62,291.41,Completed
6768,32,229,29,36,2025-06-17,15:28:00,8.68,37,162.65,Completed
6769,259,60,22,3,2025-02-23,23:03:00,11.58,38,211.04,Completed
6770,476,138,33,40,2025-06-27,15:47:00,9.24,46,185.33,Completed
6771,836,63,8,11,2025-10-24,04:47:00,8.21,41,170.53,Completed
6772,825,130,32,28,2025-10-28,16:02:00,10.7,64,216.56,Completed
6773,882,36,40,28,2025-12-25,09:22:00,6.24,24,141.63,Cancelled
6774,972,118,23,19,2025-04-16,10:09:00,7.86,38,215.25,Completed
6775,920,57,5,2,2025-05-17,08:55:00,4.39,31,112.41,Completed
6776,33,194,31,32,2025-07-09,10:16:00,9.34,41,156.76,Cancelled
6777,899,79,29,11,2025-05-08,17:28:00,6.22,32,155.03,Completed
6778,388,20,6,16,2025-12-08,17:36:00,4.69,26,166.92,Completed
6779,798,42,25,11,2025-02-16,00:41:00,4.42,21,113.32,Completed
6780,838,21,25,3,2025-01-05,03:11:00,18.59,98,386.74,Completed
6781,561,222,31,29,2025-09-14,05:44:00,5.08,21,98.55,Driver_Cancelled
6782,798,248,14,5,2025-10-27,13:38:00,12.42,46,217.64,Completed
6783,456,216,17,28,2025-05-30,21:17:00,10.56,51,174.08,No_Show
6784,594,194,16,31,2025-10-21,01:21:00,8.67,44,253.51,Completed
6785,144,166,28,13,2025-08-31,08:18:00,13.3,58,229.55,Completed
6786,949,214,9,25,2025-10-02,03:16:00,11.98,52,200,Completed
6787,902,93,2,6,2025-07-27,05:41:00,12.09,50,245.05,Completed
6788,792,78,4,3,2025-04-25,12:48:00,19.34,81,376.01,Completed
6789,883,197,20,22,2025-07-14,11:41:00,23.08,79,453.92,Completed
6790,604,24,36,39,2025-12-09,04:04:00,10.44,58,155.92,Cancelled
6791,224,26,37,32,2025-06-19,02:14:00,6.39,31,150.14,Completed
6792,217,130,6,30,2025-03-23,18:57:00,9.1,41,231.73,Completed
6793,156,174,1,7,2025-06-03,07:40:00,4.24,24,99.18,Completed
6794,789,109,3,25,2025-05-21,20:25:00,20.24,96,395.08,Completed
6795,520,34,37,2,2025-11-10,06:39:00,8.6,41,221.63,Completed
6796,36,190,3,8,2025-05-26,00:23:00,32.54,126,465.46,Completed
6797,636,215,33,33,2025-11-19,21:42:00,6.34,33,149.05,Completed
6798,9,169,15,28,2025-05-02,12:19:00,3.57,16,89.24,Cancelled
6799,40,99,4,10,2025-09-09,12:51:00,15.92,85,335.13,Completed
6800,469,143,15,38,2025-12-09,06:20:00,14.35,67,235.41,Completed
6801,179,55,7,18,2025-11-07,14:34:00,13.03,48,233.32,Completed
6802,641,3,4,13,2025-03-30,11:26:00,4.97,23,127.74,Completed
6803,959,76,3,21,2025-02-27,22:35:00,6.58,32,155.12,Completed
6804,501,166,23,33,2025-03-04,12:09:00,7.44,43,142.74,Completed
6805,373,179,14,23,2025-12-13,05:36:00,7.72,37,176.48,Completed
6806,68,145,6,1,2025-11-04,23:46:00,6.93,32,147.17,Cancelled
6807,970,230,33,40,2025-10-07,03:33:00,8.15,29,153.12,Completed
6808,666,219,9,21,2025-03-13,15:43:00,4.59,23,113.17,Completed
6809,424,211,12,5,2025-01-09,21:25:00,15.12,58,320.3,Completed
6810,515,49,35,35,2025-04-04,12:10:00,12.23,70,276.03,Driver_Cancelled
6811,364,240,31,18,2025-12-05,05:52:00,13.83,53,292.39,Completed
6812,890,149,3,38,2025-12-02,01:19:00,9.86,46,213.98,Cancelled
6813,777,232,36,36,2025-06-01,04:51:00,15.44,54,224.5,No_Show
6814,928,88,13,29,2025-12-22,21:56:00,2.5,18,89.04,Completed
6815,451,152,13,26,2025-02-09,04:32:00,3.27,17,110.63,No_Show
6816,516,211,34,36,2025-12-25,15:51:00,10.36,52,211.55,Completed
6817,774,223,21,38,2025-03-03,14:05:00,9.5,45,194.31,Completed
6818,329,40,34,18,2025-09-11,06:01:00,5.65,35,146.6,Completed
6819,794,148,28,29,2025-03-10,23:46:00,13.02,60,278.23,Completed
6820,898,207,35,31,2025-09-02,06:47:00,5.05,26,120.34,Completed
6821,962,104,14,13,2025-12-31,01:08:00,9.14,36,282.59,Completed
6822,370,163,18,30,2025-06-19,07:31:00,16.3,57,216.68,Completed
6823,597,176,19,7,2025-06-27,05:51:00,6.76,31,200.3,Cancelled
6824,854,227,19,40,2025-07-08,20:18:00,4.38,34,90.87,Completed
6825,387,161,33,6,2025-09-17,09:24:00,25.69,117,503.45,Completed
6826,547,104,35,2,2025-03-13,21:29:00,11.68,64,200.41,No_Show
6827,114,184,20,8,2025-01-17,07:16:00,11.94,47,256.65,Completed
6828,571,41,29,10,2025-12-07,14:12:00,12.32,54,228.33,Completed
6829,38,182,8,22,2025-02-26,21:24:00,4.69,19,115.56,Completed
6830,545,44,25,10,2025-08-06,22:50:00,12.7,59,258.49,Completed
6831,377,210,17,35,2025-04-17,21:13:00,10.24,54,229.94,Completed
6832,399,81,1,19,2025-10-31,14:17:00,21.21,97,411.09,Completed
6833,203,200,38,4,2025-06-22,06:15:00,11.23,49,170.54,Completed
6834,202,250,30,19,2025-08-07,14:56:00,5.6,24,144.07,Completed
6835,100,84,28,20,2025-09-04,08:07:00,8.19,39,175.27,Completed
6836,398,139,33,4,2025-08-06,15:42:00,1.88,13,120.74,Completed
6837,450,222,13,26,2025-01-31,06:20:00,3.66,21,149.83,Completed
6838,813,219,24,3,2025-02-16,17:14:00,8.36,39,141.37,Completed
6839,816,231,37,30,2025-05-14,11:00:00,6.96,31,151.25,Cancelled
6840,940,142,22,36,2025-04-18,06:14:00,18.29,59,249.33,Cancelled
6841,118,170,13,6,2025-03-13,06:16:00,25.88,109,378.54,Cancelled
6842,421,207,40,39,2025-11-23,09:37:00,8.16,40,204.19,Completed
6843,243,12,12,27,2025-04-18,12:25:00,8.44,36,180.65,No_Show
6844,541,212,7,16,2025-11-05,15:13:00,11.01,47,219.81,Completed
6845,227,17,36,16,2025-09-29,02:47:00,17.84,70,322.04,Completed
6846,501,232,29,36,2025-06-20,14:32:00,3.87,24,124.89,Completed
6847,852,90,29,34,2025-04-26,02:41:00,6.87,31,130.59,No_Show
6848,213,206,26,39,2025-11-25,03:50:00,4.96,29,152.33,Completed
6849,930,25,27,24,2025-03-15,20:14:00,4.12,19,142.21,Completed
6850,699,26,24,39,2025-09-13,18:23:00,2.85,15,113.86,Completed
6851,113,175,31,6,2025-03-22,18:20:00,7.19,32,196.6,Completed
6852,373,153,7,20,2025-09-25,11:17:00,33.86,162,552.06,Completed
6853,299,217,17,9,2025-05-08,01:06:00,1.94,11,74.72,Completed
6854,673,60,33,21,2025-11-22,23:56:00,7.38,22,165.57,Completed
6855,19,60,34,11,2025-08-23,19:17:00,22.81,83,335.35,Completed
6856,776,27,18,30,2025-02-10,01:17:00,4.29,24,145.25,Completed
6857,671,171,5,1,2025-06-30,06:00:00,5.4,23,137.24,Completed
6858,11,76,1,27,2025-06-06,02:22:00,9.67,43,217.67,Completed
6859,8,20,7,6,2025-02-28,09:06:00,6.43,31,162.83,Completed
6860,153,191,34,7,2025-12-11,03:19:00,4.45,27,180.81,Completed
6861,625,208,3,22,2025-09-06,22:59:00,30.26,146,476.72,Completed
6862,660,153,36,34,2025-07-11,02:31:00,15.28,65,220.55,Completed
6863,550,155,35,20,2025-01-24,07:04:00,6.17,28,217.64,Driver_Cancelled
6864,135,180,12,15,2025-03-21,23:43:00,8.74,38,231.13,Completed
6865,373,82,15,9,2025-05-14,15:21:00,5,24,130.1,Completed
6866,461,10,4,18,2025-08-01,10:31:00,21.37,92,375.86,Completed
6867,935,243,33,36,2025-12-14,13:41:00,2.68,12,112.65,Completed
6868,235,178,16,30,2025-06-15,18:06:00,11.57,54,225.17,Driver_Cancelled
6869,255,30,29,11,2025-12-14,21:06:00,32.83,150,450.58,Completed
6870,586,1,6,33,2025-12-03,07:50:00,6.72,38,117.68,Completed
6871,328,54,37,40,2025-03-12,08:20:00,14.53,70,224.83,No_Show
6872,362,4,23,6,2025-08-02,04:43:00,4.26,22,133.79,Completed
6873,374,215,13,39,2025-03-06,14:08:00,14.4,66,240.87,Completed
6874,788,135,1,22,2025-08-09,08:43:00,10.94,49,182.85,Completed
6875,209,30,12,39,2025-11-04,05:53:00,9.77,47,212.57,Completed
6876,267,90,27,19,2025-10-13,07:57:00,7.46,32,151.4,No_Show
6877,656,65,25,22,2025-07-04,13:58:00,6.07,25,120.86,Completed
6878,997,124,22,31,2025-07-26,13:45:00,4.54,23,137.29,Driver_Cancelled
6879,554,29,34,25,2025-04-09,13:43:00,19.31,95,299.17,No_Show
6880,736,153,18,30,2025-08-30,13:58:00,6.54,34,154.94,Completed
6881,858,40,16,4,2025-06-07,20:46:00,11.23,56,229.63,Completed
6882,506,26,29,26,2025-04-08,03:14:00,9.73,52,207.55,Completed
6883,564,17,30,7,2025-02-11,05:48:00,14.01,62,300.21,Completed
6884,421,159,30,40,2025-05-19,06:25:00,19.67,88,404.66,Completed
6885,308,189,20,12,2025-10-10,19:07:00,5.96,23,174.82,Completed
6886,137,8,22,1,2025-08-15,01:01:00,19.18,93,237.02,Completed
6887,419,69,34,6,2025-03-13,16:08:00,9.07,35,162.25,Driver_Cancelled
6888,195,1,4,1,2025-08-31,19:35:00,4.98,18,97.91,Completed
6889,95,79,31,8,2025-01-18,12:17:00,10.17,39,171.65,Completed
6890,490,228,14,33,2025-03-18,13:23:00,5.95,33,142.93,Driver_Cancelled
6891,903,71,8,4,2025-02-14,19:02:00,7.9,38,165.83,Completed
6892,258,46,37,40,2025-12-09,22:56:00,10.22,31,187.73,Completed
6893,25,108,5,6,2025-05-20,03:44:00,9.41,52,168.22,Completed
6894,232,245,8,3,2025-06-26,23:20:00,8.62,43,132.41,Completed
6895,332,219,11,15,2025-08-10,16:51:00,15.64,54,368.17,Completed
6896,606,99,29,6,2025-04-02,00:10:00,12.78,53,271.67,Completed
6897,862,124,21,6,2025-01-22,16:00:00,16.09,75,233.19,Completed
6898,221,219,39,37,2025-06-21,20:11:00,5.93,27,113.28,No_Show
6899,297,148,13,27,2025-04-02,18:43:00,5.93,32,141.12,Completed
6900,203,210,19,5,2025-07-11,03:48:00,17.03,75,257.37,Completed
6901,948,168,3,39,2025-03-18,17:05:00,8.16,45,152.4,Completed
6902,343,2,34,17,2025-10-08,13:06:00,11.4,54,163.93,Completed
6903,593,222,38,23,2025-12-30,04:03:00,5.93,31,146.24,Completed
6904,205,189,19,17,2025-06-28,04:45:00,8.08,30,149.39,Driver_Cancelled
6905,993,230,32,23,2025-08-26,04:59:00,17.41,71,339.07,Completed
6906,961,222,36,39,2025-05-15,15:07:00,3.84,20,101.9,Completed
6907,892,71,39,33,2025-12-31,20:22:00,8.8,39,169.95,Completed
6908,1000,103,14,2,2025-10-07,10:49:00,20.67,110,426.88,Completed
6909,77,77,7,10,2025-01-19,00:52:00,6.33,26,168.28,Completed
6910,550,97,20,19,2025-03-24,19:39:00,5.41,29,124.1,Completed
6911,707,232,32,40,2025-08-16,15:50:00,5.07,31,159.85,Completed
6912,976,249,31,9,2025-09-22,05:55:00,13.26,68,181.27,Completed
6913,42,30,22,15,2025-04-22,11:13:00,11.53,54,186.06,Completed
6914,455,30,5,24,2025-09-08,23:54:00,11.77,51,209.64,Completed
6915,182,215,31,12,2025-06-13,09:36:00,18.64,69,284.96,Completed
6916,757,173,15,22,2025-12-24,23:32:00,6.57,35,173.54,No_Show
6917,195,24,17,18,2025-06-17,21:45:00,11.72,56,190.41,Completed
6918,590,212,37,2,2025-08-09,15:04:00,12.22,48,203.99,Completed
6919,832,220,19,15,2025-10-31,22:55:00,9.92,45,287.1,Completed
6920,976,184,10,39,2025-07-10,00:05:00,9.4,28,179.23,Completed
6921,388,211,34,9,2025-11-21,06:45:00,9.62,42,156.82,Completed
6922,927,61,25,22,2025-06-19,19:44:00,10.54,61,239.13,Completed
6923,637,241,37,17,2025-02-14,00:44:00,10.2,46,201.89,Completed
6924,141,141,28,14,2025-01-14,07:22:00,13.43,65,234.65,Completed
6925,27,125,15,31,2025-08-19,15:14:00,11.51,57,263.23,Driver_Cancelled
6926,315,80,20,7,2025-06-06,12:46:00,5.54,23,213.14,Completed
6927,321,184,13,35,2025-05-14,09:33:00,16.67,60,277.5,Completed
6928,448,15,20,34,2025-02-06,13:52:00,5.59,29,137.91,Completed
6929,793,11,31,3,2025-02-22,06:52:00,13.39,46,280.89,Driver_Cancelled
6930,293,140,18,2,2025-01-18,09:56:00,10.58,59,210.38,Completed
6931,754,86,28,27,2025-02-07,11:02:00,10.92,60,193.27,Completed
6932,236,89,4,2,2025-07-06,07:29:00,17.42,70,321.34,Cancelled
6933,715,3,24,5,2025-07-15,12:15:00,11.93,50,261.94,Completed
6934,457,24,9,21,2025-08-31,00:13:00,8.02,34,153.76,Completed
6935,892,89,32,7,2025-10-27,13:20:00,11.08,50,187.27,Completed
6936,839,9,32,25,2025-10-30,23:01:00,6.07,23,172.1,Cancelled
6937,654,220,39,1,2025-02-04,10:48:00,5.05,19,129.84,Driver_Cancelled
6938,606,46,21,9,2025-08-03,09:19:00,5.65,28,177.73,Driver_Cancelled
6939,664,94,39,2,2025-08-07,00:59:00,12.25,69,252.57,Completed
6940,765,71,27,3,2025-11-12,14:17:00,4.07,24,114.16,Driver_Cancelled
6941,67,188,36,37,2025-03-31,09:40:00,4.32,20,127.22,Completed
6942,176,139,8,4,2025-11-04,08:51:00,8.42,44,161.73,Completed
6943,510,10,19,21,2025-09-09,12:18:00,16.56,58,294.21,Completed
6944,615,3,29,26,2025-01-08,22:16:00,9.56,40,232.83,Completed
6945,91,19,19,37,2025-09-13,12:13:00,8.02,39,181.36,Completed
6946,705,130,5,14,2025-12-29,07:12:00,5.78,26,172.67,Completed
6947,166,145,22,10,2025-07-27,09:26:00,2.89,13,95.23,Driver_Cancelled
6948,602,221,35,26,2025-05-11,13:05:00,23.31,106,347.9,Completed
6949,838,130,10,10,2025-08-12,04:34:00,5.92,26,180.82,Completed
6950,827,181,15,37,2025-07-16,05:34:00,10.73,56,207.37,Driver_Cancelled
6951,780,144,2,18,2025-05-22,03:17:00,8.07,30,255.61,Completed
6952,438,113,22,27,2025-09-09,11:33:00,21.05,90,294.56,Completed
6953,51,138,35,17,2025-04-06,08:35:00,4.76,23,146.93,Completed
6954,678,196,39,10,2025-01-26,12:21:00,7.81,47,225.45,Completed
6955,686,43,19,11,2025-04-21,10:43:00,9.81,42,177.58,Completed
6956,739,218,12,24,2025-05-03,23:03:00,3.17,21,175.51,Completed
6957,266,58,34,19,2025-07-05,01:49:00,13.79,51,204.96,Cancelled
6958,521,113,20,16,2025-06-17,22:40:00,7.96,47,176.55,Completed
6959,87,188,7,23,2025-02-20,22:28:00,14,50,246.98,Completed
6960,606,122,24,12,2025-01-05,12:55:00,8.4,37,159,Completed
6961,52,152,3,19,2025-03-18,22:31:00,4.91,19,97.6,Completed
6962,179,204,6,25,2025-06-09,02:12:00,13.55,67,288.62,Completed
6963,278,85,33,3,2025-07-27,17:23:00,5.81,29,169.65,Driver_Cancelled
6964,239,106,34,13,2025-09-14,00:15:00,14.22,76,283.74,Completed
6965,585,144,33,21,2025-07-24,07:00:00,9.88,39,214.44,Completed
6966,339,100,29,22,2025-09-12,00:25:00,10.55,56,203.5,Driver_Cancelled
6967,72,99,23,29,2025-01-11,01:15:00,12.84,55,297.46,Completed
6968,374,9,4,25,2025-01-08,14:44:00,7.46,42,172.32,Completed
6969,580,6,5,23,2025-02-01,05:50:00,14.8,65,257.6,Completed
6970,517,108,34,12,2025-01-28,11:47:00,10.47,50,243.06,Completed
6971,851,193,16,23,2025-07-25,13:42:00,13.37,69,309.03,Cancelled
6972,238,206,40,5,2025-08-16,22:27:00,14.16,68,300.51,Completed
6973,466,152,3,29,2025-05-08,22:19:00,21.53,105,278.48,Completed
6974,121,138,14,5,2025-09-12,09:31:00,3.13,20,95.49,Completed
6975,413,82,33,39,2025-07-31,01:06:00,7.1,39,147.02,Driver_Cancelled
6976,723,237,28,35,2025-08-27,12:05:00,11.96,53,261.1,Driver_Cancelled
6977,774,201,15,35,2025-07-26,23:18:00,3.55,12,100.42,Completed
6978,837,27,4,17,2025-11-14,02:07:00,7.04,27,169.65,Completed
6979,570,119,20,30,2025-10-10,01:16:00,8.83,43,173.23,Completed
6980,43,211,25,2,2025-09-02,13:18:00,3.99,18,121.32,Completed
6981,504,100,35,15,2025-02-14,01:45:00,14.91,51,308.65,Driver_Cancelled
6982,197,3,39,23,2025-04-15,00:48:00,14.98,60,275.27,Driver_Cancelled
6983,72,38,22,26,2025-12-14,10:18:00,2.56,15,111.83,Driver_Cancelled
6984,91,201,35,11,2025-10-08,00:08:00,9.41,44,194.58,Completed
6985,549,74,28,24,2025-08-22,11:33:00,5.82,29,137.66,Cancelled
6986,491,73,10,9,2025-07-08,22:33:00,12.48,57,246.8,Driver_Cancelled
6987,826,17,16,14,2025-02-13,08:33:00,11.62,57,218.69,Completed
6988,749,106,23,24,2025-08-13,13:01:00,6.97,33,167.36,Completed
6989,998,230,19,7,2025-05-22,21:16:00,35.28,180,441.83,Completed
6990,383,48,1,10,2025-05-16,14:58:00,15.5,61,283.86,Completed
6991,805,177,1,33,2025-06-25,07:48:00,3.78,18,133.68,No_Show
6992,466,171,26,33,2025-05-22,13:09:00,7.12,35,173.51,Completed
6993,154,84,34,27,2025-03-21,11:39:00,26.25,92,429.28,Completed
6994,170,7,2,8,2025-03-23,18:03:00,6.99,40,153.98,Cancelled
6995,272,196,28,14,2025-05-15,11:22:00,6.55,37,118.7,Completed
6996,918,249,20,7,2025-07-26,01:22:00,13.29,66,193.43,Cancelled
6997,110,126,27,18,2025-12-10,17:08:00,9.14,38,197.02,Completed
6998,151,202,28,26,2025-06-26,00:45:00,20.4,93,412.14,Completed
6999,431,149,31,15,2025-08-31,06:07:00,3.11,17,104.84,Completed
7000,451,206,7,33,2025-02-24,02:45:00,16.54,66,387.5,Completed
7001,643,153,8,11,2025-05-21,19:38:00,25.38,119,352.24,Completed
7002,780,81,32,19,2025-02-25,17:17:00,13.83,58,195.33,Driver_Cancelled
7003,23,189,11,18,2025-01-15,23:28:00,29.16,107,398.92,Completed
7004,367,156,26,22,2025-07-04,08:03:00,15.45,55,278.44,Completed
7005,651,206,25,36,2025-11-10,20:16:00,3.54,16,101.65,Completed
7006,820,52,7,18,2025-03-29,13:37:00,7.53,28,121.25,Completed
7007,239,247,20,18,2025-04-07,02:05:00,11.2,42,252.16,No_Show
7008,434,13,30,22,2025-05-24,14:22:00,3.24,15,108.37,Completed
7009,953,34,1,25,2025-01-08,10:07:00,5.95,34,129.7,Completed
7010,704,127,18,31,2025-08-03,16:55:00,6.74,43,143.11,Completed
7011,127,105,8,9,2025-06-22,00:59:00,9.82,35,159.93,Completed
7012,942,195,29,38,2025-08-11,19:39:00,10.68,41,208.33,Completed
7013,541,132,40,19,2025-02-09,17:50:00,7.74,27,225.5,Completed
7014,633,44,22,25,2025-07-01,19:11:00,3.14,15,102,Completed
7015,198,126,32,15,2025-09-27,12:16:00,11.83,53,234.41,Driver_Cancelled
7016,686,143,40,5,2025-07-06,08:44:00,24.65,99,475.74,Cancelled
7017,656,212,14,11,2025-09-02,18:14:00,23.66,88,313.09,Cancelled
7018,482,8,2,13,2025-11-05,11:03:00,32.58,112,396.9,Driver_Cancelled
7019,179,114,35,34,2025-08-19,16:43:00,8.45,39,212.32,No_Show
7020,869,5,7,8,2025-06-04,16:16:00,15.73,67,222.33,Completed
7021,523,194,3,25,2025-06-24,03:26:00,10.09,43,205.15,Completed
7022,651,220,15,27,2025-12-02,18:46:00,4.58,22,108.45,Completed
7023,959,86,34,11,2025-04-25,19:46:00,12.93,54,248.43,Cancelled
7024,437,73,22,18,2025-11-07,03:19:00,2.57,14,123.62,Completed
7025,765,92,18,10,2025-10-27,19:34:00,9.25,43,155.16,Completed
7026,857,121,18,33,2025-01-18,14:28:00,16.75,71,312.46,Completed
7027,314,46,34,36,2025-09-29,12:12:00,2.47,20,86.59,Completed
7028,19,193,36,17,2025-01-12,19:23:00,2.78,19,150.01,Completed
7029,160,116,39,5,2025-10-28,10:17:00,5.04,24,134.82,Completed
7030,818,228,38,23,2025-07-11,10:34:00,5.94,26,105.75,Completed
7031,122,113,37,3,2025-08-20,19:26:00,15.51,80,274.37,Completed
7032,72,234,18,39,2025-04-03,19:43:00,24.11,85,346.32,Completed
7033,55,66,40,37,2025-08-06,20:45:00,19.02,77,369.53,Completed
7034,460,230,29,10,2025-10-05,06:13:00,5.7,25,146.3,Completed
7035,169,154,12,27,2025-12-19,17:14:00,3.14,18,107.29,Completed
7036,611,31,18,7,2025-10-30,14:24:00,6.88,36,118.23,Completed
7037,582,51,31,29,2025-01-29,19:08:00,12.33,51,206.43,Completed
7038,149,41,15,39,2025-10-28,10:28:00,2.27,10,118.22,Completed
7039,629,51,40,6,2025-03-18,06:37:00,11.72,53,276.99,Cancelled
7040,26,147,30,9,2025-01-09,11:18:00,21.78,110,312.16,Completed
7041,248,95,36,8,2025-01-24,04:12:00,27.47,106,377.39,Completed
7042,897,73,28,14,2025-01-15,20:10:00,7.81,46,164.19,Cancelled
7043,721,131,15,38,2025-06-13,07:10:00,13.26,55,180.15,Completed
7044,227,38,33,9,2025-01-13,09:15:00,6.18,23,121.92,Completed
7045,923,198,2,11,2025-12-13,22:52:00,4.87,26,106.12,Completed
7046,946,241,8,11,2025-06-21,02:15:00,14.28,63,260.13,Cancelled
7047,626,173,33,40,2025-12-23,01:26:00,5.32,32,123.56,Completed
7048,706,237,35,35,2025-11-23,05:43:00,8.14,32,220.61,Completed
7049,484,199,18,11,2025-07-19,10:05:00,2.54,14,84.82,Completed
7050,833,41,26,36,2025-03-17,20:10:00,21.33,98,365.09,Completed
7051,10,153,21,3,2025-06-13,15:09:00,8.02,31,226.72,Completed
7052,95,217,28,19,2025-03-02,08:34:00,26.99,93,405.67,Completed
7053,121,178,20,8,2025-09-02,11:48:00,14.95,52,225.41,Completed
7054,126,129,20,28,2025-06-04,07:25:00,9.23,44,183.92,Completed
7055,549,54,4,1,2025-09-14,02:23:00,6.21,32,152.7,Completed
7056,69,86,36,40,2025-09-01,11:59:00,5.25,27,117.51,Completed
7057,297,212,34,30,2025-06-11,12:54:00,13.64,49,273.11,Completed
7058,686,13,13,38,2025-03-09,06:50:00,8.03,40,173.24,Completed
7059,501,40,31,11,2025-12-10,09:28:00,14.37,71,246.58,Completed
7060,973,21,39,29,2025-10-04,10:09:00,9.25,33,182.85,Completed
7061,45,215,7,31,2025-06-10,12:47:00,12.68,67,287.07,Completed
7062,635,169,17,10,2025-09-16,17:22:00,15.14,61,252.07,Completed
7063,382,189,12,35,2025-11-03,13:27:00,7.41,34,200.17,Completed
7064,984,161,30,40,2025-12-01,21:42:00,10.7,43,224.49,Completed
7065,27,201,34,29,2025-04-05,13:35:00,6.51,21,146.83,Completed
7066,705,29,22,37,2025-09-03,16:38:00,8,37,140.77,No_Show
7067,497,125,21,2,2025-08-09,14:08:00,1.81,16,83.82,Completed
7068,852,244,9,1,2025-05-03,08:17:00,3.29,15,84.38,Completed
7069,136,183,12,32,2025-07-06,01:16:00,4.84,23,139.76,Completed
7070,707,32,17,24,2025-09-19,22:25:00,8.75,38,171.72,Driver_Cancelled
7071,49,11,16,2,2025-09-30,14:28:00,2.66,12,97.99,No_Show
7072,608,180,5,3,2025-03-01,03:21:00,10.93,57,219.4,Completed
7073,507,36,19,9,2025-05-05,20:03:00,6.56,29,161.42,Completed
7074,121,93,28,24,2025-12-03,14:43:00,13.85,76,267.47,Completed
7075,761,112,17,12,2025-12-07,02:43:00,7.91,30,202.58,Completed
7076,985,159,22,34,2025-02-20,17:46:00,19.78,98,281.73,Completed
7077,217,142,35,34,2025-06-27,15:16:00,2.47,12,76.77,Cancelled
7078,626,191,15,23,2025-05-19,10:18:00,7.05,27,145.82,Completed
7079,526,180,19,19,2025-11-23,00:34:00,4.33,25,95.83,Completed
7080,574,182,26,32,2025-06-19,22:24:00,11.33,50,242.21,Completed
7081,43,117,35,28,2025-02-08,11:04:00,4.87,25,157.13,Completed
7082,923,50,23,26,2025-03-10,15:02:00,3.45,11,114.41,Completed
7083,752,217,10,12,2025-08-24,09:44:00,16.3,77,215.19,Completed
7084,96,123,22,31,2025-02-17,10:19:00,6.99,38,159.37,Completed
7085,27,182,11,11,2025-02-26,09:16:00,8.53,37,154.84,Completed
7086,836,218,26,40,2025-10-04,11:43:00,5.75,27,104.23,Completed
7087,895,214,1,4,2025-12-04,09:27:00,6.98,25,175.96,Cancelled
7088,242,73,36,18,2025-04-09,00:20:00,5.87,23,120.37,Completed
7089,487,97,21,29,2025-01-15,09:15:00,11.21,48,233.19,Completed
7090,971,87,8,39,2025-11-21,19:26:00,5.21,22,162.99,Completed
7091,240,227,20,31,2025-06-28,05:00:00,5.73,25,144.94,Completed
7092,304,212,17,28,2025-11-28,09:40:00,8.69,34,160.07,No_Show
7093,67,97,15,27,2025-03-03,15:07:00,11.78,52,217.48,Cancelled
7094,281,163,21,30,2025-04-29,16:41:00,9.18,50,201.48,Completed
7095,192,110,1,11,2025-02-06,20:15:00,16.08,82,252.58,Completed
7096,119,158,3,14,2025-05-14,21:21:00,4.24,14,122.02,Completed
7097,152,110,31,4,2025-01-26,07:42:00,5.52,23,150.24,No_Show
7098,777,55,31,36,2025-01-08,10:27:00,4.36,29,115.08,Completed
7099,392,94,21,1,2025-01-04,02:26:00,11.58,51,249.49,Completed
7100,231,214,23,39,2025-01-21,12:04:00,2.81,22,87.99,Completed
7101,351,109,17,37,2025-05-29,19:31:00,10.34,48,229.42,Cancelled
7102,761,129,22,33,2025-01-25,12:56:00,6.08,30,186.17,Completed
7103,571,15,22,21,2025-05-23,12:11:00,11.93,50,183.5,Completed
7104,529,153,36,24,2025-09-02,05:26:00,28.57,123,372.95,Completed
7105,171,20,8,40,2025-02-12,10:47:00,6.74,25,188.54,Driver_Cancelled
7106,863,199,8,13,2025-10-20,06:18:00,9.55,41,146.62,Completed
7107,964,144,14,34,2025-07-04,07:45:00,2.07,23,73.66,Driver_Cancelled
7108,132,52,38,38,2025-02-11,09:20:00,7.29,26,137.57,Completed
7109,357,87,24,29,2025-04-02,07:44:00,10.08,43,259.39,Completed
7110,648,213,22,36,2025-11-13,13:23:00,12.33,61,227.17,No_Show
7111,42,65,15,40,2025-11-20,18:43:00,9.1,42,192.61,No_Show
7112,305,111,20,5,2025-02-22,16:03:00,5.28,25,136.6,Completed
7113,6,84,27,20,2025-03-25,19:01:00,2.48,15,74.1,Completed
7114,329,111,28,29,2025-02-03,01:24:00,6.01,27,155.91,Completed
7115,170,211,22,11,2025-03-17,02:17:00,8.6,40,221,Completed
7116,968,70,31,8,2025-12-19,06:25:00,6.44,32,140.06,Completed
7117,800,230,9,28,2025-07-16,00:34:00,16.81,80,215.71,Completed
7118,911,224,23,18,2025-10-13,12:42:00,4.27,21,130.62,Completed
7119,338,129,5,30,2025-03-29,04:03:00,6.42,24,177.02,Completed
7120,727,94,39,14,2025-08-23,09:50:00,4.31,21,163.56,Completed
7121,69,126,17,9,2025-08-20,13:02:00,5.53,24,120.32,Completed
7122,882,16,40,10,2025-01-07,09:29:00,9.2,35,212.97,Completed
7123,539,155,5,25,2025-10-19,01:06:00,2.63,16,86.75,Completed
7124,737,18,7,27,2025-02-07,11:48:00,18.37,94,356.5,Completed
7125,834,77,8,2,2025-02-21,22:42:00,10.91,55,217.56,Completed
7126,507,44,7,3,2025-05-23,14:12:00,4.65,23,151.94,Completed
7127,746,50,22,29,2025-08-09,03:23:00,11.3,44,184.79,Completed
7128,486,92,38,37,2025-08-28,13:03:00,6.46,32,115.98,Completed
7129,443,202,21,27,2025-05-23,20:08:00,5.94,26,163.47,Completed
7130,924,14,4,4,2025-12-15,20:53:00,21.87,74,446.22,Completed
7131,920,52,32,35,2025-12-29,07:17:00,19.19,87,259.29,Completed
7132,51,93,29,27,2025-02-18,17:22:00,2.49,18,71.93,Completed
7133,149,121,30,19,2025-10-04,13:30:00,6.19,34,173.23,No_Show
7134,927,203,3,10,2025-09-28,20:28:00,10.16,45,215.14,Completed
7135,587,50,5,26,2025-01-14,03:22:00,5.12,30,130.64,Cancelled
7136,818,123,19,7,2025-10-25,00:01:00,4.8,28,129.1,Completed
7137,92,248,8,27,2025-01-15,13:36:00,7.27,34,189.77,Completed
7138,368,219,37,30,2025-08-22,16:18:00,3.17,19,166.22,Completed
7139,936,236,31,12,2025-03-04,23:59:00,10.71,53,258.04,Completed
7140,580,17,27,40,2025-07-15,15:20:00,5.42,29,145.42,Driver_Cancelled
7141,747,124,13,5,2025-01-27,01:17:00,6.47,34,209.97,Completed
7142,874,120,6,13,2025-04-03,22:48:00,26.49,100,505.35,Completed
7143,656,131,1,4,2025-04-15,12:30:00,13.31,50,252.05,Completed
7144,76,190,30,2,2025-11-05,05:37:00,14.09,54,310.61,Completed
7145,86,95,11,37,2025-02-21,13:37:00,23.41,88,312.86,Cancelled
7146,227,149,31,34,2025-11-15,04:02:00,8.83,35,213.26,Completed
7147,363,33,16,6,2025-06-30,22:46:00,5.2,26,138.39,Cancelled
7148,959,1,15,26,2025-02-26,11:18:00,3.21,15,167.05,Cancelled
7149,568,198,5,11,2025-04-30,12:50:00,11.75,62,222.53,Completed
7150,592,115,15,1,2025-11-04,15:12:00,6.13,33,180.7,Completed
7151,24,184,1,34,2025-12-29,06:09:00,19.57,66,272.89,Completed
7152,739,4,15,21,2025-02-12,11:24:00,4.29,19,100.41,Completed
7153,28,150,36,10,2025-05-15,14:16:00,8.8,47,139.3,No_Show
7154,121,205,39,5,2025-09-17,16:58:00,4.19,25,92.78,Completed
7155,490,186,8,26,2025-07-16,04:10:00,16,59,247.62,Completed
7156,605,172,22,19,2025-05-13,11:04:00,1.51,15,93.23,Cancelled
7157,853,57,27,21,2025-09-12,07:24:00,6.47,23,157.87,Completed
7158,624,222,34,34,2025-08-08,08:14:00,18.92,91,383.61,Completed
7159,890,168,30,29,2025-12-02,11:47:00,8.16,42,175.63,Completed
7160,345,244,12,38,2025-02-10,21:59:00,11.74,42,212.64,Cancelled
7161,999,218,2,15,2025-09-12,13:09:00,7.87,38,144,Completed
7162,31,56,38,40,2025-01-02,07:24:00,18.24,64,282.21,Completed
7163,655,63,22,16,2025-07-14,23:09:00,9.2,36,208.72,Completed
7164,879,103,17,18,2025-08-30,19:13:00,5.18,22,138.9,Completed
7165,810,117,35,1,2025-05-29,08:13:00,22.62,101,327.62,Completed
7166,227,167,23,11,2025-07-17,14:27:00,2.21,9,150.85,Completed
7167,870,7,29,36,2025-10-26,02:56:00,2.42,15,81.62,Completed
7168,250,142,29,32,2025-09-02,20:33:00,10.76,57,153.94,Driver_Cancelled
7169,50,125,19,28,2025-12-04,00:50:00,3.85,19,101.78,Completed
7170,726,90,17,6,2025-04-18,05:24:00,8.25,42,199.63,Completed
7171,892,146,8,7,2025-07-31,15:59:00,4.03,17,131.83,Cancelled
7172,389,55,7,40,2025-06-05,09:49:00,8.67,38,168.57,Completed
7173,944,115,11,24,2025-01-26,21:32:00,2.37,15,80.66,Driver_Cancelled
7174,781,184,3,10,2025-03-23,13:27:00,6.93,29,159.78,Completed
7175,288,216,2,30,2025-03-24,07:31:00,10.8,54,259.93,Completed
7176,707,185,19,17,2025-05-11,01:58:00,12.36,67,263.1,Completed
7177,766,123,28,8,2025-11-25,00:28:00,23.64,85,507.78,Completed
7178,591,116,28,12,2025-04-10,06:58:00,6.19,28,163.45,Completed
7179,475,186,25,26,2025-09-13,15:32:00,20.74,97,358.96,Completed
7180,756,115,11,17,2025-02-18,17:40:00,10.82,53,235.9,Completed
7181,603,153,40,35,2025-03-04,19:04:00,4.65,25,97.86,Completed
7182,926,249,2,5,2025-11-07,02:38:00,14.27,73,228.14,Completed
7183,6,114,12,11,2025-10-17,21:41:00,4.82,30,143.13,Completed
7184,793,96,38,16,2025-04-15,12:12:00,2.21,10,112.69,Completed
7185,412,198,12,30,2025-04-15,02:36:00,3.58,19,104.83,Completed
7186,958,80,25,40,2025-11-21,00:52:00,4.87,27,126.3,Completed
7187,662,3,37,6,2025-01-15,23:58:00,2.17,14,101.16,Completed
7188,324,149,31,20,2025-06-24,12:29:00,4.8,23,126.22,Completed
7189,399,160,17,20,2025-09-16,14:25:00,7.89,40,181.02,Completed
7190,282,130,12,24,2025-07-30,02:04:00,28.64,121,464.87,Completed
7191,191,111,30,27,2025-09-16,04:33:00,4.37,22,126.87,Cancelled
7192,786,20,2,3,2025-04-12,12:05:00,9.78,46,204.11,Completed
7193,585,203,16,24,2025-09-17,01:36:00,7.5,34,149.84,Completed
7194,959,115,1,10,2025-12-10,01:49:00,3.71,22,136.61,No_Show
7195,830,146,34,25,2025-06-08,09:31:00,21.24,90,371.13,Completed
7196,500,182,1,28,2025-02-14,19:41:00,3.7,22,99.45,Completed
7197,580,75,36,18,2025-10-28,06:44:00,5.24,35,162.77,Completed
7198,816,227,3,14,2025-09-08,03:17:00,3.75,15,101.11,Completed
7199,434,36,34,1,2025-11-27,10:00:00,6.71,32,169.92,Completed
7200,63,102,12,20,2025-06-14,01:46:00,10.55,52,202.04,Completed
7201,453,76,27,25,2025-07-12,18:33:00,10.24,46,205.15,Completed
7202,493,61,37,12,2025-01-09,20:18:00,4.51,19,107.38,Completed
7203,646,60,25,39,2025-03-06,14:47:00,7.14,27,193.35,Completed
7204,442,223,12,9,2025-10-09,16:59:00,18.22,59,331.51,Completed
7205,307,117,33,9,2025-06-30,21:09:00,9.88,33,162.58,Completed
7206,780,36,9,25,2025-10-09,04:01:00,26.98,101,394.72,Completed
7207,735,222,1,30,2025-10-06,21:56:00,17.05,79,286.79,Completed
7208,943,172,23,40,2025-01-30,21:52:00,14.68,50,262.25,Completed
7209,126,68,28,28,2025-09-23,07:00:00,8.33,50,145.8,Cancelled
7210,265,194,3,2,2025-11-24,10:00:00,8.63,43,198.66,Completed
7211,7,44,38,25,2025-08-05,08:29:00,18.6,82,281.33,Completed
7212,413,77,36,18,2025-11-16,05:06:00,8.17,38,185.78,Completed
7213,206,90,5,24,2025-04-15,11:54:00,9.25,39,213.25,Completed
7214,179,29,29,18,2025-07-03,08:08:00,7.79,35,201.64,Completed
7215,468,176,13,27,2025-11-26,13:08:00,8.66,49,216.19,Completed
7216,496,164,4,35,2025-05-28,14:08:00,2.65,16,154.09,Completed
7217,695,220,6,34,2025-04-15,20:01:00,7.04,40,154.51,Cancelled
7218,992,136,38,38,2025-02-16,14:03:00,22.02,109,353.73,Completed
7219,443,133,6,6,2025-03-28,01:38:00,2.29,19,95.3,Cancelled
7220,952,96,11,16,2025-11-05,18:32:00,7.21,30,138.05,Completed
7221,918,222,27,23,2025-05-09,04:16:00,11.62,39,229.47,Completed
7222,228,206,35,28,2025-09-15,05:08:00,9.29,41,209.48,No_Show
7223,748,175,40,13,2025-11-10,11:28:00,1.32,8,107.73,Completed
7224,146,126,4,12,2025-05-27,21:36:00,7.75,34,168.28,Cancelled
7225,570,171,27,11,2025-03-13,13:17:00,4.48,20,118.83,Completed
7226,296,138,16,22,2025-05-20,00:10:00,5.32,30,153.88,Completed
7227,241,10,18,31,2025-01-27,17:09:00,8.8,38,198.34,Completed
7228,857,248,7,27,2025-01-29,05:40:00,13.9,55,228.87,Completed
7229,287,134,11,27,2025-09-28,06:31:00,6.71,34,153.75,Completed
7230,952,16,8,40,2025-06-23,08:37:00,6.5,28,140.19,Completed
7231,675,188,6,26,2025-09-10,18:44:00,12.68,58,215.47,Completed
7232,26,26,5,7,2025-03-01,23:46:00,12.54,50,243.17,Completed
7233,452,21,6,11,2025-04-17,14:04:00,3.77,20,101.01,Completed
7234,106,100,38,22,2025-08-08,14:02:00,35.94,178,671.91,Completed
7235,240,186,2,40,2025-09-16,21:10:00,39.75,183,689.39,Completed
7236,852,169,31,19,2025-05-26,00:18:00,14.4,62,302.26,Completed
7237,418,106,39,38,2025-02-21,13:39:00,9.58,49,203.6,Completed
7238,332,30,32,20,2025-03-01,16:53:00,4.83,26,142.32,Driver_Cancelled
7239,912,133,9,19,2025-02-03,09:22:00,9.72,47,228.32,Completed
7240,891,138,15,19,2025-04-06,16:30:00,6.65,36,125.68,Completed
7241,42,240,21,36,2025-03-30,19:32:00,12.98,43,205.05,Completed
7242,645,95,28,27,2025-11-12,18:21:00,14.56,65,303.51,Driver_Cancelled
7243,829,139,27,17,2025-08-19,20:45:00,7.1,39,129.01,Completed
7244,556,230,5,18,2025-10-02,21:12:00,13.49,48,253.28,Completed
7245,35,191,17,20,2025-09-03,19:11:00,2.27,13,109.39,Completed
7246,876,135,37,8,2025-04-21,00:45:00,13.01,52,284.21,Completed
7247,347,187,24,40,2025-08-22,03:43:00,14.04,58,264.45,Completed
7248,384,140,31,11,2025-10-05,22:18:00,12.07,65,257.45,No_Show
7249,513,64,35,30,2025-06-15,21:08:00,26.41,97,348.25,Driver_Cancelled
7250,738,123,4,12,2025-05-08,11:04:00,5.82,29,159.49,Completed
7251,811,237,20,23,2025-08-25,00:52:00,7.73,35,147.14,Completed
7252,288,113,17,6,2025-10-18,18:54:00,4.47,21,161.86,No_Show
7253,748,41,10,35,2025-04-17,10:39:00,2.86,23,85.65,Completed
7254,871,188,37,15,2025-05-08,09:34:00,4.75,17,145.95,Completed
7255,959,200,21,38,2025-07-14,07:43:00,5.03,20,139.48,Completed
7256,33,28,21,28,2025-12-05,17:03:00,7.99,43,154.68,Completed
7257,95,123,16,7,2025-05-23,16:48:00,10.39,55,178.21,Completed
7258,205,80,33,6,2025-04-21,09:25:00,2.22,18,123.11,Cancelled
7259,621,191,10,27,2025-03-31,15:48:00,19.66,82,373.11,Completed
7260,834,245,18,2,2025-09-08,00:07:00,7.84,38,154.81,Completed
7261,30,3,33,6,2025-10-07,06:27:00,3.87,21,122.58,Completed
7262,266,101,29,32,2025-11-29,22:27:00,11.67,51,237.68,Completed
7263,23,32,31,29,2025-08-12,09:52:00,14.45,74,277.09,Completed
7264,609,21,24,34,2025-04-11,16:29:00,7.87,33,167.68,Completed
7265,39,121,12,1,2025-05-12,04:22:00,2.65,12,89.9,Completed
7266,173,55,20,15,2025-01-13,23:53:00,3.08,16,108.62,Cancelled
7267,760,237,6,10,2025-04-08,08:25:00,22.89,94,398.05,Completed
7268,891,18,8,10,2025-04-30,15:44:00,6.47,26,171.29,Cancelled
7269,413,53,14,10,2025-10-20,23:06:00,17.05,67,265.51,Completed
7270,414,112,5,37,2025-10-31,09:09:00,7.84,28,175.93,Completed
7271,674,121,36,32,2025-07-18,23:22:00,1.41,14,105.76,Completed
7272,692,110,38,36,2025-01-01,04:42:00,12.83,58,235.59,Completed
7273,615,75,3,25,2025-03-01,02:07:00,16.2,65,279.17,Completed
7274,209,61,36,15,2025-09-07,10:15:00,14.83,76,205.96,Completed
7275,22,178,22,9,2025-05-20,01:06:00,9.73,38,199.22,Completed
7276,5,8,8,16,2025-05-29,20:08:00,8.85,49,193.98,Completed
7277,651,12,14,19,2025-02-13,06:14:00,19.22,76,335.69,Completed
7278,214,179,7,12,2025-07-05,13:39:00,10.76,44,244.9,Completed
7279,672,244,4,35,2025-04-18,16:32:00,11.57,46,209.99,Completed
7280,920,194,19,5,2025-02-13,01:58:00,6.72,36,183.61,Completed
7281,907,41,24,38,2025-03-19,02:09:00,3.17,21,97.6,Completed
7282,139,150,16,6,2025-08-14,21:01:00,3.91,14,112.93,Completed
7283,657,127,6,14,2025-06-11,04:22:00,11.28,39,168.12,Completed
7284,672,137,8,12,2025-10-08,18:47:00,12.34,54,280.73,Completed
7285,595,78,25,22,2025-09-10,15:40:00,23.9,96,344.41,Completed
7286,667,207,32,4,2025-05-12,16:18:00,6.31,34,144.04,Cancelled
7287,800,139,25,18,2025-05-24,16:43:00,16.88,86,223.58,Completed
7288,317,141,10,31,2025-09-23,08:02:00,3.78,17,109.08,Cancelled
7289,793,184,17,35,2025-04-19,13:44:00,8.41,41,149.32,Completed
7290,576,156,3,4,2025-07-13,23:17:00,6.59,26,187.38,No_Show
7291,704,89,9,9,2025-02-04,20:48:00,10.9,59,232.45,Completed
7292,156,64,18,15,2025-10-02,08:04:00,2.79,12,127.74,No_Show
7293,424,229,30,21,2025-07-06,21:48:00,6.41,29,162.89,Completed
7294,500,64,5,32,2025-08-31,01:05:00,7.26,35,156.5,Completed
7295,91,70,32,9,2025-09-21,19:00:00,6.95,29,168.43,Completed
7296,654,55,27,32,2025-01-10,00:41:00,8.46,44,195.69,Completed
7297,42,37,21,16,2025-06-15,05:05:00,30.83,152,547.12,Cancelled
7298,761,161,24,5,2025-01-29,16:51:00,2.07,18,73.13,Completed
7299,295,25,38,31,2025-09-28,23:09:00,16.77,61,294.53,No_Show
7300,770,114,3,25,2025-03-28,15:37:00,4.28,22,122.75,Completed
7301,337,23,16,1,2025-01-23,01:49:00,12.3,56,233.46,Completed
7302,1,188,15,3,2025-07-29,15:53:00,1.68,8,73.63,Completed
7303,109,184,25,21,2025-02-15,17:20:00,5.73,24,162,No_Show
7304,928,191,8,28,2025-01-28,16:09:00,11.69,43,264.95,Completed
7305,979,136,4,3,2025-01-26,06:37:00,11.09,46,170.51,Completed
7306,125,17,32,32,2025-09-23,08:55:00,7.1,39,236.02,Completed
7307,64,95,35,32,2025-06-24,11:31:00,9.75,58,208,Completed
7308,206,90,30,30,2025-01-04,14:24:00,9.1,34,163.46,Driver_Cancelled
7309,415,247,39,13,2025-11-07,07:26:00,20.29,96,342.82,Completed
7310,954,185,30,34,2025-11-18,17:49:00,6.93,34,188.79,Completed
7311,850,75,17,4,2025-03-08,21:22:00,3.89,20,101.57,Completed
7312,244,62,19,18,2025-05-15,19:13:00,13.29,67,285.44,Cancelled
7313,590,222,31,32,2025-02-24,19:11:00,15.27,56,329.31,Completed
7314,623,11,17,14,2025-01-31,03:16:00,4.21,19,127.34,Completed
7315,654,195,2,32,2025-03-15,00:56:00,16.56,63,304.68,Completed
7316,216,168,37,6,2025-01-19,12:34:00,11.12,41,226.95,Completed
7317,965,168,29,17,2025-06-05,08:31:00,10.96,51,181.43,Completed
7318,528,121,30,8,2025-12-03,01:25:00,14.32,51,284.9,Completed
7319,965,56,22,35,2025-06-05,00:08:00,6.64,27,151.58,No_Show
7320,566,53,38,24,2025-05-27,05:47:00,5.11,16,106.37,No_Show
7321,653,85,11,3,2025-03-28,21:03:00,4.79,15,95.05,Completed
7322,380,227,33,17,2025-01-20,14:32:00,10.81,41,180.11,Completed
7323,848,28,19,36,2025-09-26,17:28:00,19.57,88,378.06,Completed
7324,79,86,3,40,2025-11-29,11:39:00,11.35,48,256.99,Completed
7325,415,170,40,17,2025-02-12,01:42:00,10.7,60,213.35,Completed
7326,453,115,22,30,2025-11-02,21:16:00,5.77,25,120.37,Completed
7327,149,46,18,25,2025-01-28,02:07:00,9.37,36,228.54,Completed
7328,639,18,30,22,2025-09-17,03:34:00,15.49,51,300.28,Completed
7329,670,23,1,37,2025-01-22,22:12:00,16.45,68,346.21,Cancelled
7330,791,154,20,11,2025-04-11,12:40:00,9.42,48,152.85,Completed
7331,38,99,5,12,2025-02-08,04:03:00,6.16,37,142.04,Completed
7332,157,29,12,21,2025-10-17,12:56:00,5.72,20,140.86,Completed
7333,333,52,11,15,2025-12-19,00:23:00,14.14,58,288.07,Completed
7334,288,110,24,12,2025-10-27,22:48:00,17.77,93,320.07,Completed
7335,112,203,18,22,2025-06-19,20:43:00,7.49,35,130.7,Completed
7336,702,106,8,39,2025-10-23,17:38:00,4.64,25,172.03,Cancelled
7337,618,248,29,35,2025-12-19,05:47:00,9.88,55,214.59,Completed
7338,91,46,22,16,2025-05-10,03:37:00,9.8,52,168.22,Completed
7339,866,1,2,33,2025-06-05,03:41:00,12.31,55,253.56,Completed
7340,813,191,23,14,2025-03-15,04:05:00,10.8,36,182.67,Driver_Cancelled
7341,49,144,16,18,2025-12-08,00:52:00,9.45,45,176.99,Completed
7342,161,25,8,16,2025-03-31,09:57:00,5.79,27,131.27,Completed
7343,516,62,4,40,2025-03-08,07:11:00,18.38,68,321.61,Completed
7344,402,230,14,3,2025-08-24,20:28:00,3.35,22,99.69,Completed
7345,710,82,9,26,2025-07-19,21:37:00,8.48,34,195.4,Cancelled
7346,320,80,11,15,2025-11-28,16:34:00,5.38,28,155.52,Completed
7347,924,211,38,36,2025-08-15,16:31:00,17.73,57,248.25,Completed
7348,364,144,16,27,2025-12-14,07:48:00,9.7,46,204.65,Completed
7349,889,197,13,17,2025-08-21,13:08:00,1.65,10,149.04,Completed
7350,442,91,36,14,2025-09-23,20:02:00,8.79,40,153.48,Driver_Cancelled
7351,475,236,36,2,2025-03-27,15:09:00,7.83,38,176.9,Completed
7352,766,198,17,27,2025-04-12,11:43:00,14.98,66,262.01,Completed
7353,602,121,14,24,2025-08-02,08:15:00,9.05,39,175.97,Driver_Cancelled
7354,312,162,29,40,2025-04-18,03:50:00,11.08,53,242.23,Completed
7355,532,208,17,35,2025-06-14,03:50:00,28.58,97,510.68,Completed
7356,589,53,1,4,2025-04-01,20:14:00,20.61,85,385.36,Completed
7357,220,151,20,26,2025-07-11,17:09:00,8.27,33,175.81,Completed
7358,674,171,33,36,2025-12-01,20:37:00,13.43,58,223.9,Completed
7359,497,44,2,4,2025-03-27,16:47:00,5.39,32,124.53,Completed
7360,343,32,17,34,2025-08-10,15:22:00,9.8,43,219.51,Completed
7361,906,235,23,13,2025-12-29,08:36:00,9.12,42,186.06,Driver_Cancelled
7362,627,23,22,40,2025-04-11,15:08:00,4,25,109.24,Completed
7363,94,148,1,1,2025-08-14,22:40:00,8.11,44,214.86,Completed
7364,918,19,12,1,2025-12-30,01:32:00,8.13,28,167.84,Completed
7365,133,221,13,9,2025-03-01,05:16:00,8.5,43,186.62,Cancelled
7366,501,200,14,11,2025-09-07,23:32:00,7.2,32,143.47,Completed
7367,172,29,10,16,2025-02-17,17:34:00,6.7,30,148.4,Driver_Cancelled
7368,626,146,12,29,2025-04-27,04:17:00,17.96,78,314.45,Completed
7369,9,69,22,36,2025-08-15,17:08:00,11.75,47,226.87,Driver_Cancelled
7370,811,140,18,15,2025-12-28,04:47:00,9.33,42,178.65,Completed
7371,772,10,39,39,2025-02-02,22:13:00,5.16,24,102.7,Completed
7372,682,111,19,2,2025-02-13,00:40:00,16.12,56,239.46,Completed
7373,321,37,30,10,2025-06-14,00:17:00,17.86,67,264.68,Cancelled
7374,98,81,15,11,2025-12-11,00:57:00,2.24,11,127.36,Completed
7375,169,96,39,30,2025-10-19,11:20:00,2.05,13,118.85,Completed
7376,960,55,14,23,2025-12-03,11:04:00,6.6,38,142.04,Completed
7377,311,132,9,22,2025-12-10,04:44:00,7.43,33,141.26,Cancelled
7378,730,223,5,36,2025-10-14,11:05:00,4.59,25,189.93,Completed
7379,914,128,33,29,2025-12-30,20:28:00,4.7,27,133.54,Completed
7380,912,63,5,32,2025-08-13,12:58:00,1.53,9,72.75,Completed
7381,343,218,24,33,2025-10-13,09:33:00,19.14,71,255.35,Completed
7382,430,12,8,39,2025-07-23,13:38:00,7.71,39,173.06,Cancelled
7383,932,146,19,9,2025-06-21,16:45:00,10.44,47,242.54,Cancelled
7384,858,8,12,1,2025-01-12,09:57:00,9.1,45,185.82,Completed
7385,962,32,8,18,2025-11-03,15:00:00,5.13,30,113.88,Completed
7386,556,212,8,22,2025-05-01,07:25:00,7.27,32,180.71,No_Show
7387,500,49,38,37,2025-09-01,11:19:00,22.4,81,522.65,Cancelled
7388,773,104,20,14,2025-06-01,12:07:00,5.38,26,135.64,Completed
7389,285,191,29,22,2025-06-01,05:51:00,6.38,27,180.76,Completed
7390,638,205,34,33,2025-07-07,15:11:00,11.78,61,258.67,Completed
7391,260,187,18,6,2025-01-13,17:47:00,2.18,15,84.98,Completed
7392,495,87,1,27,2025-04-01,21:48:00,7.95,33,178.25,Completed
7393,355,195,11,6,2025-07-19,23:27:00,6.28,25,175.24,Completed
7394,214,99,35,16,2025-03-15,20:50:00,6.12,31,186.49,Completed
7395,817,167,32,2,2025-09-13,02:23:00,3.3,12,128.95,Completed
7396,200,50,16,37,2025-10-03,08:54:00,4.77,11,116.69,Completed
7397,236,213,6,29,2025-11-24,08:37:00,7.45,26,164.72,Completed
7398,853,199,9,23,2025-11-25,16:54:00,4.08,20,143.22,Completed
7399,136,246,40,21,2025-03-12,06:43:00,6.71,30,125.78,Completed
7400,890,154,22,13,2025-03-19,20:44:00,7.1,38,171.71,Completed
7401,948,151,8,1,2025-10-11,11:45:00,3.72,26,115.26,Completed
7402,628,96,32,29,2025-05-10,00:08:00,8.65,30,154.81,Driver_Cancelled
7403,965,63,26,7,2025-02-12,06:02:00,8.91,38,192.04,Completed
7404,917,194,18,31,2025-01-08,04:58:00,6.26,28,182.4,Completed
7405,667,167,37,22,2025-01-13,19:39:00,9.43,51,187.64,Driver_Cancelled
7406,422,66,12,16,2025-08-01,00:32:00,16.02,65,311.6,Completed
7407,901,103,38,28,2025-04-21,20:03:00,5.18,33,141.3,No_Show
7408,341,46,34,39,2025-10-18,23:57:00,6.98,43,202.9,Completed
7409,829,143,4,25,2025-01-23,08:44:00,11.47,40,249.93,Completed
7410,904,16,16,14,2025-10-29,15:07:00,19.47,75,282.95,Completed
7411,342,120,24,21,2025-09-11,07:27:00,5.52,27,153.1,Completed
7412,530,90,14,19,2025-01-15,01:36:00,7.94,39,135.24,Completed
7413,388,72,17,13,2025-05-10,05:12:00,2.33,18,79.35,Cancelled
7414,4,16,31,2,2025-03-02,15:43:00,12.25,52,196.29,Cancelled
7415,677,85,4,36,2025-04-25,22:15:00,12.86,67,194.81,Completed
7416,639,39,34,14,2025-11-16,23:55:00,8.14,28,164.56,Completed
7417,399,139,38,34,2025-11-04,22:22:00,3.13,18,109.99,Completed
7418,422,216,38,18,2025-11-21,00:03:00,22.87,110,297.4,Completed
7419,411,36,3,24,2025-03-08,20:07:00,9.85,34,225.34,Completed
7420,213,18,8,30,2025-09-06,04:18:00,10.67,47,240.01,Completed
7421,560,151,12,19,2025-06-24,12:32:00,13.51,51,234.91,Completed
7422,558,77,35,36,2025-12-05,02:36:00,15.93,58,254.69,Completed
7423,558,49,2,21,2025-01-02,13:11:00,3.64,25,92.07,Completed
7424,48,236,29,19,2025-06-21,21:14:00,11.55,59,225.22,Completed
7425,187,242,23,26,2025-11-30,21:58:00,3.34,19,126.08,Completed
7426,502,170,33,35,2025-10-11,07:05:00,11.43,49,162.47,Completed
7427,632,103,18,40,2025-02-23,20:06:00,11.27,45,209.92,Cancelled
7428,644,236,40,4,2025-03-08,16:30:00,9.07,31,170.34,Completed
7429,971,44,22,21,2025-04-12,18:16:00,8.1,41,193.43,Completed
7430,531,250,14,3,2025-04-30,13:51:00,3.22,19,105.4,Completed
7431,953,109,29,5,2025-07-10,08:53:00,18.92,68,321.21,Completed
7432,787,129,15,29,2025-10-31,06:22:00,34.73,117,599.02,Completed
7433,475,7,15,19,2025-02-16,20:22:00,28.44,129,386.33,Completed
7434,744,48,4,17,2025-08-10,13:33:00,13.76,53,223.42,Completed
7435,42,112,36,34,2025-01-21,00:02:00,8.44,44,202.29,Cancelled
7436,604,213,5,20,2025-06-07,11:58:00,14.16,51,253.88,Completed
7437,261,144,3,28,2025-12-14,03:44:00,13.26,48,232.15,Completed
7438,48,48,12,9,2025-06-08,23:36:00,6.3,34,149.69,Completed
7439,921,206,20,3,2025-08-23,14:31:00,3.96,22,114.02,Cancelled
7440,963,171,20,10,2025-05-30,00:02:00,5.44,27,125.16,Completed
7441,794,51,39,21,2025-09-14,07:05:00,3.82,16,132.25,Completed
7442,586,107,39,4,2025-06-14,14:51:00,6,29,151.35,Completed
7443,728,66,1,22,2025-03-18,05:24:00,24.36,120,328.28,Completed
7444,446,31,3,7,2025-03-26,01:53:00,9.33,28,166.44,Completed
7445,221,39,9,12,2025-02-15,12:57:00,12.54,71,196.56,Completed
7446,621,9,20,11,2025-02-16,06:51:00,23.31,102,453.74,Completed
7447,647,41,9,22,2025-08-01,01:38:00,7.26,38,188.55,Cancelled
7448,940,63,31,29,2025-02-28,00:09:00,10.94,53,250.98,Completed
7449,343,14,28,27,2025-02-23,22:18:00,14.61,52,227.92,Completed
7450,238,58,35,20,2025-12-08,07:51:00,1.7,12,64.21,Completed
7451,155,202,40,14,2025-01-12,15:09:00,9.54,37,219.95,Completed
7452,938,240,38,7,2025-07-11,10:14:00,7.35,29,206.44,Cancelled
7453,841,88,2,15,2025-01-06,22:52:00,7.75,35,193.51,Completed
7454,56,242,3,28,2025-11-05,06:27:00,4.87,36,133.58,Completed
7455,387,97,14,10,2025-05-24,06:08:00,1.91,12,83.22,Driver_Cancelled
7456,894,248,17,3,2025-12-12,19:33:00,18.43,95,360.65,Completed
7457,909,98,35,12,2025-09-18,01:55:00,5.63,28,133.82,Completed
7458,710,212,4,13,2025-03-14,12:51:00,8.5,49,180.56,Completed
7459,315,192,30,39,2025-06-23,03:23:00,6.82,31,142.1,No_Show
7460,38,156,39,34,2025-08-20,13:04:00,10.35,43,187.38,Cancelled
7461,341,132,14,1,2025-09-27,08:26:00,8.9,48,197.03,Completed
7462,851,162,27,38,2025-12-28,17:24:00,23.41,77,455.93,Completed
7463,729,132,13,25,2025-08-10,03:53:00,4.78,28,122.19,Cancelled
7464,231,247,20,19,2025-02-21,13:28:00,5.2,34,128.93,Completed
7465,452,70,24,25,2025-04-26,20:31:00,3.29,21,107.5,Driver_Cancelled
7466,342,186,10,6,2025-01-26,21:49:00,5,29,120.06,Completed
7467,453,86,7,4,2025-02-22,06:17:00,12.8,51,238.02,Completed
7468,257,4,17,26,2025-12-31,21:07:00,3.55,30,122.21,Completed
7469,434,50,22,26,2025-01-29,03:19:00,22.65,102,306.75,Completed
7470,209,5,11,26,2025-01-19,21:29:00,12.18,70,194.79,Completed
7471,201,75,23,14,2025-10-30,02:47:00,10.41,44,243.89,No_Show
7472,137,45,22,32,2025-10-06,16:09:00,5.69,28,126.51,Completed
7473,640,163,40,28,2025-04-27,07:55:00,20.21,78,249.75,Driver_Cancelled
7474,565,211,18,2,2025-04-16,19:40:00,9.3,41,233.29,Completed
7475,856,244,26,21,2025-11-05,08:27:00,7.65,33,173.3,Completed
7476,394,203,30,14,2025-08-15,00:19:00,8.77,37,198.61,Cancelled
7477,596,203,13,37,2025-12-18,16:28:00,5.5,27,137.14,Completed
7478,721,117,4,2,2025-07-05,22:25:00,11.64,52,247.85,Completed
7479,845,27,27,5,2025-09-18,02:52:00,7.33,32,135.05,Completed
7480,797,130,40,38,2025-01-16,13:16:00,6.32,40,133.88,Completed
7481,36,182,10,2,2025-09-30,13:57:00,14.03,50,292.64,Completed
7482,215,239,28,1,2025-06-09,11:45:00,6.35,24,224.37,Cancelled
7483,27,118,21,22,2025-12-24,21:45:00,20.33,79,307.74,No_Show
7484,658,200,11,25,2025-09-07,14:07:00,10.41,49,210.97,Completed
7485,18,226,20,30,2025-08-12,03:41:00,20.46,91,446.64,Completed
7486,630,104,36,9,2025-09-13,02:31:00,6.95,37,161.52,Completed
7487,137,248,19,37,2025-06-29,07:46:00,10.01,54,196.42,Completed
7488,579,212,10,10,2025-01-20,05:21:00,3.72,16,107.92,Completed
7489,903,215,15,15,2025-04-22,16:47:00,7.29,38,144.32,Driver_Cancelled
7490,826,207,18,3,2025-04-30,05:31:00,9.31,43,200.15,Completed
7491,975,176,7,8,2025-07-13,15:53:00,4.95,32,135.42,Completed
7492,30,205,30,25,2025-04-21,01:49:00,9.88,32,242.2,Cancelled
7493,73,247,14,36,2025-07-29,08:35:00,8.43,31,169.05,Completed
7494,123,223,37,21,2025-01-01,13:53:00,3.97,28,119.71,Cancelled
7495,957,49,30,34,2025-02-27,12:14:00,4.32,20,195.4,Completed
7496,987,110,27,27,2025-04-03,12:18:00,19.57,84,357.54,Completed
7497,228,78,37,9,2025-08-09,16:58:00,4.46,29,117.75,Driver_Cancelled
7498,338,1,17,10,2025-07-30,06:57:00,7.51,34,183.34,Completed
7499,991,120,30,27,2025-08-20,02:16:00,32.41,105,474.35,Cancelled
7500,273,219,18,25,2025-09-19,20:04:00,3.94,24,113.32,Cancelled
7501,758,161,3,13,2025-12-30,12:35:00,9.78,51,241.07,Completed
7502,437,35,28,4,2025-04-13,10:37:00,21.68,84,313.3,Completed
7503,902,182,37,16,2025-02-19,02:26:00,13.62,55,244,Completed
7504,39,56,30,12,2025-04-20,17:05:00,13.82,51,218.85,Driver_Cancelled
7505,921,143,21,25,2025-03-29,03:52:00,18.11,78,381.45,Completed
7506,682,197,20,16,2025-01-20,11:08:00,11.9,50,268.18,Completed
7507,426,229,22,39,2025-01-14,15:01:00,7.12,32,118.8,Completed
7508,315,4,36,2,2025-05-13,07:39:00,10.13,36,218.67,Completed
7509,614,110,36,9,2025-10-23,14:19:00,10.04,45,172.37,Driver_Cancelled
7510,806,84,21,13,2025-02-03,14:48:00,7.79,33,164.18,Cancelled
7511,509,192,24,14,2025-07-27,15:02:00,2.18,14,154.1,No_Show
7512,927,231,21,12,2025-10-28,15:33:00,5.98,28,127.95,Completed
7513,755,22,7,35,2025-07-18,06:29:00,16.5,74,290.62,Completed
7514,157,24,8,22,2025-03-21,13:25:00,4.71,22,173.53,Completed
7515,872,175,22,21,2025-03-12,07:34:00,16.4,74,323.77,Completed
7516,777,75,22,3,2025-06-04,17:43:00,5.37,30,159.63,Completed
7517,257,110,30,22,2025-03-19,08:00:00,11.16,53,173.88,Driver_Cancelled
7518,976,134,34,9,2025-03-19,03:30:00,6.18,35,165.24,Cancelled
7519,870,155,29,40,2025-06-21,19:29:00,6.14,30,190.09,Driver_Cancelled
7520,855,138,10,3,2025-10-16,07:18:00,3.33,17,97.76,Cancelled
7521,635,167,5,31,2025-02-02,17:58:00,12.89,51,203.94,Cancelled
7522,456,202,39,37,2025-10-27,03:28:00,5.49,25,163.74,Completed
7523,47,110,34,6,2025-10-03,14:57:00,4.48,14,138.04,Cancelled
7524,332,90,38,14,2025-01-07,00:59:00,5.6,27,124.54,Completed
7525,10,37,10,19,2025-06-09,04:25:00,7.17,40,142.86,Completed
7526,144,54,9,18,2025-08-28,03:22:00,5.18,35,110.95,Completed
7527,431,225,32,7,2025-01-24,00:52:00,7.82,44,195.41,Completed
7528,811,51,5,36,2025-08-02,08:22:00,14.68,57,308.32,Completed
7529,152,60,35,29,2025-03-11,23:36:00,8.21,46,174.56,Completed
7530,487,72,11,3,2025-08-04,00:18:00,12.23,62,235.2,Completed
7531,136,128,16,13,2025-04-14,12:38:00,23.23,100,381.3,Driver_Cancelled
7532,587,51,27,36,2025-08-03,13:31:00,4.6,23,145.25,Cancelled
7533,873,62,20,25,2025-02-23,02:27:00,15.53,80,293.27,Completed
7534,26,49,1,28,2025-10-21,04:02:00,8.52,32,194.57,Completed
7535,7,179,26,38,2025-11-26,10:18:00,13.23,49,271.17,Completed
7536,591,28,11,11,2025-12-02,22:23:00,7.43,29,175.64,Completed
7537,15,240,15,9,2025-07-22,20:55:00,10.5,47,178.49,Completed
7538,432,164,39,22,2025-10-15,23:26:00,5.6,28,144.23,No_Show
7539,899,232,40,21,2025-02-14,01:21:00,5.89,31,145.72,Completed
7540,400,153,18,19,2025-11-13,22:07:00,5.29,28,118.23,Completed
7541,207,164,24,33,2025-07-17,04:16:00,6.12,31,161.84,Completed
7542,601,77,28,4,2025-08-04,08:13:00,5.03,29,125.95,Completed
7543,609,188,25,33,2025-11-05,23:30:00,6.24,30,176.37,Completed
7544,910,7,23,16,2025-11-28,11:50:00,27.31,113,530.16,Completed
7545,216,65,11,1,2025-07-03,07:59:00,9.33,34,219.84,No_Show
7546,502,201,33,15,2025-01-27,11:17:00,12.82,61,254.35,Completed
7547,459,123,16,22,2025-06-15,00:21:00,5.73,33,123.5,Completed
7548,259,220,36,32,2025-11-14,15:06:00,3.86,16,139.05,Completed
7549,329,36,23,37,2025-10-01,16:26:00,9.03,40,196.88,Completed
7550,454,238,6,23,2025-12-31,14:36:00,7.79,23,145.43,Completed
7551,799,222,24,33,2025-04-13,10:50:00,17.49,83,384.64,Completed
7552,375,73,38,40,2025-11-29,03:16:00,6.05,32,188.56,Completed
7553,464,30,6,22,2025-04-14,13:48:00,15.21,72,230.84,Completed
7554,75,227,10,40,2025-09-02,02:34:00,13.4,73,253.22,Completed
7555,242,47,22,12,2025-11-01,03:44:00,1.39,14,75.3,Completed
7556,17,91,23,18,2025-06-18,05:02:00,2.88,16,124.88,Completed
7557,689,29,5,32,2025-04-26,01:01:00,3.96,22,126.13,Completed
7558,259,5,28,3,2025-05-21,19:02:00,15.75,73,310.47,Completed
7559,123,65,9,36,2025-12-22,19:20:00,4.18,27,161.49,Completed
7560,979,235,39,1,2025-05-05,06:58:00,12.05,59,193.85,Completed
7561,984,115,28,25,2025-01-25,01:36:00,6.85,30,179.54,Completed
7562,311,197,25,20,2025-07-13,22:10:00,6.26,24,111.57,Completed
7563,111,63,38,17,2025-04-10,09:58:00,10.62,38,181.99,Completed
7564,256,246,27,22,2025-01-05,15:00:00,5.33,20,106.49,Completed
7565,234,93,24,33,2025-01-19,23:59:00,7.1,32,182.88,Driver_Cancelled
7566,968,184,16,26,2025-06-19,17:18:00,6.43,37,160.58,Completed
7567,497,17,2,27,2025-10-01,13:20:00,26.87,117,498.03,Cancelled
7568,868,127,2,34,2025-09-11,07:51:00,2.05,12,82.46,Cancelled
7569,40,51,5,23,2025-05-01,20:27:00,4.81,27,127.87,No_Show
7570,122,113,21,16,2025-02-01,19:17:00,16.4,81,296.27,Completed
7571,450,37,10,14,2025-05-29,04:09:00,14.97,70,249.33,Completed
7572,727,88,18,14,2025-09-23,17:42:00,10.43,42,225.69,Completed
7573,808,116,26,26,2025-02-06,05:36:00,3.93,18,125.95,Completed
7574,798,125,20,27,2025-06-26,20:18:00,24.62,105,442.12,Completed
7575,793,219,36,40,2025-12-08,04:52:00,5.8,32,130.94,No_Show
7576,519,137,21,4,2025-01-13,23:13:00,9.03,44,154.04,Completed
7577,92,246,2,9,2025-07-02,20:59:00,3.95,22,100.29,Completed
7578,361,38,33,27,2025-05-25,04:00:00,4.61,23,114.33,Completed
7579,946,53,23,39,2025-09-22,08:26:00,18.03,82,286.6,Completed
7580,123,141,39,15,2025-03-29,22:11:00,31.46,135,467.77,Completed
7581,337,90,31,25,2025-02-15,23:42:00,1.55,15,69.32,Completed
7582,608,53,4,18,2025-04-29,04:54:00,9.97,51,183.94,Completed
7583,513,203,3,30,2025-01-19,14:36:00,5.42,28,185.05,Completed
7584,603,119,37,37,2025-08-08,21:42:00,5.54,35,131.25,Cancelled
7585,428,216,10,16,2025-08-21,03:24:00,8.32,46,195.86,Driver_Cancelled
7586,996,119,32,12,2025-04-04,06:06:00,13.65,64,183.81,Completed
7587,433,225,36,17,2025-09-08,11:42:00,17.34,82,292.66,Driver_Cancelled
7588,7,49,27,25,2025-09-07,11:59:00,4.38,22,110.73,Completed
7589,120,122,19,15,2025-10-09,17:47:00,11.49,63,243.18,Completed
7590,387,70,38,25,2025-08-20,00:29:00,11.1,55,231,Completed
7591,350,163,1,21,2025-02-15,21:27:00,4.94,27,117.05,Completed
7592,641,16,26,19,2025-02-15,03:07:00,6.58,26,133.76,Completed
7593,691,13,13,24,2025-01-14,00:22:00,1.87,11,96.56,Completed
7594,98,236,35,7,2025-03-26,09:11:00,6.72,30,163.91,Completed
7595,934,121,2,12,2025-11-15,22:24:00,9.19,42,252.93,Completed
7596,43,139,22,39,2025-11-24,01:08:00,12.18,69,270.07,Completed
7597,183,87,39,11,2025-01-03,11:45:00,13.05,53,202.92,Completed
7598,697,130,28,33,2025-01-28,19:31:00,4.69,19,151.95,Completed
7599,565,94,2,25,2025-06-06,05:16:00,5.86,20,158.97,Driver_Cancelled
7600,740,19,11,39,2025-12-09,21:49:00,2.57,12,105.52,Completed
7601,673,104,37,34,2025-11-29,11:37:00,6.23,29,160.28,Completed
7602,235,45,26,11,2025-11-28,22:39:00,7.25,32,190.13,Completed
7603,976,174,28,16,2025-06-24,23:43:00,9.17,46,216.78,Completed
7604,446,47,26,32,2025-04-24,02:03:00,9.76,52,221.27,Completed
7605,870,177,17,15,2025-11-27,16:56:00,9.02,35,244.84,Completed
7606,907,79,3,40,2025-09-07,13:49:00,2.42,16,103.03,Completed
7607,200,245,14,15,2025-02-28,11:37:00,19.99,106,290.11,Completed
7608,948,42,16,7,2025-07-22,15:29:00,7.88,41,148.22,Completed
7609,513,161,36,37,2025-11-11,21:23:00,11.19,57,193.68,Completed
7610,526,108,28,40,2025-08-27,15:01:00,12.73,63,273.75,Cancelled
7611,990,169,28,2,2025-08-22,21:48:00,7.9,29,144.53,Cancelled
7612,213,119,25,6,2025-10-30,13:38:00,4.14,24,150.52,Completed
7613,378,197,9,36,2025-04-05,09:57:00,9.82,49,261.33,Completed
7614,789,86,11,39,2025-05-21,06:08:00,3.53,14,107.29,No_Show
7615,546,219,37,38,2025-11-30,14:23:00,6.71,38,153.52,Completed
7616,486,111,21,28,2025-04-23,01:23:00,19.45,96,348.76,Completed
7617,986,227,2,22,2025-04-19,21:14:00,5.03,28,142.53,Completed
7618,361,19,34,37,2025-12-28,14:06:00,6.09,31,119.2,Completed
7619,782,39,13,5,2025-12-11,18:55:00,6.91,39,187.09,Driver_Cancelled
7620,168,135,5,18,2025-10-16,22:55:00,12.91,68,236.34,Completed
7621,890,39,11,11,2025-04-07,20:19:00,11.9,44,173.34,Completed
7622,931,98,29,8,2025-12-01,07:50:00,7.04,38,129.23,Driver_Cancelled
7623,682,34,28,20,2025-01-16,20:59:00,20.28,98,264.61,Driver_Cancelled
7624,594,219,28,11,2025-02-13,18:35:00,10.91,61,266.85,Completed
7625,404,172,5,27,2025-08-18,16:14:00,7.82,38,150.1,Completed
7626,828,197,20,29,2025-04-18,00:44:00,11.57,62,223.38,Completed
7627,137,68,37,25,2025-08-05,03:39:00,9.05,37,168.82,Completed
7628,233,191,39,19,2025-09-17,02:43:00,10,53,193.19,Cancelled
7629,115,199,10,2,2025-11-08,06:22:00,2.34,12,125.86,Completed
7630,252,48,32,39,2025-11-16,12:04:00,5.63,26,144.78,Completed
7631,493,3,29,2,2025-07-15,13:17:00,15.34,79,254.06,Completed
7632,289,213,2,7,2025-04-05,07:08:00,5.77,25,121.6,Completed
7633,49,162,1,31,2025-02-25,09:41:00,4.16,27,114.01,Completed
7634,452,113,20,33,2025-02-01,22:21:00,8.87,43,218.59,Completed
7635,516,137,1,11,2025-08-19,23:33:00,5.55,30,188.86,Completed
7636,891,61,4,40,2025-01-09,23:58:00,10.4,38,214.31,Completed
7637,688,148,15,40,2025-07-10,10:00:00,3.47,24,112.62,Driver_Cancelled
7638,272,168,30,13,2025-12-27,17:53:00,12.19,47,253.23,Completed
7639,431,125,6,10,2025-07-19,03:42:00,11.56,43,226.51,Completed
7640,26,12,38,38,2025-11-30,21:29:00,9.85,50,216.82,Completed
7641,70,103,1,20,2025-06-10,01:18:00,18.1,76,342.34,Completed
7642,293,238,7,21,2025-03-28,13:02:00,3.88,19,90.8,Completed
7643,406,28,5,14,2025-01-21,08:27:00,7.07,40,166.07,Completed
7644,234,176,7,24,2025-11-07,17:09:00,8.29,29,160.98,Completed
7645,231,225,36,40,2025-03-17,11:08:00,5.51,21,135.79,Completed
7646,263,202,3,7,2025-05-21,21:27:00,4.19,18,108.61,Completed
7647,938,75,12,5,2025-05-06,00:10:00,11.66,47,220.33,Completed
7648,798,135,15,6,2025-09-08,17:15:00,3.28,22,126.76,Driver_Cancelled
7649,586,82,20,40,2025-03-25,23:22:00,2.87,22,92.21,Completed
7650,121,83,21,35,2025-02-17,11:34:00,14.94,71,287.3,No_Show
7651,463,142,32,9,2025-03-19,05:53:00,11.01,50,264.04,Cancelled
7652,518,209,12,1,2025-01-30,01:10:00,9.62,40,251.85,Completed
7653,24,215,37,39,2025-10-12,14:23:00,17.83,76,332.37,Completed
7654,706,147,40,20,2025-05-16,07:34:00,25.42,108,435.12,Completed
7655,680,54,7,6,2025-05-20,00:52:00,17.44,84,261.84,Completed
7656,377,188,31,32,2025-02-10,20:20:00,5.74,26,129.36,Completed
7657,500,237,1,13,2025-10-09,09:13:00,21.05,83,262.24,Cancelled
7658,911,247,11,39,2025-02-19,01:26:00,6.35,26,181.77,Completed
7659,437,67,34,40,2025-09-15,15:44:00,5.08,19,97.62,Completed
7660,853,162,19,21,2025-11-07,04:00:00,7.45,38,200.45,Completed
7661,722,89,11,37,2025-12-26,12:26:00,12.98,57,225.76,Completed
7662,645,169,33,12,2025-09-27,05:44:00,6.49,41,147,Completed
7663,857,159,33,6,2025-05-14,12:36:00,6.17,22,155.85,Completed
7664,804,167,8,15,2025-08-22,09:25:00,19.9,70,302.17,Completed
7665,970,78,8,21,2025-05-08,14:49:00,13,61,247.74,Completed
7666,499,229,34,21,2025-04-14,21:56:00,11.13,44,186.06,Completed
7667,174,180,40,28,2025-09-11,05:37:00,12.11,65,180.78,Completed
7668,663,175,27,36,2025-04-05,10:58:00,5.94,33,164.55,Completed
7669,600,20,29,17,2025-12-03,16:49:00,4.72,21,116.62,Completed
7670,813,96,14,7,2025-08-05,00:10:00,5.12,30,115.42,Cancelled
7671,509,225,34,23,2025-03-02,09:57:00,22.56,117,287.58,Cancelled
7672,778,180,37,22,2025-09-25,20:53:00,11.98,56,263.83,Completed
7673,310,95,1,10,2025-08-29,13:46:00,7.28,31,192.72,Completed
7674,70,71,9,18,2025-01-13,01:10:00,12.01,48,262.01,Completed
7675,205,190,10,2,2025-05-27,08:04:00,11.33,60,226.64,Completed
7676,341,133,30,12,2025-08-28,17:04:00,8.69,35,215.58,Cancelled
7677,32,185,18,39,2025-03-30,20:15:00,9.19,38,162.49,Completed
7678,43,132,17,22,2025-04-05,17:13:00,4.54,22,117.54,Completed
7679,118,139,6,22,2025-11-11,07:55:00,10.55,54,180.9,Completed
7680,889,19,11,22,2025-10-20,16:32:00,10.92,40,239.61,Completed
7681,15,102,24,6,2025-01-25,03:51:00,7.55,35,141.75,Completed
7682,322,212,36,37,2025-09-29,15:23:00,10.72,57,240.35,Completed
7683,911,27,33,20,2025-06-15,00:04:00,7.05,39,185.86,Completed
7684,627,29,33,6,2025-09-07,22:41:00,6.66,35,130.34,Completed
7685,337,18,18,9,2025-03-28,06:45:00,11.06,57,236.49,Completed
7686,532,165,5,29,2025-05-22,01:30:00,9.28,34,169.3,Completed
7687,690,189,31,37,2025-05-14,23:50:00,4.47,24,120.98,Completed
7688,774,244,16,5,2025-10-06,06:34:00,3.49,21,104.46,Completed
7689,591,175,2,13,2025-05-06,07:16:00,13.13,58,247.81,Completed
7690,381,245,9,27,2025-11-12,02:11:00,6.01,27,153.02,Completed
7691,511,89,2,23,2025-05-21,07:43:00,7.1,25,173.22,Completed
7692,913,20,37,37,2025-12-22,18:35:00,11.25,49,205.07,Completed
7693,120,70,20,34,2025-04-13,12:38:00,7.79,39,144.69,Completed
7694,26,100,17,25,2025-08-14,16:06:00,15.04,68,215.47,Completed
7695,534,177,25,37,2025-03-04,03:59:00,7.44,40,171.42,Completed
7696,713,143,19,23,2025-10-21,01:13:00,12.71,68,220.52,Completed
7697,64,18,8,28,2025-11-02,04:55:00,16.9,76,259.2,Completed
7698,460,38,11,26,2025-09-11,09:15:00,1.72,8,78.85,Completed
7699,726,120,13,12,2025-06-29,04:30:00,2.4,17,87.9,Completed
7700,314,89,13,39,2025-02-09,08:46:00,6.32,30,161.4,Completed
7701,983,84,9,3,2025-09-21,07:20:00,4.22,20,116.64,Completed
7702,805,150,5,9,2025-07-08,02:44:00,10.01,49,162.18,Cancelled
7703,590,243,18,15,2025-01-08,12:35:00,6.61,25,183.8,Completed
7704,216,204,40,8,2025-04-14,14:50:00,2.23,8,152.26,Completed
7705,456,233,14,28,2025-08-13,00:42:00,8.75,44,180.3,Completed
7706,986,104,34,26,2025-02-03,09:21:00,18.78,72,263.49,Completed
7707,736,188,22,16,2025-08-24,15:42:00,3.22,12,98.97,Completed
7708,889,111,33,34,2025-08-16,09:25:00,7.45,34,148.38,Completed
7709,540,225,24,20,2025-07-07,10:52:00,2.35,15,81.13,Completed
7710,992,221,29,1,2025-11-09,05:58:00,26.28,114,423.35,Completed
7711,982,194,13,24,2025-01-22,15:12:00,9.19,52,201.51,Driver_Cancelled
7712,817,26,27,29,2025-12-09,16:11:00,6.06,20,117.22,Completed
7713,713,64,1,4,2025-02-09,07:36:00,9.1,40,199.12,Cancelled
7714,579,249,7,4,2025-06-22,20:19:00,4.76,33,132.37,Completed
7715,473,224,4,38,2025-06-28,10:13:00,5.47,27,167.05,Completed
7716,359,58,10,3,2025-03-27,08:40:00,9.5,36,215.02,Completed
7717,126,131,40,40,2025-05-13,18:23:00,5.57,17,112.5,Completed
7718,972,30,35,2,2025-12-17,13:12:00,5.62,28,158.53,Completed
7719,861,19,39,29,2025-01-13,23:09:00,8.9,43,230.91,Completed
7720,707,10,16,28,2025-01-28,07:07:00,2.87,18,111.03,Completed
7721,937,89,27,12,2025-03-25,00:52:00,13.81,52,249.84,Cancelled
7722,686,174,20,15,2025-11-14,01:30:00,22.42,105,373.06,Completed
7723,87,147,10,31,2025-12-15,17:44:00,4.47,19,148.5,Completed
7724,343,127,33,37,2025-12-09,22:26:00,8.88,32,206.84,Completed
7725,823,186,7,32,2025-10-07,13:30:00,13.97,73,261.46,Completed
7726,978,124,22,22,2025-12-20,20:00:00,7.57,33,170.19,Completed
7727,395,107,17,3,2025-09-20,21:34:00,11.82,51,258.65,Completed
7728,484,85,9,17,2025-06-15,19:55:00,2.56,13,126.52,No_Show
7729,666,6,40,29,2025-10-20,11:43:00,1.92,15,99.03,Completed
7730,456,51,10,12,2025-03-09,12:16:00,10.21,53,234.19,Completed
7731,476,142,36,14,2025-08-14,19:56:00,5.53,27,152.01,Completed
7732,210,58,31,8,2025-06-19,05:21:00,8.54,33,212.12,Cancelled
7733,525,136,31,2,2025-03-27,12:30:00,9.25,45,202.11,Completed
7734,676,2,5,34,2025-05-13,15:48:00,12.36,59,272.84,Completed
7735,1000,246,18,24,2025-06-27,18:28:00,3.81,19,118.92,No_Show
7736,767,18,6,20,2025-12-09,21:58:00,19.95,100,244.64,Cancelled
7737,896,249,28,10,2025-09-09,22:11:00,9.46,45,195.52,Completed
7738,576,214,24,40,2025-01-15,22:23:00,9.13,38,184.16,Driver_Cancelled
7739,307,185,5,7,2025-08-11,14:04:00,7.37,40,213.46,Completed
7740,76,222,28,1,2025-07-20,04:06:00,6.75,35,128.32,Completed
7741,22,228,3,10,2025-04-17,18:17:00,15.94,72,308.74,Completed
7742,60,92,18,5,2025-09-07,18:57:00,25.89,106,419.36,Cancelled
7743,386,163,4,40,2025-03-30,05:25:00,14.96,64,305.31,Completed
7744,56,194,40,21,2025-05-05,03:15:00,10.8,44,193.98,Completed
7745,168,56,32,9,2025-04-23,01:06:00,9.02,40,185.75,No_Show
7746,412,228,32,29,2025-05-17,06:18:00,29.96,133,567.76,Completed
7747,717,210,19,31,2025-09-04,19:14:00,17.24,83,310.32,Completed
7748,865,43,29,27,2025-06-15,03:04:00,20.49,97,369.45,Completed
7749,771,73,33,6,2025-05-30,10:08:00,12.06,38,260.07,Completed
7750,191,220,2,31,2025-12-29,19:20:00,27.81,111,517.27,Completed
7751,482,72,11,36,2025-12-09,16:52:00,7.42,45,163.05,Cancelled
7752,919,117,33,2,2025-03-09,04:40:00,10.67,38,173.66,Completed
7753,567,8,40,21,2025-08-09,10:46:00,15.21,75,338.68,Completed
7754,416,5,1,34,2025-09-28,14:33:00,6.09,30,187.98,Completed
7755,340,13,17,22,2025-11-17,11:21:00,13.46,68,249.22,Completed
7756,796,7,16,13,2025-11-06,07:24:00,4.59,25,155.45,Completed
7757,892,21,2,19,2025-12-15,17:01:00,6.05,35,153.1,Completed
7758,776,221,4,33,2025-01-20,16:47:00,7.3,44,125.28,Completed
7759,259,37,32,38,2025-10-16,08:12:00,18.33,93,301,Cancelled
7760,350,173,7,40,2025-04-10,15:13:00,2.76,14,91.81,Completed
7761,601,180,29,3,2025-09-09,15:45:00,9.58,42,196.89,Completed
7762,437,176,9,38,2025-03-18,15:01:00,14.21,60,208.55,Driver_Cancelled
7763,222,62,35,19,2025-05-15,02:32:00,7.89,36,195.16,Cancelled
7764,413,206,5,7,2025-06-22,02:51:00,33.37,130,525.51,Completed
7765,350,101,21,15,2025-12-29,23:17:00,16.24,88,228.07,No_Show
7766,482,119,17,38,2025-07-20,12:10:00,9.67,45,230.14,Completed
7767,601,179,39,25,2025-08-05,11:39:00,22.27,115,336.23,Completed
7768,977,132,14,22,2025-07-27,23:14:00,11.55,39,295.41,Completed
7769,59,120,32,23,2025-03-15,08:36:00,6.96,26,244.18,Completed
7770,152,86,15,10,2025-01-11,10:48:00,2.95,17,116.67,Completed
7771,934,184,21,36,2025-10-14,19:54:00,9.14,50,198.87,Completed
7772,540,75,14,37,2025-09-13,09:56:00,11.06,42,284.81,Completed
7773,225,34,16,7,2025-01-12,11:35:00,16.02,69,304.38,Completed
7774,318,45,1,25,2025-03-19,02:17:00,17.44,88,276.49,Completed
7775,996,144,40,40,2025-06-21,12:12:00,12.03,65,188.32,Completed
7776,563,137,18,24,2025-04-06,02:17:00,8.53,37,169.6,Completed
7777,775,208,34,5,2025-11-02,11:28:00,4.82,24,121.95,Completed
7778,279,231,26,21,2025-09-30,16:22:00,21.57,83,358.58,Completed
7779,558,16,36,40,2025-06-28,16:46:00,2.18,13,70.18,Completed
7780,474,95,21,20,2025-03-05,14:42:00,20.04,107,372.7,Completed
7781,846,159,1,29,2025-05-12,19:41:00,13.16,51,247.85,Completed
7782,618,141,27,37,2025-12-09,17:02:00,16.96,81,331.61,Completed
7783,796,128,11,20,2025-09-29,04:21:00,10.15,56,219.1,No_Show
7784,24,5,38,18,2025-11-15,05:58:00,8.65,36,166.82,Completed
7785,519,123,14,4,2025-11-28,17:08:00,8.49,42,189.78,Completed
7786,368,127,28,11,2025-12-07,16:47:00,11.37,55,172.57,Completed
7787,996,175,27,22,2025-04-19,02:44:00,11.2,58,192.91,Completed
7788,999,167,22,14,2025-09-30,05:28:00,13.07,46,301.23,Completed
7789,335,18,21,28,2025-06-17,00:21:00,7.79,33,179.82,Completed
7790,433,148,24,4,2025-06-29,13:38:00,3.59,14,152.95,Cancelled
7791,3,247,19,16,2025-02-27,11:03:00,9.65,36,142.9,Completed
7792,258,130,24,38,2025-03-20,19:31:00,5.7,32,135.05,Completed
7793,263,40,26,23,2025-03-02,23:30:00,6.05,29,137.5,Cancelled
7794,121,158,25,13,2025-05-01,08:28:00,10.97,52,202.25,Completed
7795,720,10,29,20,2025-07-26,06:13:00,8.4,41,252.26,Completed
7796,21,64,10,5,2025-02-03,22:06:00,6.97,24,136.37,No_Show
7797,905,42,11,19,2025-03-11,15:09:00,5.02,18,134.37,Completed
7798,140,203,24,21,2025-01-17,03:30:00,3.68,17,102.37,Completed
7799,477,181,24,5,2025-01-20,06:42:00,5.94,32,148.82,Driver_Cancelled
7800,792,93,12,14,2025-11-11,01:33:00,14.15,65,215.83,Completed
7801,289,181,7,36,2025-03-10,07:39:00,5.76,29,141.5,Driver_Cancelled
7802,206,40,40,6,2025-08-03,01:12:00,16.76,82,252.03,Completed
7803,43,144,17,5,2025-06-10,03:49:00,18.21,70,238.73,Completed
7804,850,176,35,24,2025-04-12,16:20:00,2.08,10,87.31,Completed
7805,118,125,6,29,2025-07-25,16:03:00,18.96,77,346.05,Completed
7806,5,61,12,29,2025-05-25,06:45:00,15.51,73,308.34,Completed
7807,207,220,15,2,2025-02-26,11:03:00,7,27,135.04,Completed
7808,635,209,32,6,2025-03-24,11:21:00,15.13,50,316.93,Completed
7809,839,166,23,34,2025-09-26,09:45:00,10.98,41,208.9,Completed
7810,345,114,7,12,2025-07-06,11:14:00,10.71,52,228.74,Completed
7811,142,241,38,22,2025-01-06,16:04:00,15.26,59,240.84,Completed
7812,372,44,31,4,2025-12-19,04:17:00,3.1,17,102.04,Completed
7813,232,143,29,6,2025-12-16,16:02:00,8.11,41,169.72,Completed
7814,164,95,28,3,2025-04-20,22:52:00,9.34,43,178.02,Driver_Cancelled
7815,547,61,12,13,2025-05-18,05:35:00,12.04,47,277.18,Completed
7816,364,7,27,23,2025-02-20,17:21:00,14.25,53,288.88,Completed
7817,946,124,4,35,2025-02-20,23:53:00,7.76,32,198.9,Cancelled
7818,984,238,21,26,2025-03-28,20:40:00,13.01,63,273.88,Completed
7819,335,30,9,9,2025-03-09,10:12:00,8.44,34,162.34,Completed
7820,11,164,34,23,2025-03-25,12:46:00,6.76,41,206.72,Completed
7821,408,113,37,4,2025-02-11,21:32:00,11.22,34,247.16,Driver_Cancelled
7822,75,90,21,34,2025-08-07,19:24:00,24.01,98,351.09,Completed
7823,300,139,23,37,2025-02-26,18:47:00,8.84,47,151.03,No_Show
7824,947,123,24,8,2025-08-14,23:58:00,4.95,29,123.57,Cancelled
7825,913,198,10,34,2025-07-15,22:19:00,27.63,110,450.29,Completed
7826,381,106,38,37,2025-09-05,22:13:00,31.97,148,466.8,Completed
7827,710,157,6,6,2025-06-15,01:08:00,4.96,27,141.99,Completed
7828,853,92,21,7,2025-03-03,12:11:00,8.98,41,208.98,Completed
7829,776,207,37,39,2025-09-20,02:07:00,6.04,38,188.82,Completed
7830,847,93,29,36,2025-04-22,00:53:00,9.4,43,214.99,No_Show
7831,886,134,40,5,2025-09-10,04:19:00,8.2,45,207.27,Completed
7832,736,112,21,3,2025-07-18,22:59:00,11.29,57,173.74,Completed
7833,634,204,22,17,2025-06-27,18:03:00,8.78,41,149.21,Completed
7834,586,51,35,19,2025-01-26,23:35:00,7.78,31,166.26,Completed
7835,28,80,5,1,2025-09-03,18:51:00,10.91,50,183.97,Completed
7836,463,110,15,37,2025-01-19,07:49:00,4.69,23,140.39,Completed
7837,396,38,19,9,2025-09-22,13:57:00,30.61,100,516.39,Completed
7838,683,250,16,4,2025-11-13,16:27:00,25.95,99,492.59,Completed
7839,978,201,40,10,2025-01-20,03:17:00,8.05,35,180.91,No_Show
7840,376,22,23,32,2025-04-16,20:52:00,12.03,58,260.48,Completed
7841,421,225,4,1,2025-08-25,15:10:00,12.87,53,217.12,Completed
7842,364,90,21,23,2025-11-02,21:53:00,13.41,62,319.66,Completed
7843,895,182,24,17,2025-09-03,22:41:00,11.17,49,184.89,Completed
7844,216,168,26,30,2025-03-22,04:49:00,5.09,28,147.42,Completed
7845,831,135,2,27,2025-05-30,12:00:00,11.71,57,229.79,Completed
7846,101,110,40,15,2025-01-10,23:02:00,14.84,64,375.71,Cancelled
7847,758,224,8,38,2025-11-17,07:43:00,10.71,35,238.81,Completed
7848,93,168,9,7,2025-08-12,22:03:00,13.35,56,232.31,Cancelled
7849,575,107,2,33,2025-09-21,12:51:00,9.73,42,210.04,Completed
7850,266,124,14,5,2025-05-29,10:12:00,23.82,114,403.01,No_Show
7851,206,24,20,39,2025-10-05,18:56:00,6.11,34,175.8,Completed
7852,80,41,2,34,2025-10-01,13:47:00,11.1,49,185.18,Completed
7853,37,51,4,3,2025-07-13,22:37:00,18.18,57,255.68,Completed
7854,11,167,35,32,2025-06-21,21:18:00,10.89,41,217.03,Driver_Cancelled
7855,627,102,14,2,2025-09-22,00:41:00,24.36,120,397.52,Cancelled
7856,90,114,21,16,2025-11-06,05:08:00,3.31,15,92.01,Completed
7857,744,229,15,17,2025-01-26,00:29:00,12.2,59,287.38,Completed
7858,19,211,39,12,2025-12-16,14:33:00,6.49,25,122.33,Completed
7859,564,171,20,5,2025-12-22,10:23:00,5.58,32,102.74,No_Show
7860,374,69,6,4,2025-01-26,23:36:00,4.81,29,155.76,Driver_Cancelled
7861,786,222,28,16,2025-02-03,05:30:00,22.89,104,314.45,No_Show
7862,94,187,2,18,2025-09-21,21:40:00,10.45,48,175.68,Cancelled
7863,32,153,28,20,2025-05-18,22:22:00,25.9,102,461.37,Driver_Cancelled
7864,663,94,34,9,2025-10-31,09:15:00,4.55,28,123.46,Completed
7865,140,120,14,16,2025-07-02,04:40:00,9.07,45,204.17,Cancelled
7866,570,25,9,35,2025-12-29,18:57:00,5.35,34,154.35,Completed
7867,973,201,23,29,2025-08-30,17:45:00,23.81,119,448.76,No_Show
7868,21,219,35,30,2025-02-23,14:16:00,13.26,64,243.91,Completed
7869,149,152,22,20,2025-06-17,07:07:00,9.2,43,206.25,Completed
7870,221,190,5,22,2025-04-29,21:50:00,18.4,95,319.37,Completed
7871,733,104,29,23,2025-05-23,01:07:00,11.9,49,245.95,Completed
7872,754,43,35,36,2025-03-22,20:33:00,1.77,12,114.2,Completed
7873,219,59,34,22,2025-09-02,22:11:00,4.01,20,108.61,Completed
7874,541,54,4,1,2025-12-18,02:44:00,12.19,62,221.21,Completed
7875,975,230,9,21,2025-12-24,23:17:00,4.2,20,136.97,Completed
7876,559,79,14,19,2025-03-03,05:35:00,7.13,35,151.53,Completed
7877,908,230,5,8,2025-02-15,17:31:00,4.69,27,147.85,Completed
7878,58,154,27,5,2025-03-28,22:57:00,16.43,65,360.85,Driver_Cancelled
7879,425,54,11,40,2025-04-09,20:29:00,5.08,21,112.66,Completed
7880,275,189,30,29,2025-10-22,06:20:00,9.67,36,201.28,Completed
7881,140,222,37,18,2025-02-22,22:27:00,12,52,182.9,Completed
7882,23,75,39,29,2025-07-11,15:09:00,7.61,35,168.41,Completed
7883,901,93,34,15,2025-03-21,02:17:00,9.89,48,218.98,Completed
7884,378,207,24,31,2025-01-16,01:02:00,8.51,28,175.57,Completed
7885,922,172,16,15,2025-12-26,10:20:00,22.06,113,313.85,Completed
7886,373,137,30,3,2025-11-22,19:30:00,12.04,53,210.58,Completed
7887,63,42,24,33,2025-07-13,23:34:00,2.54,14,114.21,Completed
7888,564,157,3,24,2025-05-21,02:02:00,20.04,79,327.45,Completed
7889,778,79,29,38,2025-04-18,09:19:00,3.26,14,99.12,Completed
7890,342,81,12,24,2025-10-30,01:36:00,18.95,69,330.04,No_Show
7891,167,208,27,13,2025-09-22,18:02:00,12.35,52,203.76,Completed
7892,151,58,29,27,2025-10-17,00:32:00,6.62,25,172.65,Completed
7893,523,86,2,33,2025-07-28,05:30:00,5.63,23,178.78,Completed
7894,988,232,29,19,2025-06-14,04:11:00,3.69,23,101.27,Completed
7895,607,191,40,25,2025-12-08,03:02:00,3.35,21,93.72,Completed
7896,584,177,9,6,2025-11-16,06:04:00,15.98,59,362.09,Completed
7897,501,107,28,33,2025-06-01,02:10:00,8.19,41,175.65,Completed
7898,896,139,37,25,2025-10-17,13:05:00,9.06,32,213.25,Completed
7899,999,102,23,23,2025-09-25,15:07:00,5.45,29,143.15,Completed
7900,560,217,13,17,2025-05-31,05:38:00,4.84,24,155.58,Completed
7901,348,54,5,21,2025-07-26,17:45:00,8.64,49,210,Completed
7902,272,30,32,20,2025-09-12,17:17:00,3.98,22,167.39,Cancelled
7903,430,194,28,12,2025-12-19,10:20:00,5.71,26,133.01,Completed
7904,943,65,15,13,2025-05-21,14:31:00,7.05,32,144.99,Completed
7905,607,244,24,18,2025-12-09,13:02:00,5.84,27,109.18,Completed
7906,233,230,32,22,2025-12-24,21:11:00,14.89,68,333.48,Completed
7907,560,58,21,24,2025-04-06,13:47:00,1.87,10,81.53,Completed
7908,208,250,5,33,2025-08-15,18:42:00,17.44,61,298.26,Completed
7909,453,185,37,3,2025-07-12,18:47:00,22.39,73,326.59,Cancelled
7910,739,37,36,17,2025-10-30,06:23:00,4.9,29,176.77,Completed
7911,501,247,28,39,2025-11-10,00:48:00,7.66,42,150.29,Completed
7912,921,118,32,32,2025-04-28,05:18:00,8.42,34,212.16,Completed
7913,589,182,23,17,2025-01-05,13:22:00,10.51,48,257.87,Cancelled
7914,861,73,16,25,2025-12-18,01:06:00,27.32,113,557.75,Completed
7915,219,69,10,8,2025-08-31,22:23:00,26.43,87,399.17,Completed
7916,872,242,29,35,2025-01-21,01:19:00,3.94,17,111.94,Completed
7917,81,152,27,29,2025-06-01,18:29:00,6.43,23,139.63,Completed
7918,549,63,35,12,2025-05-08,21:48:00,27.54,112,452.4,Completed
7919,614,219,24,36,2025-05-04,10:26:00,5.23,21,124.36,Cancelled
7920,703,94,23,9,2025-05-26,17:26:00,2.83,17,105.38,Completed
7921,541,179,3,26,2025-10-04,08:48:00,7.07,27,182.08,Completed
7922,826,15,36,22,2025-11-06,04:00:00,16.71,80,305.29,Driver_Cancelled
7923,765,175,14,31,2025-06-01,21:44:00,7.13,34,121.82,Completed
7924,251,201,4,30,2025-12-26,11:06:00,4.36,25,144.74,Completed
7925,738,174,32,15,2025-04-21,22:16:00,7.5,40,136.84,Completed
7926,606,229,20,33,2025-04-26,02:41:00,20.45,64,265.96,Completed
7927,415,30,17,3,2025-07-07,19:30:00,11.86,42,246.32,Completed
7928,86,113,29,34,2025-02-26,23:36:00,4.92,22,151.21,Completed
7929,622,79,39,17,2025-09-08,14:12:00,8.79,42,233.47,No_Show
7930,217,148,32,5,2025-05-30,04:10:00,3.09,25,125.26,Driver_Cancelled
7931,196,57,4,30,2025-06-11,13:27:00,4.9,23,162.51,Completed
7932,995,177,24,15,2025-04-30,21:07:00,3.94,21,111.02,Completed
7933,297,56,2,39,2025-03-11,14:14:00,7.27,38,178.33,Completed
7934,946,56,14,8,2025-12-17,18:17:00,10.27,42,237.38,Completed
7935,44,153,40,38,2025-04-09,09:03:00,7.69,40,172.68,Completed
7936,393,9,38,28,2025-06-16,09:53:00,2.62,18,100.21,Completed
7937,443,237,34,21,2025-10-25,09:14:00,17.69,66,271.7,Completed
7938,90,22,2,10,2025-05-31,06:06:00,4.37,23,115.15,Driver_Cancelled
7939,987,77,36,28,2025-11-22,23:52:00,3.6,16,107.87,Completed
7940,155,165,6,21,2025-01-02,21:23:00,7.09,25,133.21,Completed
7941,978,124,36,28,2025-06-01,04:41:00,12.01,62,175.64,Completed
7942,478,28,22,22,2025-12-31,23:14:00,11.75,58,220.18,Completed
7943,621,142,5,38,2025-03-06,13:02:00,8.45,34,158.52,Driver_Cancelled
7944,59,158,38,19,2025-11-22,17:22:00,9.1,47,187.47,No_Show
7945,110,167,22,38,2025-03-10,15:59:00,10.12,47,194.77,Completed
7946,479,185,11,24,2025-05-01,14:42:00,3.93,17,116.18,Completed
7947,618,133,31,28,2025-04-19,00:06:00,12.11,48,186.77,Completed
7948,899,12,29,13,2025-11-12,03:01:00,5.59,30,145.86,Completed
7949,733,163,33,9,2025-09-04,14:32:00,11.18,56,187.85,Completed
7950,775,169,22,9,2025-04-03,18:17:00,3.08,16,77.15,Completed
7951,594,63,27,21,2025-09-25,20:41:00,3.1,14,83.39,Completed
7952,784,170,8,24,2025-04-13,23:58:00,4.24,28,142.68,Completed
7953,49,125,6,31,2025-04-22,16:34:00,6.13,37,192.61,Completed
7954,377,193,25,29,2025-11-17,01:59:00,4.41,26,145.25,Completed
7955,32,238,34,40,2025-10-31,21:38:00,16.02,65,255.39,Completed
7956,486,193,9,10,2025-12-10,00:14:00,15.52,63,309.31,Completed
7957,601,106,36,4,2025-03-03,12:00:00,8.93,52,247.28,Completed
7958,940,171,31,3,2025-10-27,15:25:00,19.85,83,420.64,Completed
7959,992,188,19,13,2025-05-16,22:32:00,8.11,31,159.16,Completed
7960,531,148,1,21,2025-02-24,04:40:00,4.2,25,159.67,Driver_Cancelled
7961,3,98,24,8,2025-04-18,14:04:00,7.07,23,179.73,Driver_Cancelled
7962,378,119,34,9,2025-10-30,06:24:00,5.52,32,130.06,Cancelled
7963,572,226,17,1,2025-09-15,11:23:00,21.26,92,379.1,Completed
7964,931,191,34,14,2025-09-10,19:31:00,10.96,54,221.03,Completed
7965,242,119,35,12,2025-08-10,21:08:00,17.79,90,395.96,Completed
7966,541,152,36,36,2025-06-16,17:58:00,4.19,14,119.01,Completed
7967,587,220,13,22,2025-06-09,13:24:00,6.78,34,164.56,Completed
7968,582,203,25,36,2025-06-15,02:36:00,4.36,24,121.98,Completed
7969,595,200,12,16,2025-07-24,14:25:00,21.37,96,420.62,Completed
7970,357,163,21,11,2025-09-24,11:40:00,6.61,31,139.38,Completed
7971,685,41,37,3,2025-05-18,16:59:00,1.99,18,103.67,No_Show
7972,923,122,38,34,2025-12-12,05:43:00,22.14,82,429.13,Completed
7973,197,16,1,25,2025-09-05,08:00:00,7.67,39,199.26,Driver_Cancelled
7974,858,122,6,26,2025-02-24,10:49:00,3.52,12,117.63,Completed
7975,419,80,11,3,2025-07-28,12:13:00,9.28,53,184.15,Completed
7976,659,106,16,20,2025-01-17,00:51:00,8.09,33,172.79,Completed
7977,273,6,22,31,2025-03-09,05:29:00,16.8,87,241.8,Completed
7978,502,20,11,1,2025-05-13,12:27:00,25.2,92,450.97,Completed
7979,35,184,37,26,2025-07-07,06:38:00,17.16,68,327.67,Completed
7980,625,244,26,25,2025-11-04,03:26:00,4.73,29,145.62,Completed
7981,461,244,26,11,2025-05-18,04:51:00,6.08,33,189.86,Completed
7982,718,203,21,16,2025-06-23,01:54:00,4.67,27,151.24,Completed
7983,670,136,26,20,2025-04-07,21:59:00,19,95,279.11,Completed
7984,253,212,15,38,2025-06-20,03:40:00,11.22,38,186.69,Completed
7985,634,224,39,2,2025-06-03,13:08:00,10.78,57,181.12,Driver_Cancelled
7986,512,97,35,29,2025-07-02,16:31:00,3.68,18,131.94,Completed
7987,48,6,11,7,2025-08-30,09:41:00,9.73,47,198.95,Completed
7988,185,220,9,40,2025-10-31,16:33:00,14.27,54,216.47,Completed
7989,491,8,23,25,2025-10-12,09:03:00,6.54,33,118.49,No_Show
7990,273,190,4,4,2025-01-27,10:17:00,2.6,20,90.34,Completed
7991,613,14,30,34,2025-12-26,17:39:00,3.29,21,100.96,Completed
7992,527,131,28,25,2025-03-01,02:57:00,21.41,83,378.74,Completed
7993,128,130,25,8,2025-07-21,16:47:00,20.22,96,272.45,Completed
7994,210,22,22,32,2025-09-07,18:15:00,23.57,115,414.46,Completed
7995,624,225,25,18,2025-12-28,21:05:00,16.62,79,323.7,Completed
7996,782,235,26,40,2025-03-10,12:52:00,5.67,35,142.63,Cancelled
7997,142,85,29,11,2025-01-21,19:29:00,17.73,78,286.21,Completed
7998,173,198,32,37,2025-06-01,03:10:00,6.18,30,160.81,Driver_Cancelled
7999,865,232,26,39,2025-04-12,05:38:00,7.75,36,192.75,Cancelled
8000,678,199,28,36,2025-04-05,11:02:00,12.64,57,221.75,Completed
8001,447,134,20,10,2025-12-27,12:44:00,7.42,31,146.55,Completed
8002,119,178,2,6,2025-08-17,00:54:00,5.73,30,116.38,Completed
8003,715,44,23,16,2025-05-05,18:55:00,8.06,34,148.2,No_Show
8004,11,8,39,25,2025-09-15,17:36:00,16.59,86,366.32,Completed
8005,761,24,5,34,2025-11-18,12:01:00,6.14,26,149.19,Completed
8006,304,27,21,31,2025-08-24,22:06:00,5.73,22,143.18,Completed
8007,760,181,22,8,2025-06-11,17:43:00,6.1,26,156.52,Driver_Cancelled
8008,154,51,11,17,2025-02-11,19:45:00,3.24,17,122.22,Cancelled
8009,323,156,30,14,2025-10-03,19:07:00,3.77,14,156.88,Completed
8010,537,187,28,30,2025-12-19,14:30:00,4.51,26,136.52,Completed
8011,977,248,36,18,2025-03-09,10:57:00,6.63,38,187.01,Completed
8012,445,69,17,36,2025-06-22,22:00:00,11.23,51,230.26,Completed
8013,342,211,21,21,2025-11-27,09:10:00,2.63,19,98.75,Driver_Cancelled
8014,221,201,37,31,2025-05-05,09:37:00,12.53,51,250.76,Completed
8015,110,25,36,33,2025-06-19,13:54:00,21.34,90,305.63,Completed
8016,410,44,25,23,2025-02-16,17:04:00,4.8,24,130.02,Completed
8017,418,175,24,38,2025-09-18,15:30:00,10.75,53,297.13,Completed
8018,602,119,30,5,2025-08-05,03:18:00,3.97,27,126.08,Completed
8019,505,109,35,15,2025-11-01,13:47:00,8.25,37,170.57,Completed
8020,777,120,21,30,2025-05-04,18:47:00,8.99,34,176.63,Completed
8021,40,13,6,16,2025-10-20,08:33:00,14.06,49,208.97,Completed
8022,509,181,21,40,2025-06-11,20:10:00,31.96,131,587.71,Completed
8023,459,53,8,29,2025-07-20,22:10:00,7.33,33,157.75,Completed
8024,263,37,5,28,2025-10-02,09:43:00,8.09,31,159.61,Completed
8025,670,191,40,6,2025-07-25,05:36:00,8.44,37,201.13,Completed
8026,118,194,10,5,2025-02-09,07:07:00,9.4,35,202.53,Completed
8027,450,115,31,38,2025-09-30,12:25:00,9.93,34,187.89,Completed
8028,768,40,30,25,2025-07-07,06:05:00,7.09,34,170.24,Completed
8029,414,78,21,28,2025-12-21,09:31:00,25.13,126,339.71,Completed
8030,708,189,36,1,2025-04-03,11:52:00,8.35,31,193.42,Completed
8031,826,95,27,14,2025-02-11,13:41:00,5.26,29,111.19,Cancelled
8032,823,134,38,19,2025-04-17,08:56:00,7.94,28,190.41,Completed
8033,526,25,35,31,2025-11-24,10:28:00,8.72,31,211.81,Completed
8034,461,103,32,15,2025-03-06,08:18:00,8.69,36,162.05,Completed
8035,118,46,26,19,2025-12-31,13:55:00,9.09,32,194.94,Completed
8036,217,159,4,38,2025-11-05,19:15:00,16.55,88,331.5,Completed
8037,717,102,27,32,2025-05-15,19:43:00,24.34,113,473.88,Completed
8038,77,208,36,31,2025-01-24,03:23:00,11.53,41,271.78,Completed
8039,421,191,37,37,2025-01-28,21:28:00,17.56,63,317.71,Completed
8040,892,91,27,26,2025-03-03,02:39:00,9.09,49,153.5,Completed
8041,172,94,6,25,2025-09-30,04:18:00,9.15,47,180.85,Cancelled
8042,390,68,18,40,2025-08-17,09:42:00,5.74,21,130.51,Completed
8043,26,39,26,8,2025-01-20,09:03:00,16.1,62,253.83,Driver_Cancelled
8044,128,80,24,4,2025-01-03,11:24:00,26.08,101,410.37,Completed
8045,374,164,7,31,2025-08-06,19:30:00,20.62,70,373.81,Completed
8046,654,135,14,32,2025-11-03,15:00:00,12.64,53,247.16,Completed
8047,904,85,13,34,2025-05-16,04:50:00,10.47,46,177.51,Completed
8048,24,66,26,3,2025-01-03,23:54:00,10.47,49,259.23,Completed
8049,470,55,2,26,2025-07-12,07:16:00,18.29,78,356.18,Completed
8050,744,72,23,4,2025-03-14,12:52:00,7.54,45,147.04,Completed
8051,423,42,28,2,2025-12-27,21:01:00,4.08,18,113.09,Completed
8052,177,155,1,19,2025-04-28,07:31:00,8.3,43,255.91,Completed
8053,853,130,32,23,2025-06-03,11:38:00,4.47,29,136.91,Completed
8054,747,70,12,25,2025-07-28,23:07:00,8.67,37,134.79,Cancelled
8055,831,132,35,7,2025-02-03,21:56:00,4.61,15,170.91,Completed
8056,538,21,26,8,2025-05-17,18:54:00,13.33,62,263.99,Driver_Cancelled
8057,266,1,31,3,2025-11-14,10:49:00,6.58,25,158.67,Completed
8058,973,166,12,23,2025-04-30,15:47:00,6.46,30,159.08,Driver_Cancelled
8059,874,60,29,33,2025-04-25,23:41:00,11.76,49,326.7,Completed
8060,629,76,5,28,2025-01-13,19:18:00,4.87,15,140.62,Completed
8061,570,91,35,22,2025-03-10,20:56:00,5.03,29,131.52,Completed
8062,270,142,7,35,2025-11-29,19:46:00,8.31,44,153.52,Completed
8063,329,207,16,34,2025-09-14,16:57:00,14.97,79,243.92,Completed
8064,455,88,32,30,2025-03-30,06:40:00,2.54,20,99.41,Completed
8065,295,82,17,36,2025-02-16,12:34:00,14.14,62,313.3,Driver_Cancelled
8066,122,17,21,14,2025-09-17,20:28:00,7.32,35,171.61,Completed
8067,159,73,27,9,2025-08-16,08:02:00,9.95,45,171.82,Completed
8068,178,175,40,22,2025-06-29,07:01:00,11.5,46,211.26,Completed
8069,656,210,15,28,2025-01-10,01:50:00,3.69,22,92.63,Completed
8070,328,56,23,14,2025-10-11,14:31:00,13.13,49,258.78,Completed
8071,880,127,8,15,2025-05-06,09:14:00,24.86,84,470.88,Completed
8072,307,53,25,37,2025-05-14,01:40:00,7.47,25,196.82,No_Show
8073,911,128,11,24,2025-06-04,08:20:00,10.43,56,225.83,Completed
8074,89,146,21,34,2025-09-05,14:52:00,10.84,55,198.83,Completed
8075,751,197,10,3,2025-05-20,15:12:00,3.28,17,115.03,Completed
8076,38,48,9,23,2025-11-14,04:21:00,16.55,65,235.72,No_Show
8077,873,137,1,20,2025-06-25,03:53:00,3.16,21,87.75,Completed
8078,591,54,22,15,2025-11-19,06:55:00,11.58,58,185.28,Driver_Cancelled
8079,857,163,6,16,2025-06-23,02:30:00,8.41,34,180.67,Completed
8080,839,236,30,7,2025-03-15,17:12:00,12.53,58,171.93,Completed
8081,346,248,34,33,2025-12-17,16:21:00,3.52,17,167.26,Completed
8082,252,174,13,19,2025-05-23,01:07:00,6.28,27,167.27,Completed
8083,840,1,22,18,2025-10-19,12:59:00,2.42,14,113.45,Completed
8084,978,41,6,18,2025-04-22,07:30:00,6,26,152.13,Completed
8085,149,73,24,3,2025-07-25,21:26:00,5.92,28,193.35,Completed
8086,16,160,21,3,2025-05-11,02:24:00,7.39,38,130.65,Cancelled
8087,367,212,39,36,2025-04-20,23:36:00,15.95,69,219.14,Cancelled
8088,835,77,23,16,2025-03-08,04:17:00,13.28,49,232.25,Cancelled
8089,833,40,5,23,2025-03-27,05:31:00,1.88,9,95.73,Cancelled
8090,781,139,7,23,2025-10-02,22:43:00,6.41,25,123.22,Completed
8091,118,190,3,15,2025-08-15,03:36:00,3.65,20,131.84,Completed
8092,704,174,13,9,2025-11-21,22:18:00,2.45,15,127.25,Cancelled
8093,317,48,12,40,2025-01-10,09:57:00,8.07,41,160.23,Completed
8094,288,43,6,38,2025-12-21,12:05:00,5.15,24,176.73,Completed
8095,908,179,34,18,2025-10-15,06:04:00,14.72,74,250.71,Completed
8096,351,189,15,38,2025-04-22,08:25:00,13.31,52,268.4,Completed
8097,297,246,18,6,2025-01-24,18:18:00,8.82,43,178.17,Completed
8098,194,42,3,37,2025-10-18,04:59:00,10.42,36,247.16,Completed
8099,392,154,22,6,2025-12-05,04:06:00,20.37,101,276.46,Completed
8100,443,104,35,21,2025-11-22,23:28:00,9.12,45,155.03,No_Show
8101,281,11,28,30,2025-06-17,05:05:00,10.06,40,223.08,Completed
8102,901,25,12,28,2025-04-19,23:04:00,8.56,44,203.72,Cancelled
8103,301,40,1,20,2025-07-09,09:56:00,9.22,47,147.01,Completed
8104,898,25,36,19,2025-12-21,00:10:00,3.83,16,98.02,Cancelled
8105,426,84,30,14,2025-07-15,14:46:00,11.53,63,225.6,Completed
8106,250,106,23,1,2025-02-02,21:48:00,6.63,24,157.62,Completed
8107,934,241,37,27,2025-07-24,19:03:00,16.15,62,309.65,No_Show
8108,743,119,28,32,2025-11-08,12:53:00,4.14,19,110.3,Completed
8109,515,203,5,29,2025-07-01,03:32:00,6.81,39,175.46,Driver_Cancelled
8110,686,108,36,31,2025-05-27,12:24:00,4.29,24,131.21,Completed
8111,752,74,10,25,2025-09-25,22:28:00,3.39,20,115.67,Completed
8112,998,180,5,7,2025-01-11,08:41:00,10.22,51,255.74,Completed
8113,406,113,14,39,2025-03-11,14:14:00,13.86,49,265.37,Completed
8114,616,131,24,16,2025-09-13,00:00:00,11.34,51,184.12,Completed
8115,801,39,28,11,2025-08-07,03:20:00,7.1,30,170.39,No_Show
8116,244,91,21,18,2025-10-24,05:14:00,6.21,27,224,No_Show
8117,800,163,40,5,2025-12-28,21:09:00,2.62,16,96.99,No_Show
8118,367,241,12,2,2025-09-16,07:45:00,3.77,25,98.51,Completed
8119,785,247,20,10,2025-01-03,21:16:00,9.35,54,167.13,No_Show
8120,120,168,32,26,2025-03-25,21:24:00,3.24,14,101.59,Completed
8121,850,223,38,24,2025-06-05,11:00:00,7.05,35,145.25,Cancelled
8122,440,213,40,26,2025-05-31,19:29:00,25.09,90,438.13,Completed
8123,771,22,21,16,2025-06-25,11:18:00,8.6,35,200.64,Completed
8124,504,190,17,25,2025-07-14,23:00:00,6.14,29,137.33,No_Show
8125,582,19,1,38,2025-04-17,18:48:00,14.49,52,278.6,Driver_Cancelled
8126,433,14,28,6,2025-05-14,03:55:00,21.97,106,312.35,Completed
8127,183,229,2,12,2025-10-03,18:05:00,20.81,68,413.36,Cancelled
8128,461,243,17,9,2025-12-18,12:42:00,9.01,44,153.11,Completed
8129,759,109,39,8,2025-06-04,13:54:00,15.31,60,271.14,Completed
8130,118,178,14,31,2025-10-04,00:31:00,8.84,34,156.71,Completed
8131,31,190,14,32,2025-08-24,03:50:00,5.15,26,166.38,Completed
8132,977,215,18,7,2025-08-28,04:35:00,2.46,11,106.84,Completed
8133,149,218,40,32,2025-01-13,09:44:00,5.22,22,128.98,Completed
8134,528,43,34,25,2025-12-08,10:57:00,5.7,29,133.8,Completed
8135,273,55,1,33,2025-02-04,04:33:00,6.23,29,149.47,Completed
8136,864,236,18,28,2025-02-16,19:04:00,4.23,12,105.39,Completed
8137,385,168,34,11,2025-08-02,17:32:00,6.84,34,181.81,Completed
8138,880,12,23,31,2025-05-26,10:41:00,5.3,28,139.76,Completed
8139,102,193,16,10,2025-06-08,09:06:00,15.88,61,311.21,Completed
8140,72,242,19,2,2025-05-05,22:13:00,6.82,35,153.22,Completed
8141,705,162,37,4,2025-04-20,19:33:00,11.27,52,202.4,Completed
8142,834,108,6,22,2025-02-06,19:31:00,5.28,24,121.79,Completed
8143,623,83,24,28,2025-10-04,08:26:00,11.38,56,241.74,Completed
8144,805,23,17,10,2025-01-14,11:22:00,9.92,52,207.29,Cancelled
8145,408,199,16,2,2025-12-13,19:11:00,7.77,32,160.99,Completed
8146,347,135,39,31,2025-08-20,11:43:00,4.86,20,142.25,Completed
8147,852,193,6,23,2025-11-12,12:29:00,3.14,19,87.2,Completed
8148,367,146,16,16,2025-05-04,20:23:00,6.49,37,155.39,Completed
8149,830,136,9,9,2025-10-06,10:06:00,10.98,44,261.86,Cancelled
8150,789,89,29,6,2025-04-21,00:03:00,16.9,78,301.55,Completed
8151,618,42,4,25,2025-05-04,01:07:00,6.28,36,159.95,Completed
8152,549,93,26,4,2025-01-30,22:30:00,3.05,19,124.01,Completed
8153,291,215,38,12,2025-04-25,15:26:00,11.74,64,271.55,Completed
8154,422,93,26,24,2025-03-31,15:24:00,7.75,31,168.66,Completed
8155,181,1,14,27,2025-07-31,23:34:00,5.81,32,160.17,Cancelled
8156,655,79,35,3,2025-02-07,08:33:00,11.02,49,237.23,No_Show
8157,114,143,24,12,2025-03-24,21:57:00,7.77,39,171.58,Completed
8158,238,156,8,30,2025-01-27,03:04:00,8.61,48,146.84,Cancelled
8159,938,164,40,12,2025-08-05,19:13:00,17.47,72,256.38,Completed
8160,94,106,25,40,2025-12-26,03:03:00,6.02,36,124.06,No_Show
8161,260,232,4,22,2025-08-03,02:55:00,7.5,43,169.72,Cancelled
8162,107,224,15,15,2025-08-09,17:41:00,19.15,67,368.13,Completed
8163,244,46,16,28,2025-01-15,11:26:00,12.98,65,272.91,Completed
8164,423,205,11,17,2025-09-16,06:21:00,14.18,69,261.52,Completed
8165,335,21,28,25,2025-09-23,12:53:00,14.92,52,287.87,Completed
8166,23,177,7,3,2025-04-30,13:02:00,5.42,26,157.11,Completed
8167,873,167,38,36,2025-05-08,19:20:00,8.49,38,186.41,Driver_Cancelled
8168,271,38,24,31,2025-07-30,21:36:00,4.56,17,119.65,Driver_Cancelled
8169,986,9,31,15,2025-01-11,03:06:00,14.78,74,274.33,Cancelled
8170,140,20,4,28,2025-06-25,16:06:00,7.55,41,187.36,No_Show
8171,466,84,37,31,2025-05-13,14:39:00,10.24,42,161.34,Cancelled
8172,454,8,35,20,2025-11-21,00:44:00,12.12,46,249.37,Completed
8173,384,14,6,21,2025-11-16,12:52:00,1.98,11,85.02,Completed
8174,594,62,33,27,2025-01-14,18:28:00,9.51,43,189.28,Completed
8175,377,212,32,19,2025-02-19,18:44:00,19.75,89,328.02,Completed
8176,438,163,38,36,2025-03-13,06:44:00,1.33,6,78.07,Completed
8177,856,55,35,12,2025-03-10,16:20:00,15.96,81,323.59,Completed
8178,422,45,17,35,2025-01-16,05:44:00,12,61,210.1,Cancelled
8179,156,149,32,33,2025-11-30,00:36:00,10.57,43,228.53,Cancelled
8180,335,233,14,36,2025-12-23,11:19:00,6.82,28,134.94,Completed
8181,531,53,19,23,2025-02-25,12:05:00,6.12,30,171.86,Driver_Cancelled
8182,581,233,24,13,2025-04-15,13:30:00,10.47,41,204.59,Completed
8183,960,182,39,30,2025-05-12,13:57:00,4.81,20,110.49,Driver_Cancelled
8184,132,86,11,10,2025-02-17,11:44:00,4,20,108.2,Completed
8185,768,171,7,20,2025-09-05,11:06:00,22.78,114,494.86,Completed
8186,721,6,24,6,2025-09-30,06:34:00,15.42,53,263.68,Driver_Cancelled
8187,501,183,24,31,2025-04-21,03:26:00,10.51,38,215.48,Completed
8188,522,44,14,19,2025-11-22,16:01:00,7.13,31,147.3,Completed
8189,140,91,24,3,2025-12-02,07:34:00,5.83,24,118.11,Completed
8190,965,196,11,10,2025-12-15,13:28:00,8.19,43,170.88,Completed
8191,135,4,8,10,2025-02-07,09:22:00,10.38,42,168.97,No_Show
8192,767,121,15,21,2025-12-23,21:28:00,7.84,40,173.8,Completed
8193,812,63,2,2,2025-08-28,04:45:00,3.64,15,111.78,Driver_Cancelled
8194,407,92,24,39,2025-11-14,15:33:00,8.2,27,204.68,Completed
8195,770,247,10,30,2025-05-01,05:17:00,2.52,12,93.13,Completed
8196,94,219,32,28,2025-02-17,15:27:00,14.22,75,256.19,Completed
8197,884,186,17,18,2025-01-10,23:29:00,11.57,63,204.71,Completed
8198,241,182,10,14,2025-08-21,21:28:00,14.67,76,241.14,Completed
8199,749,81,22,19,2025-02-05,17:21:00,4.06,25,124.04,Completed
8200,165,231,6,40,2025-01-04,14:40:00,10.59,51,235.38,Completed
8201,325,38,27,36,2025-02-13,05:02:00,6.21,25,127.75,Completed
8202,660,188,20,12,2025-02-25,08:35:00,11.86,60,259.48,Completed
8203,218,52,1,20,2025-02-11,16:36:00,11.38,50,234.52,Completed
8204,940,157,17,34,2025-09-12,15:58:00,17.54,74,276.76,Completed
8205,620,168,1,36,2025-08-16,01:24:00,11.36,45,230.49,Completed
8206,231,199,37,21,2025-04-24,02:22:00,6.48,34,133,Completed
8207,582,8,15,19,2025-08-25,04:00:00,7.47,33,206.83,Completed
8208,733,105,1,35,2025-06-23,21:36:00,25.28,121,458.78,Completed
8209,586,225,17,8,2025-09-12,15:20:00,15.95,59,308.74,Completed
8210,179,224,38,22,2025-10-04,18:29:00,15.45,57,273.94,Completed
8211,80,163,2,38,2025-12-01,07:45:00,7.53,34,209.33,Completed
8212,354,210,18,18,2025-03-10,21:31:00,18.84,71,237.08,Driver_Cancelled
8213,671,115,12,8,2025-11-22,14:46:00,20.1,95,395.61,Cancelled
8214,868,123,29,2,2025-08-18,12:23:00,1.64,10,67.28,Completed
8215,681,235,23,20,2025-03-08,15:47:00,7.95,37,190.98,Completed
8216,826,16,9,5,2025-10-31,00:36:00,4.37,17,138.33,Completed
8217,901,18,8,30,2025-02-05,18:26:00,3.35,20,101.75,Cancelled
8218,161,187,16,18,2025-06-08,03:37:00,7.66,33,239.42,Completed
8219,427,230,23,23,2025-05-29,06:34:00,9.99,36,194.77,Cancelled
8220,403,217,29,2,2025-01-27,17:15:00,9.56,41,230.69,Completed
8221,32,34,10,37,2025-03-13,03:03:00,16.63,84,241.34,Completed
8222,121,132,12,32,2025-09-05,02:29:00,24.74,128,473.93,Completed
8223,727,197,12,1,2025-04-11,13:17:00,14.05,66,269.16,Completed
8224,515,245,30,39,2025-07-09,06:05:00,29.29,137,557.25,Completed
8225,385,127,10,1,2025-04-06,06:45:00,12.15,49,265.74,Completed
8226,740,206,14,31,2025-10-09,19:40:00,15.02,64,241.61,Cancelled
8227,425,193,4,39,2025-11-18,17:47:00,9.11,47,229.46,Cancelled
8228,476,61,20,8,2025-10-05,06:14:00,4.95,26,127.79,Completed
8229,560,214,39,3,2025-01-17,07:06:00,25.36,94,488.32,Completed
8230,167,46,7,12,2025-09-20,22:38:00,3.77,17,114.09,Completed
8231,389,149,30,34,2025-04-17,19:36:00,11.61,42,195.71,Completed
8232,333,77,24,25,2025-03-09,06:25:00,4.89,20,118.57,Driver_Cancelled
8233,523,246,10,36,2025-05-08,19:38:00,10.99,51,180.4,Completed
8234,750,240,38,7,2025-10-20,05:00:00,19.74,101,376.66,Completed
8235,790,228,36,15,2025-10-21,21:45:00,2.51,13,113.13,Driver_Cancelled
8236,753,221,17,21,2025-04-06,08:25:00,6.93,29,190.2,No_Show
8237,471,123,21,25,2025-01-01,19:49:00,7.61,35,194.62,Completed
8238,704,166,3,38,2025-10-25,22:54:00,16.85,66,257.79,Completed
8239,524,73,1,37,2025-06-29,22:29:00,9.79,42,218.06,Completed
8240,53,225,18,16,2025-06-30,08:22:00,6.97,27,178.16,Completed
8241,567,86,2,1,2025-08-23,06:33:00,15.19,67,251.5,No_Show
8242,821,81,40,37,2025-11-15,01:47:00,9.36,47,247.74,Completed
8243,21,188,4,14,2025-12-03,21:45:00,5.26,23,180.07,Completed
8244,19,215,32,34,2025-01-08,23:02:00,3.49,27,107.82,Completed
8245,965,164,19,2,2025-01-27,14:59:00,5.21,25,138.67,Driver_Cancelled
8246,856,134,20,31,2025-11-04,17:18:00,3.94,19,112.5,Cancelled
8247,862,240,7,19,2025-05-26,07:57:00,9.54,37,237.89,No_Show
8248,456,167,9,19,2025-04-01,20:30:00,11.83,60,247.86,Completed
8249,322,157,7,23,2025-12-08,21:50:00,10.47,39,253.53,Cancelled
8250,827,155,27,30,2025-09-29,16:38:00,2.35,14,68.7,Completed
8251,433,69,21,17,2025-11-18,07:44:00,24.65,111,469.88,Completed
8252,994,137,35,2,2025-01-05,16:12:00,14.02,51,205.57,Completed
8253,59,152,24,11,2025-03-23,10:28:00,8.29,34,213.21,Cancelled
8254,151,191,32,14,2025-08-07,16:52:00,9.26,42,204.93,No_Show
8255,771,147,12,29,2025-04-28,07:09:00,19.92,73,419.18,Completed
8256,440,97,23,19,2025-03-22,10:16:00,7.62,30,170.33,Completed
8257,884,123,36,28,2025-03-11,22:30:00,5.78,27,150.63,Cancelled
8258,58,158,29,1,2025-04-25,20:51:00,8.9,40,201.95,Completed
8259,728,186,3,5,2025-09-20,21:40:00,10.5,36,296.08,No_Show
8260,574,168,8,34,2025-11-02,16:27:00,10.14,54,188.4,Completed
8261,658,244,34,14,2025-05-22,03:56:00,9.68,42,242.9,Completed
8262,957,119,14,19,2025-07-26,19:07:00,6.49,31,195.67,Completed
8263,894,196,36,24,2025-04-21,13:29:00,11.94,43,217.09,Completed
8264,751,247,32,40,2025-10-30,13:38:00,9.13,51,179.4,Completed
8265,293,32,7,17,2025-04-22,02:28:00,7.03,33,159.4,Completed
8266,182,113,10,2,2025-02-12,21:54:00,23.29,109,416.34,Completed
8267,881,65,12,31,2025-12-13,20:53:00,3.89,22,148.16,Completed
8268,607,162,40,17,2025-10-12,21:12:00,4.05,17,135.78,No_Show
8269,78,85,23,8,2025-05-08,09:55:00,13.5,65,262.98,Completed
8270,961,159,11,17,2025-07-04,23:26:00,4.48,26,166.67,Completed
8271,654,59,13,38,2025-08-17,19:02:00,11.71,50,319.14,Driver_Cancelled
8272,105,206,12,26,2025-08-09,06:25:00,19.39,68,319.09,Completed
8273,261,26,7,40,2025-12-18,15:27:00,20.76,67,383.5,Completed
8274,607,150,10,40,2025-04-27,02:54:00,7.06,36,154.8,Completed
8275,223,162,7,7,2025-03-11,06:43:00,7.12,32,155.85,Cancelled
8276,990,225,27,24,2025-03-11,00:09:00,8.65,37,166.79,Cancelled
8277,484,121,7,30,2025-04-20,12:44:00,2.13,10,82.16,Completed
8278,702,13,24,26,2025-05-12,19:18:00,2.7,22,78.03,Driver_Cancelled
8279,129,224,23,30,2025-02-25,07:15:00,3.42,19,132.98,Completed
8280,319,55,25,35,2025-03-30,07:41:00,6.59,34,118.26,Completed
8281,707,136,36,2,2025-05-17,02:28:00,6.96,42,115.32,Driver_Cancelled
8282,509,190,33,4,2025-05-11,11:32:00,6.42,29,184.34,Completed
8283,20,150,37,5,2025-08-06,20:25:00,6.92,29,128.32,Driver_Cancelled
8284,811,233,39,2,2025-06-25,12:57:00,18.06,86,276.75,Completed
8285,752,56,7,31,2025-06-20,21:20:00,14.7,65,300.24,Completed
8286,235,84,30,27,2025-04-10,16:37:00,8.18,32,137.07,Driver_Cancelled
8287,597,149,31,24,2025-05-09,13:55:00,6.56,26,226.53,Completed
8288,606,98,37,4,2025-02-26,01:24:00,7.66,29,157.33,Driver_Cancelled
8289,554,177,21,28,2025-06-30,18:15:00,13.67,58,205.07,No_Show
8290,876,94,34,5,2025-09-03,06:58:00,4.56,16,171.1,Driver_Cancelled
8291,350,134,21,27,2025-05-24,17:38:00,17.41,82,345.39,Completed
8292,453,35,40,5,2025-02-20,20:01:00,27.75,111,386.28,Completed
8293,586,155,20,5,2025-08-06,09:41:00,22.82,112,384.87,Cancelled
8294,984,212,34,9,2025-04-14,08:21:00,7.03,33,180.43,Completed
8295,877,126,8,27,2025-02-24,11:01:00,5.17,29,157.59,Completed
8296,509,113,32,4,2025-09-14,16:58:00,1.94,9,76.63,No_Show
8297,627,230,30,24,2025-12-12,07:10:00,7.7,39,182.6,Completed
8298,423,168,29,27,2025-06-05,23:16:00,2.49,17,115.28,No_Show
8299,190,14,5,1,2025-02-22,12:40:00,7,44,126.16,Completed
8300,944,74,30,32,2025-11-25,23:27:00,5.48,29,145.55,Completed
8301,125,52,12,16,2025-07-06,20:03:00,25.39,108,334.34,Completed
8302,6,106,39,23,2025-12-30,08:26:00,5.4,34,119.74,Completed
8303,458,207,27,28,2025-05-30,04:45:00,13.53,50,362.16,Cancelled
8304,891,40,13,20,2025-09-21,13:01:00,14.03,48,279.02,Completed
8305,554,43,10,17,2025-09-07,11:42:00,5.4,26,110.95,No_Show
8306,570,112,36,36,2025-10-25,21:35:00,2.35,15,102.45,Completed
8307,939,186,31,8,2025-07-30,08:54:00,13.94,77,259.25,Completed
8308,522,3,16,18,2025-01-25,05:37:00,6.58,36,173.14,Completed
8309,89,143,39,13,2025-10-21,11:35:00,18.77,96,366,Completed
8310,846,173,36,9,2025-12-07,21:04:00,12.06,67,253.75,Completed
8311,111,95,26,37,2025-06-01,15:27:00,7.45,34,168.57,Completed
8312,551,139,20,30,2025-01-24,01:08:00,9.28,35,219.02,Completed
8313,397,238,34,28,2025-09-09,11:13:00,6.56,30,163.36,Completed
8314,971,167,37,18,2025-03-01,20:20:00,4.41,19,127.79,Completed
8315,679,19,8,20,2025-03-07,01:57:00,12.14,47,238.81,Cancelled
8316,11,207,4,36,2025-02-22,07:55:00,16.24,79,221.89,Completed
8317,622,230,29,19,2025-04-16,03:59:00,11.51,41,188.67,Completed
8318,497,148,31,5,2025-04-06,02:11:00,14.49,50,307.22,Completed
8319,16,214,2,34,2025-06-25,16:52:00,7,33,178.68,Completed
8320,33,199,25,17,2025-02-08,16:50:00,4.71,26,135.33,Completed
8321,745,56,38,28,2025-06-17,08:46:00,4.59,27,146.72,Completed
8322,489,78,3,36,2025-02-11,04:40:00,10.37,42,219.04,Driver_Cancelled
8323,188,118,5,38,2025-04-14,17:14:00,6.79,34,133.05,Driver_Cancelled
8324,736,132,22,30,2025-11-29,13:46:00,23.29,85,306.26,Completed
8325,571,9,16,18,2025-07-23,22:27:00,6.88,39,143.16,No_Show
8326,458,231,9,6,2025-01-08,15:10:00,46.83,235,845.92,Completed
8327,51,153,9,26,2025-10-09,01:19:00,12.85,68,209.24,Completed
8328,271,175,12,15,2025-02-12,07:26:00,1.96,11,69.17,Completed
8329,464,227,4,1,2025-04-20,20:31:00,1.54,10,61.88,Completed
8330,43,229,18,17,2025-07-29,00:56:00,6.11,34,185.76,Completed
8331,539,49,18,31,2025-08-25,10:48:00,19.4,94,328.48,Completed
8332,568,155,33,2,2025-12-22,13:56:00,9.59,43,189.12,Cancelled
8333,121,28,3,36,2025-11-15,15:48:00,5.27,28,164.8,Completed
8334,625,216,38,35,2025-02-18,04:55:00,13.57,64,333.46,Completed
8335,316,225,17,27,2025-04-25,07:49:00,22.93,86,472.89,Completed
8336,115,225,12,3,2025-06-04,09:12:00,15.01,59,267.43,Driver_Cancelled
8337,621,190,11,20,2025-05-17,16:03:00,11.85,56,239.55,Completed
8338,992,16,17,8,2025-06-16,18:47:00,3.33,13,89.14,Completed
8339,454,87,35,29,2025-11-17,23:59:00,6.14,24,119.65,Completed
8340,687,174,6,8,2025-07-18,16:13:00,12.08,61,192.21,Completed
8341,624,203,35,27,2025-03-12,00:05:00,13,45,274.75,Completed
8342,612,174,6,26,2025-01-07,21:02:00,6.76,37,172.75,Completed
8343,520,168,32,39,2025-07-19,09:29:00,5.55,26,131.85,Completed
8344,959,83,11,10,2025-12-02,14:41:00,2.6,23,84.44,Completed
8345,985,34,39,30,2025-03-08,15:11:00,8.8,39,137.59,Completed
8346,647,215,13,33,2025-05-18,05:05:00,13.81,59,340.68,Completed
8347,763,138,13,36,2025-08-30,01:24:00,13.48,57,256.41,Completed
8348,337,229,39,20,2025-08-01,00:59:00,2.21,17,71.61,Completed
8349,240,239,34,4,2025-06-30,07:26:00,13.46,43,232.51,Completed
8350,734,1,3,23,2025-09-11,03:51:00,21.58,99,288.8,Driver_Cancelled
8351,386,66,32,29,2025-04-11,10:34:00,8.23,37,139.39,Completed
8352,145,115,4,32,2025-12-17,09:48:00,14.84,78,240.5,Completed
8353,377,214,40,37,2025-03-28,19:34:00,8.17,39,189.01,Completed
8354,4,145,1,37,2025-07-04,22:59:00,3.87,18,124.07,Cancelled
8355,794,47,9,26,2025-04-01,08:06:00,5.99,36,139.57,Cancelled
8356,846,24,7,5,2025-09-05,11:19:00,12.33,58,247.76,Completed
8357,328,178,27,24,2025-08-02,13:42:00,14.05,63,239.18,Completed
8358,197,213,3,2,2025-12-25,04:09:00,4.51,21,124.78,Completed
8359,389,104,22,15,2025-09-06,02:10:00,22.4,104,473.67,Completed
8360,640,29,16,40,2025-05-06,10:59:00,23.34,76,438.62,No_Show
8361,261,245,8,8,2025-01-04,09:40:00,4.47,23,114.78,Completed
8362,603,206,5,37,2025-03-29,11:06:00,17.27,76,256.55,Completed
8363,837,72,30,37,2025-05-31,03:15:00,12.06,47,245.07,Completed
8364,771,222,28,14,2025-06-25,00:02:00,6.92,41,140.91,Completed
8365,934,86,27,5,2025-07-30,07:24:00,3.47,16,94.32,Cancelled
8366,94,215,22,9,2025-09-16,06:22:00,23.49,122,345.83,Completed
8367,257,104,30,22,2025-04-01,15:27:00,8.49,47,204.65,No_Show
8368,136,243,37,30,2025-09-16,19:51:00,2.61,20,81.95,Completed
8369,525,141,7,33,2025-07-10,02:20:00,20.77,78,372.76,Completed
8370,980,192,30,38,2025-03-22,10:03:00,11.32,52,228.06,Completed
8371,710,156,13,37,2025-05-18,06:55:00,5.19,23,117.96,Completed
8372,498,222,22,38,2025-12-16,15:50:00,9.19,49,205,Completed
8373,178,133,11,7,2025-05-06,16:42:00,15.03,56,332.54,Completed
8374,112,74,5,3,2025-12-22,20:44:00,6.63,30,170.84,Completed
8375,264,231,22,40,2025-11-05,10:42:00,6.25,34,155.38,Completed
8376,414,137,15,32,2025-12-09,17:07:00,5.48,27,111.53,Completed
8377,369,142,39,36,2025-08-18,11:49:00,5.03,30,137.32,Completed
8378,936,102,37,19,2025-12-11,19:29:00,10.07,51,179.7,Completed
8379,591,138,31,31,2025-11-06,10:35:00,2.04,21,75.72,Driver_Cancelled
8380,378,161,29,30,2025-01-20,00:59:00,6.85,29,185.06,Completed
8381,768,75,39,37,2025-02-18,22:30:00,12,47,266.84,Completed
8382,586,40,17,25,2025-05-15,13:31:00,2.85,13,162.26,Completed
8383,383,134,6,13,2025-01-29,17:36:00,14.58,70,319.48,Completed
8384,673,17,17,12,2025-02-17,02:35:00,17.53,75,257.59,Completed
8385,511,164,34,9,2025-09-26,13:49:00,15.27,52,271.47,Driver_Cancelled
8386,713,70,23,40,2025-01-03,06:35:00,19.97,99,316.5,Completed
8387,881,61,30,9,2025-09-15,02:58:00,9.14,50,139.08,Completed
8388,820,111,13,27,2025-01-16,07:37:00,5.18,25,132.8,Completed
8389,377,202,30,31,2025-04-04,19:51:00,20.1,78,413.66,Completed
8390,545,177,20,6,2025-12-24,06:33:00,7.19,28,144.48,Completed
8391,73,234,6,29,2025-05-14,10:29:00,5.95,20,124.39,Driver_Cancelled
8392,974,197,31,30,2025-10-28,01:26:00,7.57,38,163.23,Completed
8393,504,83,19,38,2025-11-23,06:50:00,4.08,19,137.16,No_Show
8394,352,199,6,11,2025-05-13,06:07:00,5.77,20,157.71,Completed
8395,805,24,34,6,2025-11-08,02:33:00,8.9,34,181.85,Completed
8396,710,51,28,39,2025-02-01,19:14:00,20.78,96,313.85,Completed
8397,325,170,13,31,2025-11-01,09:52:00,8.23,36,155.78,Completed
8398,388,147,10,35,2025-09-26,22:28:00,13.79,51,289.49,No_Show
8399,828,62,7,12,2025-01-25,16:06:00,4.91,31,123.5,Completed
8400,240,203,18,6,2025-11-12,05:03:00,19.47,73,268.86,Driver_Cancelled
8401,976,67,22,26,2025-02-28,12:40:00,30.59,104,492.57,Completed
8402,74,30,14,37,2025-08-01,12:46:00,21.1,85,431.03,Completed
8403,31,107,36,32,2025-06-05,03:34:00,15.05,77,309.48,Driver_Cancelled
8404,479,166,8,4,2025-11-10,02:47:00,3.83,20,108.44,Completed
8405,14,134,12,40,2025-10-03,20:07:00,7.05,36,231.83,Cancelled
8406,717,111,40,3,2025-07-29,22:22:00,2.26,11,94.01,Completed
8407,316,227,33,2,2025-02-26,19:49:00,6.67,39,152.36,Cancelled
8408,68,150,24,20,2025-07-04,05:30:00,10.91,38,201.23,Completed
8409,640,121,39,19,2025-02-23,19:47:00,14.76,70,199.9,Completed
8410,538,11,14,39,2025-07-28,19:25:00,7.92,34,174.46,Completed
8411,920,72,5,12,2025-12-08,08:15:00,13.23,52,199.54,Completed
8412,696,91,19,36,2025-10-20,08:42:00,10.94,43,256.45,Completed
8413,649,29,3,28,2025-12-06,10:49:00,5.51,34,129.44,Completed
8414,291,119,1,9,2025-10-31,10:54:00,5.02,26,126.79,Completed
8415,618,119,40,11,2025-09-09,03:20:00,14.97,49,288.06,Completed
8416,975,8,37,30,2025-10-31,05:12:00,11.78,57,242.95,Completed
8417,24,215,33,2,2025-04-22,17:53:00,8.1,40,180.07,Completed
8418,415,221,17,38,2025-01-06,05:50:00,2.93,16,100.04,Completed
8419,851,80,9,38,2025-07-10,10:04:00,16.88,81,337.08,Completed
8420,962,163,31,33,2025-11-30,23:10:00,4.93,29,152.75,Completed
8421,706,72,35,7,2025-10-06,16:45:00,12.37,64,226.49,Completed
8422,681,200,3,21,2025-12-06,23:51:00,6.84,31,192.04,Completed
8423,36,173,13,12,2025-01-13,10:00:00,8.64,51,178.57,Driver_Cancelled
8424,101,33,37,21,2025-10-30,10:09:00,12.22,57,215.76,Completed
8425,546,234,38,23,2025-02-13,17:17:00,1.97,11,95.54,Completed
8426,889,5,14,6,2025-04-15,10:13:00,5.41,27,142.56,Completed
8427,39,190,6,14,2025-06-09,06:39:00,11.48,52,258.56,Completed
8428,211,165,29,32,2025-06-03,04:41:00,5.61,29,150.77,Cancelled
8429,742,145,9,13,2025-08-30,05:05:00,22.9,116,314.76,Cancelled
8430,791,22,36,27,2025-06-30,13:57:00,14.1,59,292.5,Completed
8431,592,78,23,11,2025-01-14,19:56:00,7.2,28,204.73,Completed
8432,750,230,15,32,2025-06-29,18:41:00,13.18,67,224.38,Completed
8433,172,160,7,3,2025-10-19,00:22:00,10.78,52,212.58,Completed
8434,838,14,25,2,2025-09-21,06:26:00,14.8,59,307.65,Cancelled
8435,442,236,37,30,2025-06-17,13:01:00,6.23,30,144.85,Completed
8436,59,148,23,2,2025-08-02,11:16:00,1.87,14,74.78,Completed
8437,410,150,11,39,2025-05-30,18:24:00,3.38,16,95.82,Completed
8438,534,30,8,29,2025-01-16,16:28:00,8.54,40,169.2,Completed
8439,365,182,36,22,2025-04-01,23:01:00,11.26,61,224.84,Completed
8440,367,161,39,25,2025-04-30,06:10:00,7.86,33,183.19,Driver_Cancelled
8441,344,5,1,19,2025-09-10,17:12:00,6.17,28,122.94,Completed
8442,750,18,13,16,2025-03-01,11:56:00,17.77,77,381.07,Cancelled
8443,296,63,16,17,2025-09-23,14:51:00,5.6,27,150.13,Completed
8444,341,174,13,27,2025-01-31,08:14:00,3.59,18,102.87,Completed
8445,606,135,37,19,2025-01-21,08:03:00,6.64,39,157.91,Completed
8446,756,157,14,30,2025-08-07,16:08:00,9.77,36,206.46,Completed
8447,523,57,13,14,2025-03-22,07:56:00,18.35,87,245.89,Cancelled
8448,629,175,12,32,2025-10-16,02:33:00,26.8,105,462.27,Completed
8449,265,9,28,23,2025-01-31,19:33:00,8.24,35,138.98,Completed
8450,524,239,22,36,2025-08-22,13:49:00,7.4,34,157.95,Completed
8451,666,187,20,10,2025-02-05,10:40:00,17.88,78,324.12,Completed
8452,38,112,19,38,2025-05-12,15:34:00,6.68,36,158.3,Completed
8453,131,105,11,29,2025-11-20,11:30:00,3.77,21,86.49,Completed
8454,382,123,30,11,2025-12-12,20:32:00,17.72,68,345.88,Completed
8455,225,71,26,38,2025-05-12,18:33:00,17.85,70,343.75,Completed
8456,143,199,15,15,2025-01-09,03:22:00,4.98,29,130.36,Completed
8457,431,113,30,32,2025-01-30,17:48:00,9.48,33,183.76,Completed
8458,389,171,29,27,2025-04-25,16:26:00,6.92,38,137.64,Completed
8459,54,59,32,38,2025-10-28,18:53:00,16.09,83,302.41,Completed
8460,24,6,30,1,2025-01-04,13:37:00,3.48,22,88.54,Completed
8461,395,110,16,14,2025-11-21,22:54:00,9.66,54,186.4,Completed
8462,633,111,36,3,2025-08-25,23:00:00,10.81,51,191.93,Completed
8463,119,53,18,30,2025-01-23,14:23:00,6.23,31,163.07,Completed
8464,673,64,39,31,2025-01-16,11:55:00,21.94,83,356.32,Completed
8465,983,232,28,1,2025-01-22,15:46:00,6.36,31,165.25,Completed
8466,586,248,19,14,2025-03-13,00:17:00,4.87,27,104.25,Completed
8467,185,219,11,36,2025-10-31,12:13:00,15.27,66,311.56,Completed
8468,948,4,17,36,2025-08-18,09:56:00,7.13,31,125.95,Completed
8469,192,1,21,15,2025-04-17,02:34:00,2.72,16,78.52,Driver_Cancelled
8470,939,70,37,38,2025-07-27,05:59:00,9.04,50,232.72,Completed
8471,732,250,34,25,2025-07-27,19:05:00,7.47,29,196.35,Driver_Cancelled
8472,487,31,33,14,2025-09-20,22:02:00,13.52,57,255.48,Completed
8473,633,65,29,24,2025-02-20,14:31:00,1.99,21,116.18,Completed
8474,721,117,4,2,2025-03-06,12:03:00,11.29,53,243.63,Completed
8475,384,197,32,34,2025-09-22,17:44:00,14.51,56,205.59,Completed
8476,812,19,11,23,2025-12-04,17:06:00,3.74,19,109.24,Completed
8477,346,197,26,8,2025-10-28,06:02:00,13.06,64,234.49,Completed
8478,473,118,18,5,2025-06-24,11:02:00,9.94,51,177.25,Driver_Cancelled
8479,676,69,32,29,2025-06-01,22:16:00,6.56,33,164.18,Completed
8480,780,177,27,33,2025-09-23,18:37:00,8.59,37,159.07,Driver_Cancelled
8481,952,31,16,20,2025-11-25,16:46:00,4.23,21,129.65,Completed
8482,3,188,10,16,2025-10-31,12:00:00,7.39,39,155.47,Completed
8483,50,236,34,37,2025-06-12,00:01:00,8.24,41,182.13,Completed
8484,925,199,33,37,2025-12-09,02:00:00,7.41,28,158.08,Completed
8485,876,79,10,24,2025-08-26,07:10:00,16.23,60,287.15,Completed
8486,504,243,26,29,2025-07-18,08:08:00,9.96,36,212.22,Driver_Cancelled
8487,984,55,25,35,2025-01-16,10:04:00,15.94,71,249.74,Completed
8488,211,245,2,9,2025-11-05,13:39:00,7.37,33,224.8,Completed
8489,973,205,26,22,2025-10-23,16:56:00,12.08,38,283.88,Completed
8490,528,204,20,20,2025-12-22,20:59:00,9.73,37,181.35,Completed
8491,680,127,3,40,2025-10-03,06:32:00,9.84,54,175.4,Completed
8492,283,211,32,4,2025-08-27,07:37:00,16.6,61,241.76,Completed
8493,379,77,1,36,2025-03-10,01:55:00,4.59,21,96.43,Completed
8494,326,91,24,12,2025-10-28,20:37:00,2.53,13,132.15,Completed
8495,298,166,33,23,2025-01-06,07:54:00,10.25,44,233.33,Completed
8496,697,161,38,39,2025-08-08,05:18:00,9.02,50,146.73,Completed
8497,138,6,35,8,2025-09-11,23:55:00,15,64,233.54,Completed
8498,125,141,17,10,2025-10-22,05:29:00,11.77,44,275.79,Completed
8499,934,205,33,23,2025-12-24,17:32:00,11.33,55,233.52,Completed
8500,392,205,11,29,2025-04-17,06:37:00,9.49,42,165.84,No_Show
8501,402,20,23,32,2025-10-22,01:20:00,15.85,63,227.19,Driver_Cancelled
8502,480,100,38,14,2025-04-28,01:39:00,18.2,95,344.33,Completed
8503,401,165,32,16,2025-06-17,02:03:00,7.29,39,202.56,No_Show
8504,570,45,19,39,2025-09-08,16:58:00,9.35,39,214.01,Completed
8505,362,201,12,17,2025-03-23,06:52:00,23.26,103,463.46,Completed
8506,66,81,28,20,2025-02-23,14:21:00,4,18,115.24,Completed
8507,428,227,2,12,2025-08-28,02:21:00,8.21,33,162.77,Driver_Cancelled
8508,852,59,10,9,2025-01-12,21:22:00,3.23,20,109.1,Completed
8509,714,52,19,8,2025-07-28,16:36:00,10.75,52,238.78,Cancelled
8510,521,146,28,37,2025-06-14,14:08:00,5.56,31,145.8,Driver_Cancelled
8511,432,25,8,21,2025-10-21,22:21:00,5.59,32,116.49,Completed
8512,935,123,23,32,2025-01-07,16:35:00,3.36,15,104.71,Completed
8513,105,207,30,37,2025-03-19,16:58:00,8.93,30,188.29,Completed
8514,89,215,28,18,2025-03-06,17:59:00,12.26,50,270.31,Completed
8515,601,129,13,29,2025-04-12,20:00:00,4.08,26,121.52,Completed
8516,856,41,37,7,2025-12-23,00:11:00,3.46,17,89.47,Completed
8517,6,102,12,40,2025-10-27,09:31:00,11.65,43,264,Completed
8518,158,18,10,37,2025-10-14,15:02:00,2.27,14,129.72,Completed
8519,379,129,17,6,2025-06-20,02:24:00,12.81,51,278.66,Completed
8520,330,246,1,20,2025-03-18,06:18:00,13.69,47,217.17,Completed
8521,103,167,22,9,2025-02-17,18:04:00,6.74,28,133.5,Completed
8522,223,202,15,9,2025-09-12,06:28:00,6.05,29,150.17,Completed
8523,402,159,16,8,2025-03-23,22:16:00,7.04,37,170.61,Completed
8524,683,102,20,17,2025-07-28,04:50:00,4.68,26,103.08,Driver_Cancelled
8525,545,71,10,24,2025-07-28,19:21:00,5.91,30,126.1,Completed
8526,509,166,26,40,2025-03-25,05:56:00,10.21,44,196.43,Completed
8527,693,8,23,23,2025-01-10,04:07:00,11.47,44,227.41,Cancelled
8528,184,162,17,33,2025-01-29,20:29:00,5.66,31,117.04,Completed
8529,915,73,34,22,2025-10-31,06:42:00,5.29,28,119.7,Completed
8530,87,89,22,22,2025-04-26,13:39:00,7.28,29,150.56,Completed
8531,581,27,4,27,2025-09-26,12:55:00,4.81,25,97.77,Cancelled
8532,380,169,7,2,2025-02-16,06:20:00,9.89,40,178.68,Driver_Cancelled
8533,538,7,5,31,2025-12-25,05:06:00,7.11,35,116.28,Completed
8534,413,32,31,13,2025-04-01,22:40:00,4.75,28,144.08,Completed
8535,920,73,19,2,2025-02-22,14:45:00,4.23,21,89.89,Driver_Cancelled
8536,518,209,4,7,2025-08-06,09:19:00,8.21,40,181.71,Cancelled
8537,768,99,22,11,2025-12-14,01:12:00,10.19,32,236.49,Completed
8538,694,112,3,26,2025-03-18,03:35:00,12.05,50,250.39,Completed
8539,295,144,23,21,2025-07-23,19:49:00,19.07,63,351.47,Cancelled
8540,260,130,4,15,2025-02-13,05:08:00,5.43,22,127.73,Completed
8541,384,171,24,16,2025-06-05,18:13:00,7.17,26,125.34,Completed
8542,826,31,14,9,2025-01-02,17:15:00,3.42,12,108.83,Completed
8543,304,80,3,21,2025-12-23,09:46:00,17.25,90,353.46,Completed
8544,316,175,21,6,2025-11-09,05:15:00,4.11,23,93.93,Completed
8545,746,33,26,1,2025-02-26,22:14:00,5.18,28,160.1,Completed
8546,794,213,1,31,2025-10-17,13:02:00,13.27,54,289.89,Completed
8547,719,145,30,5,2025-02-27,14:04:00,15.82,82,262.86,Completed
8548,77,99,4,37,2025-09-11,21:04:00,22.36,82,354.87,Driver_Cancelled
8549,680,54,14,26,2025-06-29,11:44:00,20.75,81,304.5,Completed
8550,854,54,18,1,2025-06-06,05:24:00,1.57,18,95.07,Completed
8551,379,179,12,1,2025-02-04,13:35:00,8.7,39,164.36,Completed
8552,461,180,38,29,2025-03-16,17:26:00,10.99,49,233.57,Completed
8553,56,135,36,22,2025-10-16,22:58:00,9.45,40,191.52,Completed
8554,807,182,16,38,2025-03-16,19:26:00,15.11,51,267.88,Completed
8555,81,221,1,19,2025-11-25,18:25:00,4.5,19,124.92,Completed
8556,996,139,3,28,2025-03-19,04:50:00,8.4,39,194.94,No_Show
8557,679,190,39,5,2025-09-12,16:13:00,13.71,58,230.98,Completed
8558,176,30,35,21,2025-09-22,09:45:00,4.28,25,103.49,Completed
8559,793,82,15,22,2025-10-31,19:00:00,5.25,22,123.35,Completed
8560,930,57,38,20,2025-03-08,07:25:00,10.7,48,229.16,Completed
8561,383,174,16,12,2025-08-09,21:43:00,10.7,46,223.24,Completed
8562,149,208,17,6,2025-06-13,19:44:00,23.06,81,467.79,Completed
8563,768,70,34,29,2025-08-08,12:35:00,7.23,33,170.84,Completed
8564,281,66,10,40,2025-06-21,11:17:00,6.83,41,186.97,Completed
8565,345,183,11,35,2025-09-11,08:22:00,15.6,67,282.6,Completed
8566,790,235,28,11,2025-07-29,17:07:00,6.31,25,163.19,Completed
8567,791,107,27,33,2025-07-07,13:49:00,11.67,44,233.7,Cancelled
8568,409,186,38,25,2025-07-10,09:28:00,11,37,165.62,Completed
8569,718,10,18,14,2025-08-03,20:43:00,13.79,64,203.27,Completed
8570,974,132,30,29,2025-03-27,09:57:00,13.18,58,267.39,Completed
8571,922,241,13,13,2025-04-16,01:19:00,13.32,44,261.06,No_Show
8572,1000,74,16,15,2025-11-28,23:16:00,10.45,65,212.17,Cancelled
8573,30,73,2,8,2025-10-23,15:43:00,13.3,55,268.7,Completed
8574,730,62,20,33,2025-01-19,12:00:00,6.93,29,160.93,Driver_Cancelled
8575,422,109,12,11,2025-02-16,14:14:00,6.64,38,140.9,Completed
8576,982,171,29,15,2025-03-06,08:06:00,16.89,59,286.26,No_Show
8577,231,42,8,21,2025-05-26,11:13:00,16.23,69,345.95,Completed
8578,359,24,38,36,2025-10-13,17:01:00,9.73,46,197.04,Completed
8579,162,5,20,6,2025-03-07,06:07:00,9.3,51,196.47,Completed
8580,729,99,35,25,2025-01-05,22:59:00,6.54,31,135.33,Completed
8581,228,196,39,1,2025-04-03,18:27:00,20.58,98,431.49,Completed
8582,845,99,31,33,2025-12-19,20:09:00,2.03,12,75.48,Completed
8583,221,234,16,39,2025-04-04,18:08:00,20.83,102,414.68,Completed
8584,746,120,23,32,2025-04-16,18:06:00,5.65,31,155.92,Completed
8585,73,77,34,2,2025-05-13,11:48:00,11.54,61,259.94,Completed
8586,399,101,32,25,2025-12-07,17:34:00,9.23,41,226.11,Driver_Cancelled
8587,95,96,17,40,2025-11-10,00:35:00,10.33,46,238.91,Driver_Cancelled
8588,940,173,24,33,2025-03-20,08:07:00,20.74,104,266.37,No_Show
8589,475,187,35,38,2025-07-31,14:09:00,6.92,32,130.6,Completed
8590,95,120,23,11,2025-01-08,21:54:00,5.68,25,150.23,Completed
8591,906,65,8,19,2025-06-08,14:01:00,7.85,28,164.75,Completed
8592,755,191,23,25,2025-09-25,23:22:00,5.58,31,169.67,Completed
8593,885,121,21,28,2025-05-29,04:41:00,9.87,48,200.86,Completed
8594,805,203,19,10,2025-12-16,16:19:00,10.86,58,217.43,Completed
8595,775,90,31,31,2025-04-01,02:22:00,10.06,48,224.02,Driver_Cancelled
8596,124,195,7,16,2025-08-24,05:21:00,21.14,112,296.95,Completed
8597,800,177,24,18,2025-10-16,23:20:00,5.92,23,142.84,Driver_Cancelled
8598,500,115,8,22,2025-12-22,10:49:00,32.25,157,599.48,Completed
8599,779,77,13,35,2025-06-17,10:25:00,10.18,53,257.19,Completed
8600,944,32,3,12,2025-07-12,00:44:00,3.06,21,99.58,Completed
8601,621,112,34,28,2025-07-06,15:31:00,4.89,24,107.93,Completed
8602,860,178,13,9,2025-09-28,11:41:00,12.69,75,236.49,No_Show
8603,964,215,32,30,2025-04-24,14:51:00,17.28,57,266.65,Completed
8604,48,186,35,18,2025-01-11,13:22:00,10.28,35,208.42,Completed
8605,813,52,21,24,2025-02-24,04:45:00,4.23,28,104.32,Completed
8606,95,23,1,19,2025-09-15,22:13:00,4.12,20,146.41,Completed
8607,477,243,2,14,2025-03-06,23:36:00,11.22,44,204.78,Completed
8608,33,30,26,2,2025-06-21,09:50:00,5.16,32,122.11,Completed
8609,118,70,3,11,2025-09-29,16:29:00,3.15,16,116.07,Completed
8610,644,247,24,26,2025-05-30,14:30:00,12.13,60,226,Completed
8611,251,71,26,8,2025-12-28,17:08:00,6.3,27,137.72,Completed
8612,303,111,8,3,2025-05-26,07:18:00,8.51,35,190.5,Cancelled
8613,122,158,37,15,2025-07-28,21:41:00,6,30,166.95,Cancelled
8614,218,37,8,40,2025-10-13,06:57:00,20.95,101,396.03,Completed
8615,53,48,18,13,2025-01-10,08:53:00,4.2,22,98.44,Completed
8616,126,160,18,16,2025-08-15,02:23:00,4.06,23,94.36,Completed
8617,159,70,12,22,2025-07-05,21:35:00,15.43,67,285.46,Cancelled
8618,671,35,36,33,2025-03-03,23:49:00,1.72,14,99.76,Completed
8619,795,224,40,2,2025-03-26,08:54:00,26.22,92,397.32,Driver_Cancelled
8620,601,204,2,29,2025-05-14,10:46:00,11,45,231.37,Completed
8621,176,68,20,34,2025-11-19,17:31:00,14.48,62,219.5,Completed
8622,292,160,3,16,2025-10-24,06:00:00,8.99,39,180.78,Completed
8623,945,59,40,14,2025-06-20,07:55:00,3.99,26,112.56,Completed
8624,159,118,34,39,2025-08-01,22:10:00,11.72,58,269.39,Completed
8625,491,163,6,5,2025-01-18,20:27:00,18.25,56,277.63,Completed
8626,761,112,40,18,2025-11-10,10:29:00,4.62,18,168.01,Completed
8627,357,144,10,26,2025-03-01,10:24:00,7.8,34,171.53,Completed
8628,634,119,24,10,2025-03-29,02:42:00,5.14,18,108.34,Cancelled
8629,237,115,18,6,2025-01-27,16:59:00,12.59,59,218.5,Completed
8630,428,207,33,14,2025-03-09,16:44:00,11.4,41,263.33,Driver_Cancelled
8631,125,105,39,2,2025-10-05,21:25:00,24.05,110,335.17,No_Show
8632,315,180,7,27,2025-02-09,23:25:00,5.48,35,150.1,Driver_Cancelled
8633,279,66,29,9,2025-04-19,13:07:00,13.71,61,212.12,Completed
8634,867,6,19,13,2025-03-15,06:40:00,10.88,38,216.94,Cancelled
8635,836,14,38,21,2025-03-07,07:49:00,14.15,70,337.96,Completed
8636,604,233,39,2,2025-06-17,18:03:00,5.47,28,137.78,Completed
8637,938,157,25,3,2025-09-19,03:02:00,2.55,15,95.76,Completed
8638,105,106,17,13,2025-10-01,01:58:00,7.91,37,137.77,Completed
8639,42,154,37,21,2025-12-03,09:42:00,8.53,47,238.29,No_Show
8640,397,18,3,33,2025-12-24,04:45:00,23.05,95,330.08,Completed
8641,641,239,24,20,2025-08-25,20:50:00,5.12,22,135.99,Completed
8642,460,4,18,36,2025-08-03,02:42:00,12.19,56,247.89,Completed
8643,491,229,26,18,2025-10-13,00:13:00,3.25,19,99.24,No_Show
8644,565,57,21,25,2025-05-29,05:07:00,6.3,31,146.43,Completed
8645,168,119,11,38,2025-11-14,15:41:00,4.73,22,120.93,Completed
8646,602,53,17,25,2025-04-17,21:02:00,11.11,54,267.57,Completed
8647,759,102,38,38,2025-05-21,17:22:00,8.31,33,132.4,Completed
8648,174,25,21,15,2025-03-17,07:16:00,9.49,45,233.99,Completed
8649,372,175,4,17,2025-01-09,01:41:00,5.09,23,116.04,Completed
8650,599,180,32,36,2025-07-15,09:34:00,2.39,16,86.38,Cancelled
8651,881,221,18,29,2025-10-22,21:51:00,5.7,30,136.56,Completed
8652,150,162,28,33,2025-10-07,00:44:00,12.12,57,296.44,Completed
8653,249,144,36,32,2025-04-28,04:50:00,13.21,62,295.59,Completed
8654,627,229,37,8,2025-10-17,07:34:00,9.78,49,162.31,No_Show
8655,180,94,26,13,2025-03-02,15:17:00,12.99,63,236.49,No_Show
8656,120,215,24,17,2025-12-01,13:01:00,4.53,29,157.41,Completed
8657,28,127,10,21,2025-11-02,09:12:00,10.4,55,241.07,No_Show
8658,821,124,38,14,2025-02-20,17:39:00,15.08,60,244.68,Completed
8659,117,36,8,25,2025-02-21,13:47:00,3.5,19,98.47,Completed
8660,703,156,2,24,2025-05-02,10:00:00,5.96,34,127.97,Completed
8661,657,193,35,33,2025-06-16,18:06:00,6.53,35,164.91,Completed
8662,832,72,21,8,2025-01-08,00:08:00,4.59,28,142.16,Completed
8663,262,53,27,28,2025-02-14,01:47:00,3.19,17,103.35,Completed
8664,654,170,23,19,2025-12-10,21:48:00,17.49,86,363.6,Cancelled
8665,626,79,32,11,2025-09-02,03:10:00,11.88,56,244.9,Completed
8666,896,98,26,10,2025-10-11,13:37:00,7.85,43,156.68,Completed
8667,785,147,7,1,2025-04-17,20:06:00,5.28,24,141.3,Completed
8668,38,44,33,5,2025-01-27,05:49:00,3.27,12,176.75,Completed
8669,197,30,17,16,2025-07-12,19:02:00,5.54,25,135.09,No_Show
8670,525,74,8,20,2025-12-03,15:41:00,14.57,73,282.49,Completed
8671,624,172,17,20,2025-12-23,07:46:00,19.85,105,370.58,No_Show
8672,437,250,18,28,2025-03-03,09:04:00,17.91,63,344.09,Completed
8673,649,117,36,5,2025-03-03,06:24:00,5.51,20,125.5,Completed
8674,684,155,39,3,2025-10-09,18:32:00,3.76,16,139.86,Completed
8675,639,84,23,30,2025-05-01,07:57:00,6.89,35,166.12,Completed
8676,874,217,12,23,2025-10-07,15:45:00,8.65,40,201.79,Completed
8677,410,73,23,34,2025-02-08,02:11:00,9.57,46,193.5,Completed
8678,333,232,33,28,2025-10-04,21:09:00,6.66,31,147.24,Completed
8679,531,34,28,1,2025-04-04,20:17:00,4.7,15,153.91,Completed
8680,944,127,23,27,2025-04-25,15:47:00,17.28,77,263.88,Completed
8681,465,85,7,34,2025-06-25,09:35:00,11.11,45,254.6,Completed
8682,720,152,2,31,2025-05-01,07:25:00,7.63,34,124.61,Completed
8683,158,56,1,32,2025-01-13,12:56:00,5.8,33,156.2,Completed
8684,160,7,4,7,2025-06-12,23:29:00,5.21,26,161.03,Completed
8685,334,196,8,38,2025-10-02,03:45:00,21.2,101,299.38,Completed
8686,752,51,29,34,2025-06-25,06:18:00,1.95,12,79.95,Driver_Cancelled
8687,376,136,18,4,2025-12-03,03:33:00,8.02,40,194.13,Driver_Cancelled
8688,79,184,37,19,2025-11-20,08:27:00,18.15,76,360.52,Completed
8689,844,205,31,22,2025-06-22,15:53:00,9.68,36,207.61,Completed
8690,869,58,6,29,2025-10-02,11:23:00,14.63,54,216.32,Completed
8691,843,85,24,34,2025-03-05,12:40:00,13.82,68,238.06,Completed
8692,197,227,15,34,2025-04-11,02:15:00,15.28,50,215.71,No_Show
8693,120,69,40,3,2025-11-18,17:48:00,35.46,116,591.4,No_Show
8694,760,244,12,21,2025-03-07,02:24:00,14.05,56,309.44,Cancelled
8695,651,8,14,38,2025-11-27,02:36:00,2.82,18,103.18,Completed
8696,226,194,27,21,2025-02-14,07:58:00,24.33,119,383.54,No_Show
8697,595,152,37,17,2025-03-28,05:39:00,12.62,66,234.57,Completed
8698,410,170,13,29,2025-03-08,02:43:00,14.11,58,312.32,Cancelled
8699,538,54,38,33,2025-09-16,13:07:00,3.88,20,112.71,Completed
8700,640,144,38,39,2025-07-24,06:28:00,7.81,24,182.94,Completed
8701,913,132,3,26,2025-06-27,22:38:00,19.44,87,369.33,Completed
8702,735,59,16,7,2025-10-07,15:19:00,8.81,41,191.11,Completed
8703,339,94,12,9,2025-12-10,03:02:00,9.05,42,178.45,Completed
8704,556,46,14,18,2025-01-17,17:01:00,17.6,74,273.25,Cancelled
8705,596,94,34,1,2025-10-23,06:38:00,2.14,15,104.8,Completed
8706,919,99,31,11,2025-07-21,13:13:00,3.15,19,100.61,Completed
8707,537,234,39,22,2025-06-21,09:59:00,3.4,20,106.08,Completed
8708,220,13,5,32,2025-09-19,16:52:00,8.72,40,201.65,Completed
8709,293,37,12,10,2025-07-13,21:22:00,7.78,25,131.02,No_Show
8710,204,182,26,27,2025-05-29,11:51:00,10.46,60,211.86,Completed
8711,880,177,17,12,2025-02-04,07:42:00,2.87,18,93.36,Completed
8712,705,241,11,30,2025-01-29,13:53:00,7.46,38,185.72,Driver_Cancelled
8713,514,75,33,10,2025-09-20,11:19:00,6.11,26,177.53,Driver_Cancelled
8714,202,58,40,12,2025-08-09,06:33:00,17.6,73,290.79,Completed
8715,866,19,4,38,2025-02-22,04:31:00,4.36,28,129.97,Completed
8716,32,146,32,21,2025-10-06,22:26:00,7.1,43,191.22,Completed
8717,89,188,31,27,2025-12-19,01:16:00,10.93,44,162.71,Completed
8718,202,145,11,6,2025-03-17,02:44:00,5.74,27,208.3,Completed
8719,951,139,17,38,2025-06-25,04:09:00,24.99,100,469.33,No_Show
8720,690,143,27,8,2025-01-10,16:33:00,13.78,72,210.79,Completed
8721,705,200,8,37,2025-04-27,10:53:00,11.77,39,227.21,Completed
8722,672,108,21,6,2025-10-07,17:31:00,11.06,46,193.72,Completed
8723,293,221,33,34,2025-08-06,16:08:00,6.13,33,139.98,Completed
8724,716,145,5,40,2025-06-24,23:56:00,1.91,10,84.61,Driver_Cancelled
8725,753,90,32,22,2025-08-22,19:08:00,9.51,31,177.78,Completed
8726,115,120,25,29,2025-09-09,13:41:00,8.59,42,178.09,Completed
8727,722,5,8,9,2025-10-22,21:12:00,5.53,27,166.65,Completed
8728,222,189,27,21,2025-11-18,21:27:00,16.28,87,307.75,Completed
8729,909,132,26,32,2025-01-06,20:52:00,10.34,34,152.78,No_Show
8730,182,56,40,8,2025-01-21,16:30:00,2,12,86.52,Completed
8731,771,216,29,10,2025-03-14,15:07:00,8.97,38,204.81,Completed
8732,469,203,9,23,2025-11-26,06:23:00,8.84,38,162.08,Completed
8733,426,222,18,20,2025-02-05,20:11:00,9.01,34,199.48,Completed
8734,974,104,7,13,2025-08-21,02:33:00,3.3,16,130.65,Completed
8735,552,48,21,22,2025-08-04,20:06:00,8.68,44,165.22,Completed
8736,842,48,16,15,2025-07-25,07:49:00,6.28,29,166.56,Cancelled
8737,834,163,3,31,2025-02-13,10:55:00,4.92,16,169.37,Completed
8738,60,236,32,32,2025-04-01,08:34:00,3.23,18,115.83,Completed
8739,485,248,10,13,2025-11-12,07:55:00,15.16,66,208.51,No_Show
8740,11,109,32,25,2025-04-03,18:29:00,27.29,123,458.12,Cancelled
8741,632,161,8,21,2025-12-05,19:35:00,20.56,82,261.35,Cancelled
8742,385,100,32,4,2025-03-24,14:20:00,4.59,22,118.19,No_Show
8743,410,21,4,15,2025-11-29,23:14:00,16.5,62,328.11,Completed
8744,42,102,29,21,2025-10-09,19:05:00,7.29,37,175.12,Completed
8745,702,5,12,8,2025-01-21,17:47:00,2.02,11,88.03,Completed
8746,123,192,37,31,2025-08-16,07:15:00,6.42,37,118.13,Completed
8747,701,197,36,10,2025-05-10,00:13:00,8.98,41,135.18,Cancelled
8748,252,149,19,21,2025-06-24,06:11:00,10.05,41,230.74,Completed
8749,973,89,37,17,2025-04-18,09:32:00,9.89,42,203.41,Completed
8750,604,74,31,5,2025-10-10,10:53:00,3.95,20,94.58,No_Show
8751,484,122,26,13,2025-03-12,00:45:00,5.86,29,161.48,Completed
8752,213,211,6,21,2025-02-19,08:57:00,10.51,40,238.43,Completed
8753,830,160,29,12,2025-04-05,08:45:00,5.45,31,182.74,Completed
8754,714,146,17,25,2025-10-06,11:16:00,4.81,20,110.55,Completed
8755,268,58,20,28,2025-12-03,05:32:00,4.6,21,120.15,Completed
8756,667,98,10,2,2025-05-12,02:37:00,3.21,13,106.24,Driver_Cancelled
8757,707,240,6,21,2025-10-03,14:56:00,4.4,18,150.55,Completed
8758,540,79,32,22,2025-01-13,13:27:00,11.27,43,176.36,Cancelled
8759,706,152,2,2,2025-01-03,14:41:00,6.59,32,196.69,Completed
8760,924,5,10,30,2025-08-12,20:20:00,8.3,27,183,Completed
8761,735,127,37,1,2025-06-24,11:31:00,9.48,44,151.66,Completed
8762,619,181,27,13,2025-03-31,08:14:00,4.31,17,149.87,Completed
8763,661,246,19,3,2025-08-29,03:57:00,27.3,96,491.64,No_Show
8764,135,96,16,20,2025-02-04,14:24:00,6.09,30,168.33,Completed
8765,498,201,20,5,2025-01-14,00:35:00,7.22,40,218.3,No_Show
8766,607,183,36,2,2025-07-14,14:22:00,5.17,27,115.86,No_Show
8767,782,133,5,26,2025-11-02,17:33:00,23.33,105,442.52,No_Show
8768,935,197,18,29,2025-11-30,02:11:00,21.37,108,259.96,Completed
8769,886,122,8,18,2025-08-01,01:53:00,1.93,12,84.22,No_Show
8770,126,169,13,9,2025-01-03,15:06:00,4.31,21,122.72,Completed
8771,359,233,10,22,2025-06-28,05:57:00,6.42,30,127.23,Completed
8772,503,98,36,28,2025-02-09,02:31:00,14.37,67,273.57,Completed
8773,841,135,19,12,2025-06-13,23:23:00,7.82,27,156.42,Driver_Cancelled
8774,983,90,31,37,2025-11-03,05:22:00,15.27,70,297.7,Completed
8775,318,129,36,18,2025-08-23,01:38:00,11.74,63,315.4,Completed
8776,12,52,29,34,2025-09-14,02:33:00,5.75,32,127.23,Completed
8777,477,98,23,3,2025-12-26,22:04:00,22.35,110,347.12,Completed
8778,294,26,32,5,2025-04-26,04:31:00,2.01,20,75.08,Completed
8779,954,121,11,23,2025-02-21,21:59:00,27.21,133,558.92,Cancelled
8780,440,224,2,13,2025-05-22,21:12:00,1.82,9,90.05,Completed
8781,807,191,32,24,2025-03-27,05:31:00,11.68,47,197.14,Driver_Cancelled
8782,854,12,5,28,2025-02-15,21:45:00,10.93,55,235.99,Completed
8783,516,70,31,17,2025-11-28,15:10:00,4.3,24,167.22,No_Show
8784,816,84,13,6,2025-08-26,01:47:00,8.89,42,218.57,Completed
8785,391,19,22,27,2025-01-10,05:47:00,8.43,37,140.47,Completed
8786,316,208,35,29,2025-06-01,05:07:00,14.75,74,335.47,Completed
8787,680,132,19,12,2025-03-02,03:31:00,20.22,91,394.22,Completed
8788,8,96,29,35,2025-01-18,05:17:00,7.15,45,156.55,Cancelled
8789,508,210,23,5,2025-03-27,01:18:00,9.56,35,239.44,Completed
8790,124,5,19,2,2025-05-17,08:06:00,8.45,32,163.5,Cancelled
8791,372,121,16,11,2025-08-18,19:17:00,4.37,23,145.75,Cancelled
8792,314,128,31,4,2025-05-08,03:55:00,11.1,57,211.62,Completed
8793,185,54,16,22,2025-04-14,05:37:00,28.6,139,332.07,Completed
8794,547,242,26,1,2025-07-05,07:40:00,8.49,34,213.67,Completed
8795,585,198,3,16,2025-06-27,15:16:00,1.94,10,76.23,Completed
8796,883,185,23,2,2025-12-23,01:42:00,12.39,56,192.18,Completed
8797,525,206,9,27,2025-01-06,09:34:00,6.99,34,142.12,No_Show
8798,39,180,24,12,2025-12-07,17:08:00,16.5,64,250.33,Completed
8799,84,241,33,5,2025-11-03,00:46:00,8.78,33,238.29,Completed
8800,21,18,14,5,2025-02-05,03:36:00,7.08,24,143.98,Completed
8801,253,64,28,22,2025-11-23,06:58:00,3.92,18,117.96,Completed
8802,303,245,24,13,2025-12-22,03:52:00,3.5,22,100.71,Cancelled
8803,979,138,7,16,2025-10-08,03:08:00,7.94,38,171.16,Cancelled
8804,258,23,38,26,2025-10-27,14:14:00,8.19,43,195.44,Completed
8805,812,120,25,9,2025-01-14,09:21:00,7.34,42,227.23,Driver_Cancelled
8806,1000,115,2,32,2025-08-25,05:32:00,4.33,17,145.15,Completed
8807,542,249,1,19,2025-10-12,04:32:00,3.1,19,87.17,Completed
8808,983,82,23,36,2025-11-26,11:59:00,7.35,34,128.78,Completed
8809,640,196,40,28,2025-02-19,10:54:00,17.49,63,322.58,Cancelled
8810,823,180,18,15,2025-09-18,18:26:00,10.07,47,236.12,Completed
8811,552,96,8,9,2025-04-20,14:45:00,17.39,90,251.2,Completed
8812,461,175,34,16,2025-07-16,13:31:00,5.58,29,138.09,Completed
8813,609,198,8,6,2025-09-09,22:32:00,8.88,27,207.11,Completed
8814,224,26,29,8,2025-03-29,02:32:00,9.73,39,186.24,No_Show
8815,92,198,13,33,2025-11-09,09:23:00,20.22,91,306.99,Completed
8816,280,99,1,32,2025-01-26,23:51:00,11.62,45,256.22,Completed
8817,170,233,29,36,2025-09-19,22:05:00,24.45,81,382.74,Completed
8818,796,171,37,36,2025-05-24,09:00:00,11.45,51,167.73,Completed
8819,734,197,1,34,2025-03-01,19:08:00,2.11,14,120.22,Completed
8820,629,191,5,2,2025-12-22,01:22:00,11.77,59,217.92,Completed
8821,248,206,2,13,2025-09-25,13:07:00,17.52,97,349.58,Completed
8822,361,66,22,10,2025-03-16,09:28:00,6.32,29,142.93,Completed
8823,349,246,30,38,2025-01-03,17:17:00,12.32,49,244.66,Completed
8824,866,243,11,7,2025-03-04,08:33:00,10.01,54,248.15,Completed
8825,435,104,29,3,2025-08-24,20:47:00,8,37,145.91,Completed
8826,406,191,3,27,2025-08-17,20:07:00,6.35,27,165.11,Completed
8827,601,141,13,14,2025-10-02,04:56:00,5.28,24,136.19,Completed
8828,78,179,3,30,2025-01-18,19:09:00,10.34,50,219.24,Completed
8829,458,5,10,34,2025-03-21,15:34:00,5.92,25,129.22,Completed
8830,586,175,4,23,2025-08-03,21:15:00,20.65,105,340.15,Driver_Cancelled
8831,392,164,14,17,2025-06-20,17:57:00,17.56,95,227.99,Completed
8832,14,164,23,15,2025-11-25,07:23:00,2.3,15,78.55,Cancelled
8833,45,178,17,7,2025-09-12,07:07:00,5.55,23,219.71,Driver_Cancelled
8834,38,184,1,3,2025-05-06,15:10:00,6.65,22,177.19,Completed
8835,416,19,15,9,2025-09-12,11:04:00,2.71,14,89.39,Completed
8836,245,20,2,3,2025-03-13,05:23:00,7.91,28,177.2,Completed
8837,62,150,18,35,2025-02-07,08:35:00,14.54,49,276.7,Completed
8838,493,31,39,40,2025-11-20,09:04:00,10.25,55,222.77,Driver_Cancelled
8839,608,105,22,8,2025-07-23,09:57:00,3.76,19,135.09,Cancelled
8840,323,239,28,26,2025-06-21,14:51:00,4.26,19,105.06,Completed
8841,252,190,30,15,2025-08-11,18:37:00,9.93,52,169.81,Completed
8842,468,44,13,5,2025-08-05,16:29:00,11.48,53,271.61,No_Show
8843,61,196,3,13,2025-09-02,09:52:00,9.28,50,205.72,Completed
8844,781,195,3,15,2025-12-02,03:10:00,9.44,42,196.47,Cancelled
8845,119,101,26,39,2025-07-10,14:37:00,14.06,68,267.24,Completed
8846,87,89,4,12,2025-10-25,09:46:00,24.67,107,391.97,Completed
8847,595,49,16,35,2025-11-16,02:25:00,9.28,33,224.41,Completed
8848,80,229,28,8,2025-07-01,21:38:00,9.19,41,150.44,Completed
8849,228,59,8,10,2025-11-30,20:02:00,2.3,17,81.47,Completed
8850,483,132,40,34,2025-07-24,15:39:00,3.94,25,125.74,Completed
8851,815,117,16,8,2025-12-27,18:49:00,14.59,74,268.34,Completed
8852,623,167,31,22,2025-07-18,11:36:00,11.46,44,185.35,Completed
8853,882,135,23,12,2025-11-28,07:40:00,6.57,31,139.37,Completed
8854,310,199,2,22,2025-06-14,23:12:00,17.11,76,291.98,Completed
8855,583,177,9,27,2025-08-30,09:13:00,3.93,28,116.82,Completed
8856,948,89,27,18,2025-05-10,08:25:00,6.83,34,171.2,Completed
8857,485,15,22,19,2025-08-15,10:58:00,7.58,28,138.48,Completed
8858,840,7,34,5,2025-05-02,09:09:00,16.42,82,287.29,Completed
8859,25,175,9,16,2025-02-13,10:22:00,7.64,45,154.61,Completed
8860,791,116,33,10,2025-07-15,05:10:00,21.49,72,342.18,Completed
8861,202,196,38,19,2025-12-24,07:03:00,12.36,48,234.06,Completed
8862,926,98,34,1,2025-07-23,18:12:00,6.09,34,193.55,Completed
8863,225,118,35,22,2025-11-14,09:30:00,9.76,40,211.36,Completed
8864,779,173,26,17,2025-09-14,13:17:00,4.92,20,140.79,Completed
8865,510,108,7,35,2025-01-17,22:40:00,5.93,31,156.62,Driver_Cancelled
8866,931,106,27,39,2025-09-29,23:33:00,10.22,45,192.43,Completed
8867,795,147,12,9,2025-01-09,01:13:00,5.57,33,184.12,Completed
8868,629,47,17,5,2025-09-06,04:24:00,5.04,26,120.2,Driver_Cancelled
8869,579,241,21,9,2025-07-20,17:24:00,19.34,81,412.26,Completed
8870,559,53,22,11,2025-02-28,08:01:00,24.55,88,328.96,Cancelled
8871,753,230,26,14,2025-05-20,07:17:00,10.36,34,222.1,Completed
8872,690,155,39,40,2025-04-29,00:17:00,7.2,32,215.08,Completed
8873,520,133,13,24,2025-02-10,03:41:00,4.78,24,138.71,Completed
8874,183,245,23,20,2025-11-18,14:22:00,5.16,21,116.4,Completed
8875,77,60,30,33,2025-11-27,12:01:00,2.75,15,103.26,Completed
8876,426,250,17,4,2025-09-24,05:20:00,1.98,11,77.71,Completed
8877,67,77,27,16,2025-01-08,00:00:00,8.87,42,192.84,Completed
8878,660,62,20,25,2025-07-02,05:55:00,10.79,56,177.28,Driver_Cancelled
8879,494,59,7,1,2025-05-14,10:28:00,8.49,37,241.2,Completed
8880,685,238,4,24,2025-06-30,05:56:00,7.87,33,152.47,Completed
8881,547,189,31,3,2025-12-21,14:31:00,4.24,20,127.8,Completed
8882,77,56,30,32,2025-03-13,13:47:00,10.41,43,232.97,Completed
8883,916,78,31,34,2025-04-23,04:54:00,7.47,47,186.37,Completed
8884,792,222,4,25,2025-04-17,13:35:00,4.59,20,136.97,Completed
8885,697,47,18,3,2025-10-17,00:12:00,4.26,17,145.83,Completed
8886,55,176,20,7,2025-11-09,05:12:00,17,71,327.31,Completed
8887,905,138,40,35,2025-04-27,03:02:00,7.67,29,196.54,Driver_Cancelled
8888,606,160,40,29,2025-04-30,00:48:00,9.87,55,237.97,Completed
8889,473,193,23,40,2025-05-27,09:57:00,8.4,27,207.35,Completed
8890,656,24,38,25,2025-11-23,00:29:00,3.74,19,116.16,Completed
8891,247,29,9,28,2025-07-29,17:37:00,17.29,59,306.31,Completed
8892,439,235,16,24,2025-10-23,13:58:00,11.14,57,240.87,Completed
8893,712,135,21,5,2025-04-13,05:24:00,6.68,34,201.3,Completed
8894,748,95,9,27,2025-05-04,01:35:00,13.78,66,300.24,Driver_Cancelled
8895,314,145,25,10,2025-09-02,23:44:00,3.46,13,108.64,Completed
8896,320,94,36,12,2025-12-22,03:49:00,10.47,37,184.84,Completed
8897,220,25,14,18,2025-07-28,15:52:00,10.22,34,165.53,Completed
8898,844,220,17,38,2025-11-10,16:13:00,12.5,59,264.36,Completed
8899,371,36,28,8,2025-04-19,19:33:00,11.5,54,197.84,Completed
8900,216,189,8,38,2025-12-14,00:21:00,3.27,17,146.93,Completed
8901,49,71,14,30,2025-02-19,23:00:00,1.91,11,101.14,Completed
8902,797,163,15,9,2025-04-15,00:50:00,5.11,23,133.99,Completed
8903,463,120,39,25,2025-01-27,05:58:00,6.5,31,141.38,Completed
8904,118,212,25,30,2025-10-15,09:51:00,9.46,50,172.95,Completed
8905,82,206,11,2,2025-09-14,17:22:00,6.4,35,195.27,Completed
8906,263,242,29,17,2025-09-30,10:25:00,16.19,85,295.79,Completed
8907,589,50,3,7,2025-05-17,03:20:00,13.77,63,279.72,Completed
8908,723,184,39,22,2025-12-06,14:04:00,7.24,26,169.47,Completed
8909,496,222,22,10,2025-10-28,14:05:00,18.8,71,306.36,Completed
8910,634,248,37,26,2025-11-18,05:43:00,21.17,93,351.79,Completed
8911,837,128,20,13,2025-02-01,09:57:00,15.21,67,314.84,Completed
8912,602,193,19,28,2025-02-14,09:19:00,19.95,74,280.08,Cancelled
8913,770,230,13,36,2025-09-22,16:35:00,7.5,31,151.75,Completed
8914,673,41,27,11,2025-01-30,07:45:00,4.11,28,116.87,Driver_Cancelled
8915,176,25,19,9,2025-03-25,12:20:00,42.84,149,606.09,Completed
8916,805,162,16,16,2025-06-15,11:54:00,8.99,40,173.83,Completed
8917,89,136,2,17,2025-11-12,18:42:00,7.11,34,180.55,Completed
8918,639,56,1,5,2025-01-01,05:34:00,8.8,44,173.97,Completed
8919,985,84,3,5,2025-09-06,22:13:00,4.13,15,97.37,No_Show
8920,359,158,24,38,2025-09-18,12:39:00,10.91,53,247.31,Completed
8921,286,68,38,31,2025-03-04,12:24:00,10.48,44,251.36,Completed
8922,297,21,2,2,2025-06-13,19:16:00,13.77,66,235.55,Completed
8923,260,91,16,27,2025-11-17,14:46:00,26.64,112,460.01,Completed
8924,851,10,29,19,2025-11-30,15:38:00,6.96,28,190.51,Completed
8925,475,87,37,25,2025-07-20,19:02:00,3.1,16,106.35,Completed
8926,756,33,4,38,2025-08-10,17:38:00,6.26,28,179.06,Completed
8927,623,203,14,13,2025-06-01,01:09:00,10.29,48,221.41,Cancelled
8928,935,105,17,29,2025-05-12,16:05:00,14.75,52,247.32,Completed
8929,536,83,17,19,2025-04-24,06:52:00,2.8,22,114.84,Completed
8930,562,203,20,35,2025-08-05,14:11:00,3.89,21,152.67,Completed
8931,37,4,29,25,2025-07-15,00:56:00,2.06,8,74.71,No_Show
8932,181,23,26,9,2025-10-08,04:36:00,4.61,26,165.04,Completed
8933,765,197,38,35,2025-07-21,04:59:00,3.13,14,103.09,Completed
8934,25,53,17,15,2025-05-15,11:27:00,7.91,30,169.62,No_Show
8935,349,113,12,22,2025-08-22,11:35:00,18.1,71,247.18,Completed
8936,637,242,28,13,2025-05-21,08:00:00,16.36,75,344.54,Completed
8937,543,133,9,30,2025-07-15,15:37:00,4.42,29,119.56,Completed
8938,749,18,32,21,2025-02-12,08:30:00,4.39,26,138.92,Driver_Cancelled
8939,227,17,34,25,2025-02-26,16:50:00,8.86,46,181.94,No_Show
8940,348,186,16,25,2025-05-22,21:16:00,5.62,33,134.61,Cancelled
8941,38,195,31,40,2025-07-29,13:21:00,18.73,90,300.2,Completed
8942,383,107,27,22,2025-03-13,18:33:00,12.79,54,240.57,Completed
8943,570,113,29,3,2025-08-12,16:33:00,4.51,18,120.9,Completed
8944,236,122,1,9,2025-01-27,23:46:00,9.75,42,156.76,Driver_Cancelled
8945,181,200,27,24,2025-05-08,21:51:00,4.78,19,155.25,Driver_Cancelled
8946,114,184,32,32,2025-04-16,20:42:00,2.44,14,98.13,Completed
8947,306,168,11,17,2025-06-14,05:28:00,12.01,54,294.8,Completed
8948,132,87,35,24,2025-08-03,15:21:00,7.92,44,198.7,Completed
8949,348,215,2,8,2025-03-12,02:34:00,35.76,145,658.85,Completed
8950,180,2,1,6,2025-07-23,08:45:00,12.93,49,231.21,Completed
8951,415,121,6,9,2025-06-02,15:59:00,16.17,54,271.21,Completed
8952,983,103,7,15,2025-03-08,05:37:00,3.15,13,92.41,Completed
8953,590,149,2,24,2025-03-31,05:57:00,2.59,17,98.03,Completed
8954,732,180,2,11,2025-09-17,18:15:00,20.33,74,285.18,Cancelled
8955,654,152,5,31,2025-12-28,14:30:00,8.86,41,222.28,Driver_Cancelled
8956,385,53,13,13,2025-08-16,11:34:00,3.42,14,137.43,No_Show
8957,512,166,19,30,2025-03-20,01:54:00,8.58,36,167.7,Completed
8958,43,148,19,25,2025-04-06,19:09:00,3.3,19,142.56,Completed
8959,480,50,1,12,2025-12-15,00:43:00,10.76,60,271.99,Completed
8960,118,167,35,21,2025-11-26,04:05:00,17.88,71,227.11,No_Show
8961,571,60,18,24,2025-09-03,12:18:00,7.01,27,197.08,Completed
8962,61,114,32,26,2025-09-29,06:11:00,6.55,29,142.89,Completed
8963,553,219,32,12,2025-06-06,03:26:00,11.07,48,183.36,Completed
8964,786,108,8,37,2025-04-26,19:32:00,16.08,84,291.83,Cancelled
8965,188,39,11,21,2025-01-18,02:25:00,2.29,15,79.16,Completed
8966,453,71,20,23,2025-06-21,12:43:00,23.33,109,394.79,Completed
8967,847,128,8,1,2025-01-16,17:36:00,14.6,55,315.35,Completed
8968,187,33,28,10,2025-08-28,18:23:00,12.48,63,181.71,Driver_Cancelled
8969,938,157,21,35,2025-02-25,08:57:00,9.68,48,193.75,Completed
8970,464,74,38,38,2025-03-20,10:30:00,13.01,63,295.03,Completed
8971,740,10,38,28,2025-04-13,19:46:00,4.81,21,141.45,Completed
8972,164,204,6,1,2025-10-11,19:01:00,8.78,42,165.19,Completed
8973,424,195,2,8,2025-07-12,12:21:00,5.44,25,144.91,Completed
8974,798,131,10,23,2025-01-05,11:54:00,7.19,33,158.62,Completed
8975,102,205,9,20,2025-04-16,21:59:00,8.47,43,161.98,Completed
8976,983,109,3,32,2025-10-05,16:17:00,10.78,52,222.5,Driver_Cancelled
8977,267,159,2,23,2025-04-10,06:19:00,6,34,127.08,Completed
8978,636,27,36,7,2025-08-26,18:40:00,3.73,15,89.65,Cancelled
8979,153,198,8,11,2025-09-26,05:17:00,13.34,65,281.29,Completed
8980,429,27,9,8,2025-11-17,10:28:00,4.91,22,120.96,Completed
8981,691,227,26,14,2025-03-27,09:51:00,17.5,80,357.11,Cancelled
8982,427,111,34,14,2025-11-16,07:48:00,4.44,22,121.79,Completed
8983,578,9,30,36,2025-02-01,07:24:00,6.9,41,147.24,Completed
8984,611,245,38,40,2025-12-02,07:10:00,13.26,50,282.49,Completed
8985,943,6,8,27,2025-02-20,07:35:00,3.9,25,131.82,Completed
8986,536,134,3,20,2025-03-20,15:11:00,6.27,36,139.7,Completed
8987,333,232,11,38,2025-07-05,13:07:00,10.77,44,174.04,Completed
8988,761,26,25,25,2025-06-23,02:27:00,10.64,61,235.07,Driver_Cancelled
8989,677,43,5,29,2025-04-16,07:02:00,14.84,78,327.5,Completed
8990,896,19,12,14,2025-03-04,01:32:00,13.07,60,239.46,Completed
8991,440,16,30,28,2025-03-17,05:39:00,9.84,42,189.77,Completed
8992,606,105,27,30,2025-11-12,03:10:00,8.71,44,200.53,No_Show
8993,971,23,5,15,2025-11-17,15:19:00,17.92,64,296.01,Completed
8994,855,203,20,21,2025-03-22,10:29:00,14.74,51,317.14,Completed
8995,124,208,21,12,2025-12-27,13:27:00,21.63,97,408.71,Completed
8996,302,157,3,11,2025-05-08,17:51:00,17.76,81,339.71,Driver_Cancelled
8997,668,166,4,39,2025-07-02,04:31:00,2.3,15,128.12,Completed
8998,349,59,24,6,2025-08-31,18:14:00,11.23,44,254.55,Completed
8999,249,241,7,3,2025-07-04,20:55:00,4.29,21,103.02,Completed
9000,948,48,24,15,2025-08-08,08:15:00,3.71,25,118.61,Cancelled
9001,271,148,11,34,2025-03-12,15:04:00,3.5,20,105.6,Completed
9002,429,21,2,4,2025-12-08,02:03:00,11,58,163.25,Driver_Cancelled
9003,570,156,6,34,2025-06-03,00:26:00,4.69,25,128.54,Completed
9004,707,178,7,38,2025-09-02,18:03:00,7.77,44,161.78,Completed
9005,713,33,38,39,2025-05-20,08:16:00,9.23,46,207.93,Completed
9006,584,114,18,6,2025-03-12,23:13:00,16.34,66,296.15,Completed
9007,247,40,9,22,2025-02-15,16:00:00,3.04,16,124.3,Completed
9008,481,218,28,37,2025-02-16,10:08:00,18.41,92,316.36,Completed
9009,98,182,19,32,2025-03-20,09:30:00,3.64,21,130.75,Completed
9010,329,10,4,28,2025-05-29,16:11:00,3.5,17,103.71,Completed
9011,593,162,4,26,2025-05-10,06:07:00,9.48,48,170.25,Completed
9012,425,73,13,4,2025-05-07,05:34:00,6.59,38,165.82,Completed
9013,577,248,28,10,2025-12-31,02:38:00,3.27,21,89.3,Driver_Cancelled
9014,424,36,11,27,2025-04-29,03:22:00,2.43,13,97.44,Completed
9015,5,75,2,20,2025-12-23,19:00:00,10.39,47,163.51,Completed
9016,990,202,6,36,2025-09-19,08:00:00,27.84,120,552.42,Completed
9017,459,238,12,5,2025-09-01,21:13:00,9.05,41,194.09,Completed
9018,796,135,40,17,2025-04-13,11:57:00,5.77,33,129.74,Completed
9019,806,115,37,32,2025-02-06,03:45:00,8.46,42,207.42,No_Show
9020,593,230,24,35,2025-05-22,17:38:00,2.75,17,87.51,Cancelled
9021,498,16,9,23,2025-02-06,10:38:00,16.13,72,291.63,Completed
9022,87,179,26,13,2025-01-08,15:31:00,8.46,35,223.88,Completed
9023,402,218,4,1,2025-08-19,04:36:00,4.59,27,116.51,Completed
9024,293,224,4,31,2025-11-29,17:43:00,5.82,32,154.43,Completed
9025,923,189,34,19,2025-10-23,00:27:00,9.61,38,258.35,Completed
9026,281,159,22,23,2025-04-17,16:53:00,8.31,42,221.42,Completed
9027,197,243,13,34,2025-12-14,21:35:00,11.77,44,252.71,Completed
9028,764,160,15,4,2025-01-18,08:32:00,7.22,32,214.15,Completed
9029,83,45,40,34,2025-11-09,15:26:00,4.75,19,122.48,Completed
9030,27,204,38,30,2025-03-24,11:32:00,5.83,41,106.91,Completed
9031,845,27,2,10,2025-10-15,13:02:00,13.98,55,288.95,Completed
9032,694,249,2,6,2025-07-13,10:19:00,14.43,53,250.05,Completed
9033,135,22,8,12,2025-08-03,20:49:00,10.52,53,210.9,Completed
9034,90,143,38,12,2025-10-08,08:34:00,3.75,19,100.74,Cancelled
9035,206,8,18,18,2025-08-08,03:36:00,11.74,42,251.7,Driver_Cancelled
9036,27,196,29,36,2025-10-16,15:13:00,11.68,55,268.42,Completed
9037,378,116,11,35,2025-12-10,21:57:00,11.75,43,241.49,Completed
9038,571,136,6,25,2025-07-13,02:10:00,5.27,26,115.86,Completed
9039,584,87,9,22,2025-06-07,22:40:00,6.38,24,174.26,Completed
9040,415,117,22,30,2025-04-14,19:52:00,11.4,40,175.4,Completed
9041,227,16,25,29,2025-02-03,21:01:00,4.74,28,123.03,Completed
9042,603,176,31,7,2025-04-12,21:58:00,4.75,20,155.56,Completed
9043,68,162,21,40,2025-05-07,14:54:00,13.13,55,213.77,Completed
9044,362,214,38,3,2025-08-02,03:03:00,10.64,40,190.87,No_Show
9045,260,113,19,21,2025-11-21,10:09:00,8.87,30,189.67,Completed
9046,658,215,10,20,2025-10-23,10:06:00,6.28,24,185.83,Completed
9047,63,57,37,9,2025-06-28,17:18:00,14,48,210.34,Completed
9048,855,133,12,36,2025-03-21,01:06:00,10.05,37,226.09,Completed
9049,992,229,19,14,2025-05-21,15:26:00,6.19,24,158.15,Completed
9050,972,44,2,18,2025-01-31,13:33:00,17.41,84,240.08,Completed
9051,692,71,15,33,2025-03-04,05:04:00,16.26,84,260.62,Completed
9052,980,37,38,2,2025-02-17,13:39:00,7.17,38,164.95,No_Show
9053,623,218,8,37,2025-03-28,05:29:00,4.79,21,168.75,Completed
9054,703,124,35,31,2025-10-31,17:39:00,18.36,70,231.23,Driver_Cancelled
9055,941,28,38,22,2025-03-02,07:40:00,7.43,32,167.14,Completed
9056,908,68,30,9,2025-11-30,22:25:00,8.52,30,225.55,Completed
9057,392,113,9,20,2025-10-01,02:08:00,18.12,83,362.69,Completed
9058,246,224,30,20,2025-10-11,11:50:00,8.3,51,176.63,Completed
9059,278,166,19,1,2025-03-21,17:34:00,14.04,70,290.02,Completed
9060,347,46,29,30,2025-06-29,23:05:00,2.28,14,100.29,Completed
9061,937,201,2,19,2025-09-29,00:24:00,5.31,25,121.9,Completed
9062,372,100,28,36,2025-03-18,08:49:00,4.39,21,114.32,Completed
9063,809,26,8,14,2025-08-09,15:42:00,13.56,55,235.65,Completed
9064,849,75,25,1,2025-10-09,23:43:00,14.6,70,219.67,Completed
9065,123,212,10,5,2025-01-28,17:09:00,5.03,19,163.68,Completed
9066,57,181,22,10,2025-12-27,12:59:00,13.66,61,255.16,Cancelled
9067,160,191,35,9,2025-03-18,06:18:00,11.09,56,168.34,Cancelled
9068,127,112,24,14,2025-06-13,22:34:00,8.47,37,205.5,Completed
9069,737,63,26,39,2025-01-09,09:38:00,5.72,29,141.75,Completed
9070,607,112,31,18,2025-06-24,12:25:00,2.45,14,85.25,Completed
9071,311,240,23,25,2025-11-03,18:44:00,30.44,108,512.92,Cancelled
9072,518,166,2,36,2025-03-17,13:34:00,1.79,12,88.28,Completed
9073,935,143,39,31,2025-09-02,12:50:00,4.29,26,166.82,Completed
9074,265,99,33,35,2025-05-02,13:59:00,6.51,40,164.14,Completed
9075,746,9,24,27,2025-07-04,13:50:00,25.45,107,501.21,Completed
9076,288,225,12,22,2025-02-01,05:02:00,6.36,27,137.07,Completed
9077,420,75,37,11,2025-09-07,14:04:00,4.73,26,129.1,Completed
9078,896,22,9,10,2025-02-26,18:44:00,9.26,35,164.05,Completed
9079,528,198,3,8,2025-11-06,03:08:00,8.89,45,212.55,Completed
9080,140,184,23,28,2025-05-24,07:59:00,7.68,37,141.17,Driver_Cancelled
9081,809,37,24,23,2025-11-14,19:59:00,6.18,30,108.76,Completed
9082,707,57,33,6,2025-03-25,07:28:00,17.55,65,250.21,Completed
9083,698,249,30,14,2025-02-25,20:52:00,10.71,51,250.4,Completed
9084,987,188,38,24,2025-10-06,12:50:00,7.26,43,121.65,Completed
9085,475,114,2,9,2025-09-30,15:43:00,5.48,20,146.1,Completed
9086,905,213,40,40,2025-06-15,14:57:00,2.02,9,67.63,Completed
9087,637,140,22,38,2025-06-07,20:33:00,5.83,28,141.18,Completed
9088,529,135,11,25,2025-09-06,15:19:00,9.82,47,265.29,Completed
9089,878,194,12,38,2025-07-05,10:15:00,7.46,40,207.87,Driver_Cancelled
9090,389,103,19,30,2025-03-19,21:53:00,2.85,16,121.83,Completed
9091,511,41,20,22,2025-01-22,10:32:00,12.75,43,245.08,Completed
9092,538,152,9,2,2025-04-18,11:55:00,6.68,29,162.22,Completed
9093,213,218,18,25,2025-09-30,17:55:00,10.07,44,217,No_Show
9094,897,153,18,24,2025-09-09,03:39:00,15.24,77,309.09,Completed
9095,513,190,40,37,2025-01-15,07:21:00,3.3,12,121.35,Cancelled
9096,803,212,36,3,2025-10-31,00:46:00,6.34,37,126.66,Completed
9097,265,232,27,26,2025-06-09,08:14:00,8.62,38,176.32,Completed
9098,343,105,13,30,2025-07-24,01:59:00,4.51,24,96.34,Completed
9099,38,106,8,29,2025-04-23,12:35:00,15.93,57,286.85,Completed
9100,233,44,23,7,2025-06-17,17:49:00,4.42,27,119.01,Completed
9101,260,130,13,9,2025-12-19,16:21:00,2.11,12,122.71,Completed
9102,308,170,7,30,2025-09-10,07:33:00,11.19,41,178.63,Completed
9103,403,227,40,16,2025-07-05,14:56:00,17.31,84,244.27,Completed
9104,997,161,2,40,2025-12-13,11:24:00,29.14,99,606.9,Completed
9105,261,145,3,14,2025-08-15,13:27:00,9.09,39,222.04,Cancelled
9106,476,122,39,26,2025-01-16,18:33:00,7.79,32,168.91,Cancelled
9107,750,191,23,37,2025-06-05,15:20:00,6.6,36,201.99,Completed
9108,106,150,7,10,2025-12-20,14:26:00,8.15,34,165.25,No_Show
9109,247,1,4,30,2025-04-21,17:00:00,6.85,25,150.3,Completed
9110,304,229,8,22,2025-01-01,04:28:00,4.12,18,112.01,Completed
9111,343,94,32,30,2025-02-10,12:55:00,3.52,21,128.88,Completed
9112,447,238,19,32,2025-02-17,11:31:00,20.42,93,420.8,Completed
9113,38,198,12,14,2025-04-18,22:56:00,5.89,24,159.2,Completed
9114,820,233,10,23,2025-06-10,06:12:00,7.85,34,149.42,Completed
9115,855,182,14,17,2025-06-10,03:12:00,23.33,110,454.95,Completed
9116,46,14,27,36,2025-12-25,09:35:00,5.9,25,152.17,Completed
9117,722,100,21,29,2025-05-08,17:12:00,4.41,23,130.47,Cancelled
9118,605,225,20,24,2025-07-29,21:45:00,12.73,62,196.18,Cancelled
9119,220,102,4,11,2025-05-31,21:04:00,15.16,57,240.88,Completed
9120,256,231,19,15,2025-09-12,15:57:00,2.89,9,79.3,Completed
9121,137,53,29,22,2025-08-06,08:52:00,22.64,77,355.57,Completed
9122,231,6,7,27,2025-01-30,04:09:00,6.48,33,138.74,Completed
9123,818,90,33,34,2025-02-14,15:46:00,6.95,30,142.14,Completed
9124,714,64,8,33,2025-03-21,05:13:00,5.1,29,155.6,Completed
9125,578,88,11,21,2025-02-08,07:16:00,3.95,19,121.42,Completed
9126,973,33,33,24,2025-08-28,12:01:00,12.28,47,260.47,Completed
9127,38,72,25,20,2025-02-14,03:33:00,5.14,27,99.29,No_Show
9128,155,44,33,4,2025-03-19,08:15:00,10.19,46,238.47,Cancelled
9129,503,107,36,37,2025-12-03,10:24:00,5.84,26,103.7,Completed
9130,105,34,26,37,2025-12-15,07:06:00,2.18,9,77.09,Completed
9131,255,162,36,33,2025-10-15,11:33:00,7.04,29,165.89,Driver_Cancelled
9132,404,152,11,31,2025-10-07,01:21:00,10.66,44,229.54,Completed
9133,488,2,30,34,2025-04-26,19:25:00,1.87,11,68.54,Completed
9134,958,136,33,22,2025-09-26,14:57:00,13.6,67,242,Completed
9135,458,117,10,30,2025-12-01,22:51:00,5.76,27,121.44,Completed
9136,528,153,29,5,2025-11-08,01:19:00,2.94,12,86.86,Cancelled
9137,591,121,25,23,2025-02-22,22:41:00,3.28,15,88.23,Completed
9138,525,222,32,13,2025-03-09,21:00:00,5.73,27,136.72,Completed
9139,370,32,4,9,2025-07-01,13:08:00,9.59,50,286.19,Completed
9140,102,56,39,14,2025-02-03,21:50:00,16.21,77,323.14,Completed
9141,916,94,34,17,2025-10-11,07:21:00,10.27,40,199.74,Completed
9142,664,249,22,35,2025-11-02,18:58:00,7.03,28,132.11,Completed
9143,690,7,13,18,2025-09-06,15:30:00,2.52,11,81.65,Completed
9144,903,176,36,12,2025-04-21,00:16:00,13.74,53,203.18,Completed
9145,599,88,6,16,2025-04-04,02:52:00,12.96,66,227.77,Completed
9146,600,182,17,30,2025-06-28,17:01:00,8.86,32,219.39,Completed
9147,541,191,26,13,2025-02-16,06:15:00,17.16,86,243.94,Completed
9148,512,201,24,18,2025-10-09,19:54:00,3.6,25,182.87,Completed
9149,389,208,9,12,2025-12-06,18:55:00,19.12,72,295.27,Completed
9150,363,130,2,34,2025-12-28,03:42:00,12.13,46,187.47,Completed
9151,931,35,20,33,2025-04-02,11:09:00,15.49,69,262.05,Completed
9152,833,98,27,6,2025-07-31,04:09:00,5.8,30,153.33,No_Show
9153,612,22,6,18,2025-03-16,13:52:00,11.31,41,207.58,Completed
9154,115,211,27,3,2025-07-21,07:59:00,2.75,10,101.29,Completed
9155,722,192,24,6,2025-10-24,00:24:00,18.37,84,367.69,Completed
9156,966,59,15,36,2025-11-04,07:53:00,21.59,99,405.46,Completed
9157,343,177,33,22,2025-07-30,05:34:00,6.01,30,108.56,Completed
9158,74,52,10,7,2025-12-04,01:14:00,15.28,80,228.71,Completed
9159,135,149,21,30,2025-05-14,06:18:00,9.57,50,159.84,Completed
9160,940,140,6,2,2025-11-26,04:03:00,8.12,45,217.37,Completed
9161,968,11,30,32,2025-03-07,19:46:00,7.58,35,162.85,Completed
9162,781,244,23,15,2025-10-07,21:54:00,7.15,28,212.7,Completed
9163,862,182,36,22,2025-01-28,03:21:00,12.39,59,235.98,Completed
9164,978,211,3,38,2025-04-27,00:35:00,9.16,48,181.6,Completed
9165,590,122,26,8,2025-11-13,09:21:00,2.85,15,91.21,Cancelled
9166,971,198,34,8,2025-11-21,18:18:00,3.83,21,96.15,Driver_Cancelled
9167,380,234,30,39,2025-04-24,08:08:00,17.39,92,232.58,Completed
9168,490,14,18,36,2025-03-16,22:10:00,5.21,25,145.5,Completed
9169,125,33,17,20,2025-07-21,17:07:00,14.42,73,314.83,Completed
9170,38,239,21,37,2025-02-28,23:00:00,5.79,30,161.49,Completed
9171,781,102,24,8,2025-01-15,05:21:00,1.95,13,84.79,Completed
9172,310,77,4,14,2025-08-19,14:46:00,2.29,12,121.02,Completed
9173,106,248,25,20,2025-04-15,11:01:00,4.27,25,100.66,Completed
9174,556,26,24,35,2025-06-14,13:14:00,4.13,19,114.47,Completed
9175,225,142,27,25,2025-07-18,23:28:00,7.1,37,182.9,Completed
9176,242,237,31,18,2025-12-20,12:14:00,3.53,27,115.36,Completed
9177,397,216,35,21,2025-02-04,06:42:00,27.76,121,442.11,Completed
9178,153,176,20,37,2025-06-11,08:17:00,11.8,46,234.59,Completed
9179,536,65,16,31,2025-09-02,01:09:00,4.66,28,101.92,Completed
9180,636,46,31,6,2025-10-14,09:54:00,8.33,44,183.83,Completed
9181,797,127,7,20,2025-01-19,10:18:00,13.03,71,242.55,Completed
9182,996,237,18,28,2025-10-07,22:48:00,20.85,82,407.38,Completed
9183,966,183,8,36,2025-12-06,13:58:00,7.79,47,123.2,Completed
9184,402,94,27,40,2025-12-14,06:09:00,9,41,191.35,Completed
9185,860,74,14,26,2025-07-01,22:56:00,7.36,34,156.49,Completed
9186,773,128,18,13,2025-05-27,23:26:00,21.42,75,346.55,Completed
9187,146,74,1,4,2025-06-25,05:21:00,9.92,36,244.49,Completed
9188,191,220,31,34,2025-06-12,22:48:00,8.98,30,195.12,Completed
9189,893,196,20,37,2025-06-24,07:29:00,10.03,39,184.74,Completed
9190,677,206,6,34,2025-02-16,08:24:00,4.93,21,116.33,Completed
9191,583,140,1,16,2025-09-13,17:14:00,8.66,48,207.78,Completed
9192,951,182,19,23,2025-06-23,04:02:00,8.47,44,172.91,Driver_Cancelled
9193,201,192,39,23,2025-04-13,16:08:00,15.94,77,288.63,Completed
9194,867,102,27,15,2025-05-01,03:33:00,7.87,30,149.91,Driver_Cancelled
9195,12,47,16,25,2025-12-16,02:32:00,5.33,30,135.2,Completed
9196,52,165,14,29,2025-05-25,06:22:00,6.64,35,161.82,No_Show
9197,953,202,34,36,2025-02-11,10:09:00,6.23,29,134.85,Completed
9198,768,169,7,15,2025-01-29,11:33:00,3.78,22,110.44,No_Show
9199,302,27,20,37,2025-09-30,21:45:00,11.39,42,169.39,Completed
9200,872,170,31,35,2025-01-14,23:50:00,18.55,85,270.11,Completed
9201,300,248,22,39,2025-11-02,17:38:00,10.04,50,267.68,Completed
9202,999,204,20,37,2025-11-09,16:00:00,19.67,95,396.79,No_Show
9203,920,86,15,28,2025-07-08,07:07:00,26.33,130,376.24,Completed
9204,521,68,25,30,2025-12-26,14:38:00,1.49,13,108.93,Completed
9205,140,157,1,7,2025-10-22,09:13:00,3.38,23,122.17,Completed
9206,100,164,17,4,2025-07-02,09:02:00,2.87,16,139.49,Completed
9207,485,109,16,7,2025-12-18,21:11:00,20.29,78,258.75,Completed
9208,137,57,37,33,2025-02-05,07:13:00,5.37,33,102.28,Completed
9209,871,206,21,18,2025-02-06,07:52:00,2.95,16,77.14,No_Show
9210,366,140,27,15,2025-01-14,20:42:00,3.28,21,117.09,Driver_Cancelled
9211,884,173,35,35,2025-05-03,10:59:00,6.94,27,140.16,Completed
9212,534,148,24,37,2025-03-24,03:17:00,10.55,42,164.37,Completed
9213,507,45,2,5,2025-06-08,02:33:00,6.86,41,143,Completed
9214,657,23,25,23,2025-11-25,12:08:00,9.82,49,170.1,Completed
9215,161,190,19,10,2025-04-12,04:57:00,4.37,22,119.56,Completed
9216,761,214,13,25,2025-12-03,19:01:00,7.34,38,120.34,Completed
9217,175,34,29,22,2025-03-24,08:14:00,9.82,48,196,Completed
9218,88,21,32,31,2025-02-13,14:08:00,20.63,110,390.23,Cancelled
9219,399,179,6,23,2025-03-09,09:59:00,7.42,24,159.72,Driver_Cancelled
9220,989,137,9,28,2025-02-17,13:10:00,10.32,53,176.71,Completed
9221,480,202,1,15,2025-02-26,01:20:00,6.61,37,162.37,No_Show
9222,545,113,24,40,2025-03-16,20:00:00,3.09,17,114.99,Completed
9223,477,10,10,7,2025-01-22,16:19:00,10.43,51,258.46,Completed
9224,783,52,35,38,2025-05-12,00:25:00,9.51,51,170.36,Completed
9225,283,45,6,40,2025-10-29,12:51:00,17.59,92,421.23,Completed
9226,738,180,20,15,2025-09-24,23:08:00,10.85,44,222.97,Completed
9227,957,249,38,5,2025-10-14,17:15:00,19.96,89,342.94,Completed
9228,452,30,12,12,2025-04-30,10:50:00,13.71,66,302,Completed
9229,624,192,3,13,2025-09-03,20:25:00,9,36,170.62,Completed
9230,82,225,18,3,2025-02-25,00:07:00,11.06,62,223.93,Completed
9231,213,130,21,19,2025-02-07,19:26:00,5.83,22,176.62,Completed
9232,816,177,35,26,2025-09-02,04:09:00,15,71,243.91,Completed
9233,520,96,37,30,2025-01-21,04:46:00,13.48,40,234.22,Completed
9234,134,173,19,28,2025-04-20,01:14:00,6.4,29,155.92,Completed
9235,447,17,25,15,2025-04-04,05:49:00,11.81,52,226.51,Completed
9236,118,28,18,18,2025-05-16,02:18:00,11.26,48,221.83,Driver_Cancelled
9237,596,126,40,7,2025-08-19,16:23:00,7.4,39,243.77,Completed
9238,770,45,30,14,2025-01-08,00:12:00,14.28,69,233.73,Completed
9239,243,17,34,24,2025-11-24,08:45:00,7.88,45,144.11,Completed
9240,749,243,10,24,2025-10-17,06:43:00,4.97,28,139.33,Completed
9241,150,187,22,11,2025-09-08,15:06:00,10.14,42,161.87,Completed
9242,886,142,4,39,2025-12-27,07:06:00,30.73,145,594.13,Completed
9243,533,116,3,40,2025-03-28,14:35:00,37.08,142,619.15,Cancelled
9244,646,138,28,10,2025-07-23,23:47:00,4.02,24,146.46,Completed
9245,379,226,22,33,2025-08-07,14:27:00,2.57,17,79.72,Completed
9246,608,206,12,20,2025-08-29,12:35:00,11.78,57,295.97,Cancelled
9247,966,81,13,39,2025-11-16,14:14:00,14.38,67,239.93,Completed
9248,525,229,33,22,2025-09-15,02:34:00,22.81,98,337.69,Driver_Cancelled
9249,513,214,19,35,2025-04-19,20:11:00,8.73,37,160.37,Completed
9250,662,18,17,28,2025-09-13,10:27:00,10.15,41,180.31,Completed
9251,117,35,34,36,2025-10-09,09:30:00,4.23,22,192.61,Completed
9252,664,176,4,30,2025-08-08,02:57:00,7.23,32,182.19,Completed
9253,576,58,39,6,2025-03-24,00:30:00,6.63,28,124.21,Completed
9254,937,115,8,1,2025-04-17,20:11:00,15.82,66,326.99,Completed
9255,990,18,33,4,2025-03-10,14:16:00,7.1,32,157.3,Completed
9256,662,180,1,25,2025-04-07,07:03:00,5.38,32,109.17,Completed
9257,317,158,5,39,2025-07-31,06:57:00,10.52,46,192.76,Completed
9258,876,37,32,11,2025-10-13,18:10:00,8.34,30,178.53,Completed
9259,12,40,40,38,2025-08-25,13:32:00,9.37,49,174.24,No_Show
9260,90,6,1,37,2025-01-08,15:57:00,3.15,15,92.11,Driver_Cancelled
9261,388,79,35,12,2025-10-21,21:39:00,5.83,26,145.89,Completed
9262,83,249,22,29,2025-07-08,23:22:00,7.81,31,182.4,Completed
9263,976,163,29,34,2025-03-22,18:13:00,12.29,57,218.13,Completed
9264,762,154,17,18,2025-04-18,18:10:00,16.1,77,237.17,Completed
9265,896,105,30,9,2025-11-17,23:21:00,9.47,44,164.23,Driver_Cancelled
9266,396,91,35,12,2025-03-08,19:40:00,6.44,34,126.51,Completed
9267,545,158,1,9,2025-06-23,23:41:00,7.76,34,201.93,Cancelled
9268,661,75,4,1,2025-12-12,11:08:00,5.17,32,128.71,Completed
9269,640,116,9,7,2025-12-17,13:35:00,7.13,26,159.22,Completed
9270,100,152,32,39,2025-11-24,20:21:00,8.37,33,163.5,Driver_Cancelled
9271,457,122,5,34,2025-02-12,17:48:00,9.23,47,193.45,Completed
9272,999,55,14,32,2025-07-06,06:30:00,7.26,34,175.45,Completed
9273,874,206,26,28,2025-10-29,18:30:00,5.32,32,162.76,Completed
9274,328,215,23,26,2025-07-19,12:39:00,8.67,38,149.97,Completed
9275,724,9,22,36,2025-02-08,23:05:00,12.53,51,186.07,Completed
9276,74,106,27,40,2025-08-08,03:43:00,4.25,26,99.28,Driver_Cancelled
9277,96,62,25,14,2025-11-03,01:19:00,14.9,54,282.25,Completed
9278,92,111,36,31,2025-01-04,23:08:00,17.33,82,289.73,Cancelled
9279,330,146,4,16,2025-05-01,16:39:00,15.42,65,243.7,Completed
9280,840,245,32,39,2025-12-02,09:19:00,39.5,188,735.87,Completed
9281,948,51,9,11,2025-03-18,18:19:00,4.49,17,131.23,No_Show
9282,175,103,2,11,2025-06-28,22:35:00,3.01,19,117.54,Completed
9283,737,19,39,38,2025-05-13,18:00:00,4.51,21,116.26,Completed
9284,315,69,25,12,2025-11-07,08:42:00,4.01,23,136.91,Completed
9285,687,117,10,9,2025-08-17,06:34:00,7.45,39,203.79,Completed
9286,568,82,37,22,2025-10-03,07:40:00,7.8,40,144.1,Completed
9287,497,123,25,38,2025-06-01,04:10:00,16.15,68,307.4,Driver_Cancelled
9288,269,33,40,9,2025-06-13,19:59:00,7.69,30,154.02,No_Show
9289,428,108,29,3,2025-10-17,14:02:00,4.07,15,114.08,Completed
9290,35,166,37,39,2025-04-19,23:47:00,12.65,46,173.56,Completed
9291,119,13,5,35,2025-05-06,11:05:00,9.74,31,222.31,Cancelled
9292,371,177,14,30,2025-08-28,16:20:00,8.49,34,199.69,Completed
9293,925,73,33,26,2025-11-06,04:08:00,7.72,33,154.9,Completed
9294,568,90,27,8,2025-12-11,11:49:00,16.45,75,331.23,Completed
9295,901,181,5,32,2025-05-26,22:19:00,9.86,49,180.98,Completed
9296,451,129,15,22,2025-09-09,08:18:00,27.42,127,372.46,Completed
9297,309,12,3,8,2025-07-02,11:25:00,11.16,45,227.95,Completed
9298,357,152,1,2,2025-11-05,06:13:00,4.38,20,148.03,Completed
9299,376,129,24,14,2025-11-02,02:23:00,9.67,41,188.95,Completed
9300,828,68,12,5,2025-03-13,02:02:00,7.87,36,157.94,Completed
9301,105,135,14,13,2025-08-07,21:44:00,5.48,37,132.53,Completed
9302,390,116,20,23,2025-07-26,22:27:00,4.17,26,139.47,Completed
9303,176,92,14,13,2025-06-22,23:38:00,8.76,43,207.91,Cancelled
9304,106,229,14,19,2025-05-21,14:43:00,11.32,57,267.89,Completed
9305,592,247,35,24,2025-09-29,14:00:00,15.78,82,313.16,Cancelled
9306,163,244,19,35,2025-08-02,17:08:00,8.24,40,162.6,No_Show
9307,914,197,20,14,2025-09-26,01:00:00,4.73,25,135.68,Completed
9308,267,39,23,4,2025-01-20,17:30:00,30.43,132,442.32,Completed
9309,563,32,34,26,2025-03-07,07:10:00,8.42,32,241.28,Driver_Cancelled
9310,889,177,1,10,2025-10-30,04:35:00,7.42,43,147.29,Completed
9311,279,159,4,38,2025-05-27,14:29:00,3.43,23,86.39,No_Show
9312,303,108,40,38,2025-06-14,12:50:00,11.83,61,234.83,Completed
9313,587,79,17,34,2025-11-06,16:23:00,14.95,57,303.18,Completed
9314,955,3,26,34,2025-01-06,18:37:00,1.31,19,65.74,Completed
9315,953,241,14,19,2025-01-14,22:26:00,23.01,80,461.11,Completed
9316,861,110,32,3,2025-05-12,02:22:00,17.5,61,294.48,Completed
9317,127,175,36,36,2025-12-08,16:33:00,6.89,33,164.58,Completed
9318,246,111,20,4,2025-08-31,17:53:00,3.54,17,97.11,Completed
9319,824,15,16,26,2025-08-19,07:34:00,3.96,24,108.3,Completed
9320,234,51,19,11,2025-08-16,00:06:00,5.56,28,125.36,Completed
9321,667,107,39,3,2025-06-11,11:44:00,5.52,25,159.44,Completed
9322,585,210,24,9,2025-10-10,17:59:00,14.48,57,278.38,Completed
9323,931,213,14,2,2025-09-20,01:07:00,10.24,45,218.75,Completed
9324,439,202,29,14,2025-05-11,16:55:00,5.94,33,154.96,Completed
9325,137,21,14,3,2025-08-13,18:26:00,12.17,65,302.5,Completed
9326,786,218,11,2,2025-09-15,01:26:00,18.35,75,291.95,Completed
9327,556,41,11,22,2025-08-22,07:48:00,9.48,50,174.08,Completed
9328,759,120,40,29,2025-12-02,03:08:00,21.81,84,323.31,Driver_Cancelled
9329,149,3,24,33,2025-11-12,15:52:00,17.5,89,300.57,Completed
9330,56,129,22,36,2025-01-24,06:58:00,9.27,37,229.59,Completed
9331,688,149,21,10,2025-09-28,07:05:00,9.01,46,207.14,Completed
9332,356,203,6,38,2025-04-05,03:01:00,4.62,24,123.39,Completed
9333,257,80,14,21,2025-05-22,11:08:00,1.99,12,76.96,Completed
9334,923,99,9,31,2025-07-01,04:48:00,3.51,18,106.09,No_Show
9335,813,149,35,35,2025-07-25,14:43:00,8.44,44,186.16,Completed
9336,63,105,36,3,2025-03-22,04:05:00,1.7,16,113.41,Completed
9337,826,203,25,19,2025-10-01,14:10:00,4.38,25,148.61,Cancelled
9338,936,95,15,22,2025-10-03,08:00:00,6.78,31,172.13,Completed
9339,63,177,28,20,2025-07-27,22:34:00,10.14,51,181.29,Completed
9340,806,65,14,36,2025-10-23,22:09:00,15.05,57,237.93,Completed
9341,29,41,13,19,2025-02-08,06:52:00,5.12,20,126.66,Completed
9342,552,224,31,4,2025-10-15,17:19:00,12.2,50,281,Completed
9343,659,67,5,32,2025-05-04,17:41:00,4.68,32,133.5,Completed
9344,600,124,19,8,2025-12-30,20:18:00,23.6,88,404.43,Completed
9345,568,224,8,26,2025-10-10,22:10:00,12.46,45,238.35,Completed
9346,300,42,13,1,2025-06-29,18:26:00,11.05,62,222.17,Driver_Cancelled
9347,705,69,17,26,2025-04-07,13:48:00,4.99,28,150.21,Completed
9348,612,185,32,9,2025-07-10,18:28:00,4.41,23,102.34,Completed
9349,215,171,5,35,2025-03-15,13:19:00,5.51,18,146.77,Completed
9350,141,101,9,18,2025-09-30,18:07:00,11,55,189.88,Completed
9351,926,140,34,19,2025-02-18,20:46:00,33.09,144,486.93,Completed
9352,507,206,1,16,2025-12-03,08:12:00,7.61,27,137.94,Completed
9353,561,64,40,28,2025-07-29,09:07:00,7.2,32,189.63,Completed
9354,499,108,15,3,2025-04-26,04:54:00,14.77,62,295.47,Completed
9355,627,51,32,18,2025-01-23,22:18:00,6.81,29,165.75,Completed
9356,502,73,34,13,2025-04-08,20:32:00,6.15,32,157.18,Cancelled
9357,741,60,35,27,2025-11-24,19:52:00,20.4,100,386.31,Cancelled
9358,764,199,28,40,2025-11-09,02:55:00,3.62,20,86.47,Completed
9359,587,80,17,39,2025-07-09,00:40:00,6.81,36,188.43,Completed
9360,191,156,11,24,2025-07-01,16:38:00,2.97,18,108.39,Completed
9361,711,124,23,29,2025-05-28,02:23:00,11.2,51,266.12,Completed
9362,675,199,26,22,2025-12-08,08:32:00,8.83,32,192.37,Completed
9363,651,14,5,26,2025-01-23,20:49:00,17.75,66,234.42,Cancelled
9364,49,160,26,20,2025-04-15,16:48:00,6.05,21,132.01,Completed
9365,363,8,6,24,2025-06-12,19:35:00,7.38,28,153.09,Completed
9366,879,27,34,12,2025-03-08,10:02:00,6.84,33,175.81,Cancelled
9367,627,245,13,18,2025-10-17,06:02:00,21.68,110,411.03,Driver_Cancelled
9368,680,50,25,12,2025-10-16,15:52:00,9.78,55,238.97,Completed
9369,496,187,2,38,2025-02-15,23:00:00,10.5,50,224.19,Completed
9370,277,57,14,32,2025-03-22,23:26:00,7.16,36,156.81,Completed
9371,47,3,17,23,2025-05-27,12:38:00,6.41,22,134.67,Completed
9372,771,155,40,4,2025-08-10,06:34:00,7.18,37,151.03,Completed
9373,926,222,40,12,2025-12-09,19:48:00,1.28,8,64.9,Completed
9374,216,34,39,17,2025-01-15,09:33:00,17.84,80,291.15,No_Show
9375,230,26,25,21,2025-05-01,05:50:00,9.29,36,205.56,Completed
9376,639,250,27,37,2025-03-19,19:25:00,18.47,91,345.36,Driver_Cancelled
9377,323,229,24,29,2025-11-18,10:47:00,10.32,43,200.58,No_Show
9378,830,168,33,6,2025-10-22,02:43:00,5.94,32,144.72,Completed
9379,421,115,27,28,2025-08-29,10:30:00,6.98,29,150.71,Completed
9380,225,86,31,8,2025-01-18,17:27:00,12.55,44,210.97,Completed
9381,662,160,38,31,2025-09-13,20:35:00,11.34,47,186.3,Completed
9382,287,169,15,20,2025-10-04,08:15:00,8.61,30,151.91,Cancelled
9383,46,130,40,16,2025-01-27,00:44:00,25.15,84,505.03,Completed
9384,972,111,1,13,2025-01-02,02:19:00,6.21,30,160.27,Completed
9385,813,200,11,15,2025-12-19,13:08:00,3.93,21,105.94,Cancelled
9386,14,106,15,13,2025-10-22,02:31:00,5.01,24,113.96,Completed
9387,633,135,33,2,2025-11-08,22:52:00,7.9,33,222.6,Completed
9388,908,19,32,20,2025-12-29,08:00:00,11.23,41,265.48,Completed
9389,375,33,25,28,2025-08-27,10:00:00,8.65,40,180.06,Completed
9390,703,246,39,18,2025-01-13,20:32:00,3.48,18,111.51,No_Show
9391,987,2,33,7,2025-07-03,12:23:00,7.93,33,156.86,Cancelled
9392,333,195,29,21,2025-07-13,10:36:00,13.25,47,270.19,Completed
9393,856,220,34,39,2025-02-25,02:01:00,15.33,56,213.98,Completed
9394,166,206,8,9,2025-08-18,01:48:00,3.22,18,100.5,Completed
9395,507,15,11,10,2025-01-28,20:29:00,5.6,20,135.85,Completed
9396,117,21,13,31,2025-11-16,03:56:00,5.79,28,165.89,Completed
9397,943,78,5,13,2025-03-12,02:56:00,22.63,81,418.92,Completed
9398,636,59,19,5,2025-07-29,05:17:00,19.42,83,256.86,Completed
9399,566,104,21,40,2025-07-03,03:43:00,8.04,36,198.09,No_Show
9400,439,82,3,38,2025-12-22,10:27:00,7.26,44,206.11,Completed
9401,304,118,26,36,2025-02-10,05:14:00,30.2,128,419.94,Completed
9402,457,113,33,2,2025-09-17,13:34:00,15.88,77,326.56,Completed
9403,968,39,30,6,2025-12-10,12:13:00,4.66,24,118.15,No_Show
9404,869,20,22,13,2025-03-25,01:52:00,19.93,87,256.03,Completed
9405,271,1,5,29,2025-02-15,05:01:00,6.34,29,124.82,Cancelled
9406,711,73,19,14,2025-06-08,10:01:00,3.78,22,130.87,Completed
9407,216,9,9,30,2025-12-10,14:41:00,6.72,35,181.28,Completed
9408,113,235,24,25,2025-01-07,02:23:00,8.56,44,231.93,Completed
9409,16,51,39,40,2025-11-29,02:47:00,8.96,39,224.01,Completed
9410,216,166,12,35,2025-05-16,03:10:00,20.17,102,389.48,Completed
9411,427,231,27,37,2025-07-02,19:59:00,14.3,70,215.5,Driver_Cancelled
9412,135,221,21,7,2025-07-16,18:18:00,6.16,35,154.58,Completed
9413,43,15,38,38,2025-06-21,15:00:00,5.47,28,173.21,Completed
9414,764,84,35,18,2025-12-15,09:27:00,6.28,34,136.09,Completed
9415,284,230,32,8,2025-10-03,00:26:00,17.88,91,311.08,Completed
9416,834,41,36,7,2025-03-19,00:11:00,6.96,37,238.09,Completed
9417,98,222,33,34,2025-06-27,07:32:00,12.84,52,290.63,Completed
9418,60,175,17,36,2025-01-27,11:38:00,3.27,17,142.26,Completed
9419,230,154,5,10,2025-04-30,01:16:00,15.66,63,323.4,Cancelled
9420,896,54,20,40,2025-10-08,04:50:00,11.47,56,230.49,Completed
9421,643,119,23,29,2025-11-04,22:56:00,14.23,44,308.18,Cancelled
9422,385,198,39,16,2025-07-15,10:54:00,4.8,24,111.48,Completed
9423,159,167,4,25,2025-10-04,18:45:00,12.13,47,220.7,Cancelled
9424,824,17,26,29,2025-01-18,10:13:00,3.71,20,117.55,Completed
9425,471,198,30,8,2025-10-22,07:57:00,9.42,47,143.3,Completed
9426,596,128,29,20,2025-09-28,17:50:00,7.79,31,136.86,Completed
9427,208,92,34,36,2025-02-22,22:29:00,2.87,14,106.01,Completed
9428,174,9,10,27,2025-10-21,03:25:00,11.76,39,236.96,Driver_Cancelled
9429,800,219,20,13,2025-02-21,19:15:00,3.05,16,92.29,Completed
9430,81,227,24,26,2025-08-04,12:31:00,2.88,18,103.12,Cancelled
9431,18,46,34,25,2025-03-13,03:06:00,3.12,14,79.8,Completed
9432,708,134,37,28,2025-01-28,14:23:00,15.1,74,286.55,Completed
9433,291,196,13,9,2025-09-09,08:42:00,11.13,50,199.04,Driver_Cancelled
9434,360,16,23,26,2025-02-04,19:00:00,3.28,16,91.73,Completed
9435,868,215,10,12,2025-07-20,03:20:00,9.44,35,262.12,Cancelled
9436,279,112,22,26,2025-09-06,05:25:00,8.8,45,194.65,Completed
9437,975,87,14,22,2025-04-09,10:29:00,14.03,72,297.08,Driver_Cancelled
9438,397,157,25,1,2025-11-04,03:56:00,7.73,31,181.37,Completed
9439,974,169,18,12,2025-05-20,20:25:00,15.57,60,247.84,Completed
9440,766,196,20,24,2025-03-24,03:42:00,7.95,33,203.12,Completed
9441,142,62,28,30,2025-02-17,01:34:00,5.27,31,100.34,Completed
9442,677,104,8,14,2025-10-05,10:51:00,4.79,23,166.12,Driver_Cancelled
9443,517,120,5,23,2025-09-05,20:56:00,2.61,18,126.19,Cancelled
9444,251,168,21,2,2025-06-26,01:29:00,4.08,25,125.15,Completed
9445,662,190,20,3,2025-02-21,20:37:00,4.13,17,134.44,Completed
9446,540,152,16,6,2025-03-20,20:38:00,5.59,24,128.61,Completed
9447,237,134,20,19,2025-11-18,20:22:00,11.98,55,258.47,Completed
9448,132,40,25,21,2025-03-05,09:35:00,13.45,60,207.36,Completed
9449,306,198,7,20,2025-01-08,10:10:00,30.74,139,562.63,Completed
9450,358,58,25,21,2025-08-02,00:49:00,5.31,30,156.81,Completed
9451,285,142,36,40,2025-01-25,13:13:00,3.87,23,131.43,Completed
9452,293,78,10,4,2025-09-13,20:11:00,2.46,11,132.69,Completed
9453,163,242,40,25,2025-08-31,07:29:00,7.92,35,213,Completed
9454,916,173,16,7,2025-07-17,11:14:00,10.38,51,178.3,No_Show
9455,419,111,4,7,2025-04-04,02:53:00,8.93,40,194.3,Completed
9456,739,99,10,33,2025-07-26,20:37:00,6.45,35,155.62,Completed
9457,468,6,31,26,2025-01-15,04:44:00,31.47,145,602.43,Completed
9458,642,23,12,17,2025-06-27,09:57:00,14.63,59,266.3,Completed
9459,884,62,20,8,2025-03-16,17:24:00,3.74,18,111.4,Completed
9460,570,212,32,26,2025-04-14,07:02:00,10.85,56,212.97,Completed
9461,507,17,2,15,2025-10-21,15:02:00,17.68,69,276.82,Completed
9462,658,84,11,20,2025-06-17,02:22:00,7.93,30,201.64,Completed
9463,478,112,20,19,2025-04-25,13:45:00,12.65,51,293.59,Driver_Cancelled
9464,362,198,23,7,2025-02-08,01:49:00,16.65,82,262.82,Completed
9465,312,104,13,1,2025-12-30,10:09:00,9.15,30,186.11,No_Show
9466,634,125,35,39,2025-09-30,06:25:00,10.01,49,261.13,Completed
9467,704,28,17,37,2025-05-15,03:32:00,3.27,15,80.5,Completed
9468,245,141,10,18,2025-08-20,05:28:00,3.87,23,125.05,Completed
9469,477,157,40,8,2025-02-08,07:54:00,14.78,63,270.86,Completed
9470,615,173,38,15,2025-10-18,07:54:00,3.11,17,93.24,Completed
9471,891,20,14,6,2025-11-03,19:00:00,5.51,27,117.92,Completed
9472,436,186,19,37,2025-02-16,02:19:00,7.05,33,176.84,Completed
9473,250,209,32,22,2025-02-05,09:07:00,12.11,44,171.95,Completed
9474,22,117,33,11,2025-11-16,03:39:00,4.32,21,103.78,Completed
9475,477,247,25,26,2025-04-05,13:27:00,20.81,93,413.13,Completed
9476,572,54,25,8,2025-12-27,02:30:00,17.69,72,257.28,Completed
9477,750,227,14,9,2025-01-13,12:14:00,28.81,140,398.26,Completed
9478,906,109,38,13,2025-05-26,16:11:00,1.55,11,77.75,Cancelled
9479,852,231,36,3,2025-03-06,18:54:00,13.41,52,284.7,Completed
9480,511,64,24,3,2025-08-16,18:34:00,17.4,89,281.22,Completed
9481,896,52,39,7,2025-08-30,09:51:00,6.01,25,175.22,Completed
9482,336,229,39,3,2025-01-08,10:04:00,8.04,39,203.55,Completed
9483,646,43,13,11,2025-10-31,21:52:00,9.28,43,214.5,Cancelled
9484,849,87,2,28,2025-12-07,14:00:00,5.61,24,155.8,Completed
9485,774,18,34,31,2025-02-12,03:29:00,8.26,36,193.09,Completed
9486,342,228,15,9,2025-09-01,18:34:00,9.81,37,176.04,Driver_Cancelled
9487,338,84,2,27,2025-06-30,23:53:00,39.72,180,548.2,Completed
9488,480,54,25,12,2025-03-26,08:44:00,6.3,36,157.77,Completed
9489,924,60,5,8,2025-06-04,03:02:00,10.7,50,231.2,Completed
9490,42,123,34,22,2025-10-02,04:18:00,11.39,49,243.6,Completed
9491,74,71,39,18,2025-01-23,04:04:00,8.3,31,185.91,Completed
9492,809,228,5,30,2025-04-25,05:12:00,3.89,20,98.23,Completed
9493,831,234,8,11,2025-11-02,08:04:00,10.96,51,166.59,Cancelled
9494,22,129,14,2,2025-10-26,23:39:00,5.37,32,146.66,Completed
9495,220,113,29,29,2025-04-09,12:04:00,5.18,35,144.86,Completed
9496,79,37,30,26,2025-04-14,20:45:00,15.49,78,299.31,Completed
9497,235,49,37,14,2025-02-20,09:37:00,7.04,34,131.28,Driver_Cancelled
9498,157,35,4,28,2025-12-28,22:49:00,11.09,52,228.4,Completed
9499,327,105,35,35,2025-04-22,17:03:00,11.66,48,246.16,Completed
9500,114,195,7,6,2025-09-01,05:57:00,17.91,63,364.12,Completed
9501,802,35,26,36,2025-06-18,00:46:00,3.89,22,101.52,Completed
9502,608,221,32,12,2025-03-13,13:13:00,13.74,68,239.35,Completed
9503,642,9,33,34,2025-05-19,09:15:00,15.04,61,324.15,No_Show
9504,922,165,24,6,2025-12-02,00:00:00,6.46,24,119.71,Completed
9505,621,60,1,37,2025-08-19,16:09:00,19.61,97,266.66,Completed
9506,587,56,29,37,2025-08-27,17:48:00,3.35,18,93.43,Driver_Cancelled
9507,985,106,38,8,2025-09-10,20:38:00,12.71,48,270.38,Completed
9508,275,111,38,37,2025-02-18,12:17:00,9.34,35,209.39,Completed
9509,381,89,21,40,2025-10-30,12:15:00,6.94,37,160.75,Completed
9510,20,12,23,33,2025-03-13,17:40:00,9.62,36,144.44,Completed
9511,673,230,5,31,2025-09-20,05:45:00,3.06,17,109.07,Completed
9512,209,71,30,34,2025-11-18,00:30:00,5.35,31,145.04,Driver_Cancelled
9513,884,71,40,11,2025-08-10,15:59:00,19.54,85,324.79,Completed
9514,606,119,18,36,2025-03-18,08:11:00,3.88,22,98.55,Completed
9515,594,132,6,4,2025-03-03,23:15:00,7.76,42,146.49,Completed
9516,864,189,5,17,2025-06-06,08:23:00,4.09,26,138.35,Completed
9517,616,173,18,16,2025-10-21,10:59:00,5.74,28,159.67,Completed
9518,749,239,13,30,2025-05-05,07:20:00,9.15,38,173.94,Completed
9519,772,95,20,39,2025-08-17,05:58:00,20.61,85,261.61,Completed
9520,160,178,38,5,2025-12-06,09:48:00,16.4,61,259.4,Completed
9521,915,50,21,40,2025-06-10,02:54:00,3.78,22,145.09,Completed
9522,899,103,4,37,2025-01-29,22:15:00,22.06,85,275.1,Cancelled
9523,998,202,13,26,2025-04-24,06:24:00,17.63,72,299.04,Completed
9524,860,176,18,28,2025-03-20,11:20:00,2.99,18,103.48,Completed
9525,573,23,13,19,2025-01-23,06:03:00,16.6,62,285.93,Completed
9526,38,90,13,21,2025-04-16,06:54:00,16.69,84,281.15,Cancelled
9527,118,215,39,28,2025-05-11,02:37:00,2.28,13,84.39,Completed
9528,390,93,37,19,2025-12-23,07:23:00,4.06,24,109.58,Completed
9529,824,8,35,36,2025-06-22,15:05:00,16.78,69,401.57,Completed
9530,680,211,38,11,2025-09-21,05:40:00,3.64,20,107.32,Completed
9531,377,29,40,19,2025-12-08,00:06:00,14.61,71,257.52,Cancelled
9532,849,171,27,5,2025-10-12,00:03:00,19.79,94,419.79,Completed
9533,874,53,26,2,2025-01-02,16:35:00,6.48,32,162.89,Completed
9534,376,134,12,25,2025-08-21,08:49:00,11.92,62,177.06,Completed
9535,581,221,2,26,2025-09-08,08:43:00,9.68,55,194.28,Completed
9536,595,24,20,30,2025-11-17,23:30:00,19.03,77,248.04,Completed
9537,747,120,35,17,2025-04-18,23:24:00,9.48,42,195.13,Completed
9538,42,202,10,21,2025-10-03,04:13:00,10.61,52,204.89,Completed
9539,611,243,8,20,2025-06-29,20:35:00,23.47,95,362.16,Completed
9540,470,124,40,18,2025-08-01,20:51:00,16.3,54,335.76,Completed
9541,984,142,36,16,2025-10-20,05:42:00,2.13,16,78.63,Completed
9542,458,52,31,28,2025-03-13,03:43:00,11.21,60,211.31,Completed
9543,130,70,15,12,2025-10-10,04:53:00,6.47,40,151.91,Completed
9544,28,4,18,40,2025-06-24,07:04:00,17.6,87,310.02,Completed
9545,745,186,15,6,2025-05-03,02:11:00,8.76,33,230.8,Completed
9546,741,116,19,24,2025-08-15,01:03:00,8.22,32,190.26,Driver_Cancelled
9547,629,207,24,6,2025-10-28,23:29:00,6.16,22,176.61,Completed
9548,913,37,35,17,2025-03-24,08:50:00,6.66,39,126.87,Driver_Cancelled
9549,326,48,2,19,2025-09-10,21:28:00,10.04,39,179.41,Completed
9550,509,122,13,28,2025-05-26,21:28:00,5.57,27,114.55,Completed
9551,619,39,9,29,2025-04-30,02:57:00,6.02,34,148.28,Completed
9552,891,92,35,7,2025-03-06,20:21:00,2.39,12,83.71,Completed
9553,325,66,2,19,2025-10-08,09:35:00,4.2,20,120.68,Completed
9554,807,13,16,8,2025-10-10,20:25:00,13.32,60,291.44,Driver_Cancelled
9555,903,194,36,8,2025-04-16,22:21:00,13.68,51,244.53,Cancelled
9556,160,60,2,5,2025-10-27,21:00:00,1.71,11,92.03,Completed
9557,516,250,16,34,2025-04-17,15:32:00,4.75,13,108.39,Completed
9558,661,126,8,21,2025-02-05,13:38:00,12.61,44,258.87,Driver_Cancelled
9559,746,169,1,4,2025-05-27,05:34:00,2.56,11,87.08,Cancelled
9560,254,32,18,36,2025-09-19,19:25:00,5.37,31,139.49,Completed
9561,928,180,26,5,2025-06-08,21:32:00,14.28,64,260.44,Completed
9562,248,133,5,23,2025-09-22,15:26:00,2.79,17,101.11,Completed
9563,850,195,21,19,2025-07-21,18:08:00,10.69,49,195.01,Completed
9564,353,66,35,15,2025-06-04,08:07:00,4.14,24,96.62,Completed
9565,398,78,40,14,2025-01-13,22:41:00,9.95,39,194.1,Completed
9566,582,250,28,8,2025-10-24,10:49:00,10.79,58,262.55,Completed
9567,203,232,26,9,2025-11-18,04:45:00,13.01,71,201.51,Completed
9568,302,180,32,40,2025-03-26,15:02:00,2.84,22,103.92,Completed
9569,148,126,21,11,2025-10-07,03:25:00,8.7,41,158.24,No_Show
9570,221,236,4,18,2025-09-02,06:07:00,13.15,61,179.28,No_Show
9571,698,177,36,32,2025-10-27,21:14:00,15,64,273.88,Completed
9572,867,29,24,36,2025-12-28,12:59:00,3.19,19,98.05,Completed
9573,848,240,33,21,2025-12-20,14:07:00,6.06,24,136.98,Completed
9574,560,166,5,27,2025-11-12,03:01:00,11.42,44,228.55,Completed
9575,263,70,3,21,2025-01-09,02:29:00,20.8,106,324.37,Completed
9576,296,242,11,11,2025-09-04,17:43:00,9.08,39,234.9,Completed
9577,315,226,32,34,2025-11-08,04:36:00,4.25,19,119.77,Completed
9578,292,136,22,5,2025-10-05,23:26:00,4.23,29,107.4,Completed
9579,684,187,11,28,2025-08-26,12:26:00,4.38,18,166.02,Completed
9580,876,55,38,10,2025-07-22,00:53:00,5.71,32,149.62,Cancelled
9581,31,110,22,12,2025-09-04,19:05:00,8.68,39,218.22,Completed
9582,682,2,4,3,2025-08-23,18:08:00,14.93,54,229.25,Completed
9583,44,154,39,1,2025-03-22,14:53:00,26.45,112,336.97,Completed
9584,939,63,3,37,2025-12-22,07:28:00,9.89,40,194.15,Completed
9585,555,17,10,40,2025-01-13,14:48:00,16.15,54,282.42,Completed
9586,943,59,37,1,2025-11-23,16:56:00,6.17,29,149.33,Completed
9587,134,88,19,13,2025-01-16,04:18:00,12.26,51,205.6,Completed
9588,349,223,18,38,2025-02-14,21:23:00,16.04,77,266.56,Cancelled
9589,219,16,28,15,2025-11-17,07:19:00,7.09,29,116.02,Completed
9590,450,58,31,7,2025-05-19,01:31:00,3.17,17,76.94,Completed
9591,504,192,17,30,2025-11-22,00:53:00,12.97,51,260.95,Completed
9592,86,50,24,24,2025-05-28,06:45:00,8.36,41,191.61,Completed
9593,251,213,1,8,2025-12-21,11:56:00,12.84,58,255.74,Completed
9594,265,230,5,3,2025-08-24,13:57:00,7.26,22,166,Driver_Cancelled
9595,523,154,32,15,2025-07-10,22:34:00,8.45,35,205.34,Completed
9596,80,17,17,36,2025-04-11,14:50:00,12.8,43,197.14,Completed
9597,621,114,21,14,2025-04-15,03:03:00,21.61,76,431.76,Driver_Cancelled
9598,461,46,22,27,2025-09-07,07:12:00,4.15,19,106.7,Completed
9599,630,106,39,30,2025-04-04,21:04:00,4.98,19,127.77,Completed
9600,252,127,39,37,2025-08-08,10:36:00,9.43,35,149.45,Completed
9601,18,196,34,6,2025-10-25,19:50:00,15.23,67,210.66,Completed
9602,256,50,14,19,2025-12-05,23:57:00,9.74,36,179.03,Completed
9603,245,171,16,37,2025-05-13,08:10:00,9.96,34,172.7,Completed
9604,153,118,5,1,2025-12-27,23:15:00,5.93,35,185.89,Completed
9605,609,176,18,25,2025-06-04,19:26:00,6.02,22,181.95,Completed
9606,500,68,4,10,2025-01-28,05:47:00,18.92,90,303.86,Completed
9607,458,147,28,26,2025-10-09,14:18:00,12.75,57,265.42,Completed
9608,698,230,27,23,2025-04-26,19:25:00,2.45,11,130.1,Completed
9609,542,153,6,17,2025-11-01,13:39:00,3.4,14,86.71,Driver_Cancelled
9610,115,200,11,30,2025-08-22,04:34:00,7.26,38,189.65,Completed
9611,753,146,21,27,2025-01-01,00:02:00,12.76,58,287.33,Cancelled
9612,769,51,17,11,2025-12-14,20:28:00,1.41,11,88.89,Completed
9613,447,146,31,4,2025-08-28,16:20:00,10.13,40,177.64,Completed
9614,353,112,34,18,2025-02-27,15:31:00,5.33,26,120.13,Completed
9615,625,186,13,19,2025-12-01,00:21:00,15.51,59,308.8,Cancelled
9616,847,64,23,36,2025-07-02,20:03:00,5.2,29,130.96,Completed
9617,541,199,1,26,2025-12-03,10:15:00,6.55,28,159.13,Cancelled
9618,322,185,4,1,2025-01-26,00:00:00,21.39,104,299.1,No_Show
9619,459,145,30,20,2025-03-18,09:33:00,7.75,30,225.22,Completed
9620,949,59,31,11,2025-08-05,12:27:00,15.27,51,236.56,Completed
9621,226,195,16,25,2025-11-24,08:55:00,10.48,56,181.45,Completed
9622,756,214,3,19,2025-11-21,00:10:00,11.66,52,223.71,Completed
9623,361,143,12,32,2025-09-19,22:02:00,14.34,54,305.66,Completed
9624,531,223,12,1,2025-01-23,09:45:00,5.08,22,105.18,Cancelled
9625,834,100,11,1,2025-09-01,05:40:00,13.2,59,289.27,Completed
9626,112,26,16,3,2025-06-07,01:36:00,15.05,72,268.23,Completed
9627,212,176,29,40,2025-07-25,05:09:00,11.19,53,265.11,Completed
9628,233,14,21,32,2025-11-06,00:15:00,15.79,80,324.09,Driver_Cancelled
9629,948,122,5,36,2025-03-28,23:27:00,3.46,13,92.43,Completed
9630,159,209,13,8,2025-09-24,13:28:00,2.85,11,139.07,Driver_Cancelled
9631,572,9,17,30,2025-05-14,20:51:00,14.11,45,302.74,No_Show
9632,885,7,12,39,2025-09-24,06:21:00,5.46,30,141.04,Completed
9633,324,238,17,34,2025-11-29,09:08:00,2.97,18,89.13,Completed
9634,93,219,1,8,2025-09-25,09:47:00,2.78,10,101.92,Completed
9635,248,220,8,25,2025-02-22,17:37:00,22.3,74,463.58,Completed
9636,670,183,16,26,2025-04-09,06:11:00,13.8,65,188.29,Completed
9637,141,140,15,27,2025-09-04,08:27:00,10.46,44,242.23,Completed
9638,911,145,19,19,2025-02-05,05:04:00,21.97,81,407.6,Completed
9639,404,201,25,23,2025-01-28,03:18:00,9.75,55,230.38,Completed
9640,930,108,31,16,2025-08-08,17:50:00,2.77,16,92.84,Completed
9641,732,236,2,8,2025-04-12,08:11:00,6.53,31,137.56,Completed
9642,404,136,25,30,2025-09-20,00:11:00,2.72,17,93.86,Completed
9643,818,91,31,8,2025-09-28,05:54:00,14.05,77,303.78,Cancelled
9644,601,124,4,11,2025-08-12,12:53:00,6.41,31,166.4,Completed
9645,667,170,4,7,2025-05-19,20:46:00,34.64,124,548.46,Completed
9646,414,204,12,21,2025-10-07,03:00:00,6.87,32,158.14,Cancelled
9647,440,165,17,34,2025-10-13,07:01:00,4.75,24,105.93,No_Show
9648,233,148,21,21,2025-09-07,15:51:00,13.67,55,227.94,Completed
9649,980,1,29,5,2025-11-18,08:54:00,3.87,21,114.08,Completed
9650,193,9,22,17,2025-11-13,12:27:00,3.2,21,102.51,Completed
9651,99,111,36,21,2025-03-19,13:18:00,10.59,56,220.95,Completed
9652,951,24,40,6,2025-10-24,08:30:00,9.43,47,203.97,Cancelled
9653,113,125,16,7,2025-12-04,03:09:00,4.28,21,109.39,Completed
9654,619,162,15,11,2025-11-03,15:00:00,4.04,22,192.25,Cancelled
9655,536,36,30,18,2025-12-17,11:47:00,11.47,55,189.06,Completed
9656,281,4,11,38,2025-01-13,14:47:00,18.91,64,252.01,Completed
9657,1000,157,13,12,2025-12-12,19:11:00,9.1,44,165.69,Completed
9658,949,87,23,22,2025-03-23,21:31:00,9.57,48,198.47,Completed
9659,716,227,40,3,2025-01-09,16:58:00,9.55,47,198.59,Completed
9660,523,144,34,19,2025-08-01,09:12:00,11.66,61,259.16,Completed
9661,350,8,20,23,2025-02-17,17:23:00,5.24,23,140.1,Completed
9662,316,91,2,34,2025-02-18,10:29:00,11.34,50,188.89,Cancelled
9663,717,39,8,3,2025-11-05,23:44:00,20.82,89,290.52,Completed
9664,943,58,18,23,2025-02-09,04:41:00,9.71,42,163.01,Completed
9665,921,140,7,5,2025-12-29,04:48:00,15.71,66,304.93,Completed
9666,500,172,31,29,2025-10-07,10:05:00,24.58,121,337.33,Cancelled
9667,537,4,22,34,2025-08-14,07:29:00,16.02,80,243.4,No_Show
9668,913,239,28,5,2025-04-18,12:34:00,18.73,89,389.59,Completed
9669,652,25,25,29,2025-09-02,21:52:00,17.81,82,300.06,Cancelled
9670,635,198,1,24,2025-09-12,00:36:00,17.11,67,361.66,Completed
9671,436,67,32,39,2025-02-02,07:27:00,5.16,23,107.72,Cancelled
9672,523,167,25,21,2025-01-23,06:31:00,17.99,80,394.93,Completed
9673,778,118,16,32,2025-11-29,00:40:00,9.12,50,160.39,Completed
9674,593,24,29,5,2025-02-23,17:36:00,13.81,52,204.37,Completed
9675,444,213,24,18,2025-11-05,04:48:00,10.28,51,224.33,Completed
9676,822,6,17,38,2025-02-18,16:04:00,23.66,86,481.84,Completed
9677,621,97,6,35,2025-03-19,23:23:00,14.74,56,307.86,No_Show
9678,208,72,14,38,2025-12-02,11:04:00,15.43,76,302.23,Completed
9679,831,161,26,16,2025-12-24,13:31:00,16.41,79,295.67,Completed
9680,756,176,28,35,2025-05-02,02:17:00,9.98,33,178.83,Cancelled
9681,276,195,36,24,2025-12-25,18:56:00,16.52,82,299.82,Completed
9682,497,124,31,36,2025-03-31,09:30:00,4.74,30,103.06,Completed
9683,773,2,27,5,2025-12-12,01:01:00,10.66,49,172.98,Completed
9684,297,38,2,9,2025-07-12,21:34:00,13.91,60,302.4,Completed
9685,374,40,19,4,2025-09-01,21:26:00,8.86,31,144.2,Cancelled
9686,575,56,28,33,2025-05-29,04:27:00,32.28,157,563.97,Cancelled
9687,184,103,21,27,2025-05-26,00:11:00,6.24,35,198.63,Completed
9688,32,103,15,22,2025-11-12,16:01:00,3.13,21,77.82,Completed
9689,283,216,34,11,2025-05-21,20:06:00,23.11,85,458.95,Cancelled
9690,836,21,40,5,2025-10-13,02:19:00,11.14,63,220.72,Driver_Cancelled
9691,873,115,3,10,2025-12-05,23:48:00,4.56,19,113.74,Completed
9692,432,210,1,3,2025-04-21,22:01:00,7.22,37,181.39,Completed
9693,519,35,24,15,2025-04-18,23:09:00,2.6,15,77.97,Completed
9694,686,203,27,37,2025-10-08,19:49:00,4.94,28,126.86,Completed
9695,462,203,9,40,2025-02-19,22:12:00,10.21,38,206.28,Completed
9696,871,67,24,17,2025-01-14,01:15:00,15.78,69,244.78,Cancelled
9697,984,188,17,20,2025-05-14,01:41:00,6.78,34,153.36,Completed
9698,368,151,28,4,2025-03-17,00:47:00,5.53,25,141.5,Cancelled
9699,658,193,39,34,2025-03-25,22:27:00,5.97,34,129.4,Completed
9700,252,191,4,34,2025-12-09,00:28:00,6.54,36,165.46,Cancelled
9701,166,151,29,31,2025-06-07,15:10:00,11.15,42,214.89,Completed
9702,615,214,28,34,2025-10-13,12:15:00,23.65,99,383.33,Completed
9703,1000,123,37,3,2025-11-10,20:07:00,2.56,18,86.97,Completed
9704,705,42,29,28,2025-04-04,20:44:00,5.56,28,134.72,Completed
9705,529,222,29,37,2025-10-24,14:20:00,2.63,16,89.71,Driver_Cancelled
9706,602,192,5,29,2025-04-04,20:54:00,4.97,21,106.11,Completed
9707,371,194,11,15,2025-02-26,18:05:00,8.58,50,162.01,Completed
9708,598,250,2,36,2025-06-13,01:43:00,3.38,22,94.66,Cancelled
9709,103,81,4,35,2025-11-16,03:59:00,13.75,48,183.9,Cancelled
9710,594,41,10,10,2025-04-08,10:10:00,4.4,26,156.88,Completed
9711,126,114,39,17,2025-01-16,09:25:00,13.16,63,224.87,Driver_Cancelled
9712,38,20,8,30,2025-12-10,17:11:00,6.03,30,207.45,Completed
9713,348,9,23,8,2025-03-19,10:01:00,7.67,30,135.44,Completed
9714,213,57,27,23,2025-12-12,06:19:00,12.08,61,247.74,Completed
9715,319,124,23,19,2025-03-13,12:38:00,28.53,113,563.1,Completed
9716,998,203,34,37,2025-09-27,02:46:00,6.05,35,180.24,Completed
9717,737,145,35,36,2025-10-14,17:27:00,2.61,12,73.74,Completed
9718,734,78,17,4,2025-03-07,02:38:00,24.79,104,472.1,Completed
9719,426,210,10,26,2025-03-09,00:06:00,13.39,64,281.91,Cancelled
9720,247,18,2,40,2025-07-12,15:15:00,5.39,23,136.81,Completed
9721,648,236,17,27,2025-02-24,06:12:00,9.07,45,179.36,No_Show
9722,286,242,31,13,2025-06-17,10:28:00,9.88,35,187.13,Cancelled
9723,231,63,16,34,2025-01-25,04:45:00,6.29,36,137.73,Completed
9724,320,200,24,33,2025-05-11,22:21:00,3.72,18,120.76,Completed
9725,512,93,7,26,2025-11-21,02:47:00,7.4,30,129.1,Completed
9726,521,200,19,20,2025-04-12,01:37:00,3.51,17,113.27,Cancelled
9727,225,26,16,8,2025-10-09,16:35:00,28.1,125,393.81,Completed
9728,506,220,33,16,2025-10-23,21:01:00,18.53,74,365.95,Completed
9729,825,200,36,5,2025-10-21,10:55:00,18.66,60,374.58,Driver_Cancelled
9730,107,84,10,34,2025-09-20,16:35:00,2.42,16,79.45,Completed
9731,699,239,15,27,2025-04-30,14:13:00,6.49,25,148.04,Completed
9732,733,200,3,36,2025-08-19,21:27:00,3.57,23,126.31,Completed
9733,607,206,2,4,2025-10-18,18:12:00,10.19,48,200.26,Cancelled
9734,707,13,35,7,2025-06-10,18:49:00,1.86,8,146.83,Driver_Cancelled
9735,754,119,27,37,2025-06-10,05:03:00,18.89,83,348.35,Completed
9736,742,232,5,36,2025-03-19,08:15:00,7.31,38,183.73,Completed
9737,331,145,15,24,2025-02-07,04:01:00,7.47,39,156.68,Cancelled
9738,5,115,36,15,2025-01-28,08:43:00,8.08,25,194.28,Completed
9739,863,26,33,6,2025-04-10,04:48:00,4.08,28,115.45,Cancelled
9740,468,134,1,26,2025-10-21,18:45:00,12.78,48,212.07,Completed
9741,516,81,12,26,2025-05-04,21:34:00,7.02,37,167.91,Driver_Cancelled
9742,776,132,9,25,2025-04-02,06:19:00,10.53,40,244.73,Completed
9743,938,89,20,33,2025-09-12,07:17:00,1.23,7,111.99,Completed
9744,765,7,30,3,2025-04-07,07:07:00,14.5,70,280.98,Completed
9745,163,17,14,9,2025-01-06,21:22:00,3.34,22,102.91,Completed
9746,653,86,23,37,2025-06-18,20:53:00,3.26,13,98.14,Cancelled
9747,901,128,29,38,2025-09-28,09:44:00,8.42,36,189.77,Completed
9748,808,118,35,30,2025-04-18,03:46:00,9.45,30,249.32,Cancelled
9749,531,92,27,27,2025-10-26,10:50:00,18.7,94,338.07,Completed
9750,82,50,27,13,2025-02-16,10:58:00,9.7,52,142,Completed
9751,481,128,30,23,2025-04-09,12:22:00,13.19,52,249.93,Completed
9752,893,6,3,3,2025-01-14,19:24:00,11.25,46,187.25,Completed
9753,516,158,12,23,2025-07-13,11:40:00,15.28,66,295.1,Completed
9754,640,74,31,35,2025-06-06,07:35:00,29.05,118,406.48,Completed
9755,187,242,37,24,2025-06-03,13:02:00,6.64,29,136.53,Completed
9756,146,56,27,37,2025-04-25,12:17:00,5.39,25,109.96,Completed
9757,152,39,24,12,2025-09-15,22:28:00,7.01,34,130.17,Cancelled
9758,363,142,40,20,2025-05-25,12:50:00,21.23,73,348.96,Completed
9759,93,54,11,18,2025-10-18,03:53:00,5.23,30,172.85,Completed
9760,31,238,27,7,2025-01-10,05:23:00,8.27,48,197.27,Completed
9761,826,234,9,26,2025-08-02,22:28:00,4.3,24,127.71,Driver_Cancelled
9762,540,22,16,12,2025-08-21,05:53:00,6.32,36,142.84,Completed
9763,649,185,14,34,2025-06-20,23:11:00,4.77,23,104.37,Completed
9764,941,41,30,32,2025-01-21,09:40:00,7.07,32,153.64,Cancelled
9765,602,90,24,30,2025-01-15,02:32:00,10.48,41,239.33,Completed
9766,49,10,13,2,2025-05-06,09:12:00,10.57,45,214.84,Completed
9767,879,2,33,8,2025-12-07,17:13:00,5.38,27,149.29,No_Show
9768,258,195,9,33,2025-12-07,13:33:00,2.58,15,97.4,Completed
9769,518,48,26,30,2025-08-01,04:25:00,19.85,81,403.01,Completed
9770,541,42,13,28,2025-07-07,06:54:00,14.97,68,346.11,Completed
9771,410,247,21,13,2025-06-21,14:53:00,29.45,129,508.5,Driver_Cancelled
9772,156,139,29,24,2025-09-04,03:59:00,6.6,33,127.36,Completed
9773,775,202,28,33,2025-01-05,03:07:00,1.47,16,69.67,Completed
9774,546,140,24,5,2025-08-19,12:27:00,19.93,81,381.34,Completed
9775,440,142,13,6,2025-07-20,17:57:00,7.53,42,187.63,Completed
9776,237,30,20,4,2025-05-29,05:37:00,4.45,16,116.22,Completed
9777,650,233,39,34,2025-03-13,16:06:00,8.83,43,265.13,Completed
9778,368,60,7,29,2025-08-14,21:51:00,6.05,26,145.78,Completed
9779,1000,205,15,21,2025-03-15,19:28:00,8.71,31,194.15,Completed
9780,57,158,25,26,2025-11-03,13:28:00,6.05,30,132.44,Completed
9781,175,38,35,32,2025-06-18,05:29:00,3.36,11,111.37,Completed
9782,214,75,13,22,2025-09-06,06:42:00,12.35,42,256.41,Cancelled
9783,27,65,8,14,2025-10-07,22:56:00,7.64,32,144.01,Completed
9784,807,219,21,34,2025-06-01,08:41:00,16.92,84,407.74,Completed
9785,918,175,6,37,2025-08-12,15:44:00,2.54,15,82.45,Completed
9786,119,39,10,1,2025-08-13,00:31:00,11.78,49,197.85,Completed
9787,147,235,21,32,2025-02-07,11:18:00,9.52,49,186.19,No_Show
9788,868,177,14,32,2025-02-13,18:53:00,18.68,84,319.9,No_Show
9789,265,229,33,24,2025-07-04,03:49:00,8.37,33,144.89,Completed
9790,403,73,25,21,2025-08-29,22:05:00,10.2,48,221,Completed
9791,258,58,19,12,2025-11-27,13:42:00,3.02,19,84.51,Completed
9792,860,240,9,20,2025-12-17,03:41:00,1.41,11,110,Cancelled
9793,189,107,37,37,2025-07-29,10:43:00,14.91,57,293.67,Completed
9794,827,218,36,20,2025-01-23,23:40:00,15.9,73,287.28,Completed
9795,743,89,36,2,2025-05-04,01:37:00,2.67,17,91.83,Completed
9796,982,17,15,14,2025-03-27,23:06:00,3.96,18,111.18,Driver_Cancelled
9797,499,134,5,17,2025-02-12,22:17:00,11.34,56,213.48,Completed
9798,710,143,17,24,2025-02-09,01:30:00,19.98,81,325.3,Completed
9799,239,195,30,30,2025-10-30,06:04:00,6.57,25,127.94,Completed
9800,327,95,7,15,2025-06-18,08:59:00,9.01,45,188.98,Completed
9801,70,156,6,34,2025-06-24,09:05:00,9.01,39,178.71,Completed
9802,929,201,15,8,2025-01-20,10:18:00,8.34,38,142.23,Driver_Cancelled
9803,764,172,10,3,2025-04-19,02:41:00,4.63,20,91.91,Cancelled
9804,974,243,6,11,2025-07-12,01:35:00,9.65,37,145.78,Completed
9805,705,146,13,27,2025-09-01,06:13:00,8.29,42,197.48,Cancelled
9806,25,240,14,9,2025-11-20,05:09:00,5.49,24,153.73,Completed
9807,582,232,1,15,2025-10-07,20:47:00,25.16,93,478.13,Completed
9808,156,160,33,32,2025-08-16,15:39:00,3.09,16,98.58,No_Show
9809,658,211,19,11,2025-02-05,04:27:00,23.76,97,392.97,Completed
9810,831,197,9,3,2025-02-14,07:50:00,11.24,39,197.65,Completed
9811,219,172,37,26,2025-01-28,19:39:00,14.21,65,311.87,No_Show
9812,561,70,12,7,2025-06-03,01:09:00,4.05,26,145.78,Completed
9813,379,63,5,28,2025-01-23,04:20:00,25.34,92,456.97,Completed
9814,892,204,6,39,2025-07-26,06:02:00,7.24,38,163.47,Driver_Cancelled
9815,194,58,11,4,2025-04-01,07:11:00,16.34,67,222.65,Completed
9816,40,175,38,30,2025-12-25,23:04:00,9.16,48,184.57,Completed
9817,597,126,10,38,2025-02-07,10:25:00,3.23,20,105.91,Completed
9818,343,234,15,14,2025-08-16,07:26:00,2.83,20,91.31,Completed
9819,503,145,39,36,2025-07-21,18:09:00,19.61,72,275.5,Completed
9820,450,167,28,31,2025-12-16,03:49:00,1.95,15,95.59,Cancelled
9821,336,187,3,19,2025-11-05,10:37:00,7.92,36,144.53,Completed
9822,4,135,16,12,2025-09-11,01:12:00,13.52,56,332.51,Completed
9823,802,63,17,15,2025-02-07,10:25:00,12.88,65,249.55,Completed
9824,759,117,36,9,2025-08-09,01:47:00,5.77,20,132.34,Completed
9825,517,185,19,27,2025-07-06,06:26:00,6.86,37,150.4,Cancelled
9826,497,203,4,20,2025-02-12,10:52:00,21.03,76,309.56,Completed
9827,226,162,25,28,2025-12-25,16:40:00,6.75,37,166.22,Cancelled
9828,150,53,27,25,2025-04-24,05:46:00,7.79,36,169.25,Completed
9829,238,194,12,16,2025-09-17,04:07:00,4.67,25,118.76,Completed
9830,660,206,27,18,2025-01-05,18:22:00,11.28,53,181.99,Completed
9831,103,82,4,36,2025-03-09,21:39:00,26.2,118,488.92,Completed
9832,175,176,24,4,2025-08-16,03:53:00,7.36,36,142.69,Completed
9833,461,188,17,21,2025-05-03,10:20:00,3.02,23,103.61,Completed
9834,748,43,26,27,2025-06-22,20:55:00,3.81,12,120.97,Driver_Cancelled
9835,34,201,18,1,2025-12-02,12:00:00,9.89,44,184.58,Completed
9836,684,231,22,5,2025-06-02,02:01:00,5.28,16,145.96,Driver_Cancelled
9837,518,4,6,10,2025-09-24,23:24:00,15.25,74,254.14,Completed
9838,440,240,19,21,2025-06-06,16:54:00,7.3,30,165.24,Completed
9839,285,206,37,10,2025-06-11,22:39:00,13.7,47,231.8,Completed
9840,225,75,34,26,2025-08-02,11:11:00,9.7,55,228.16,Completed
9841,565,94,11,16,2025-01-26,09:43:00,3.55,20,99.49,Cancelled
9842,257,232,24,38,2025-10-19,05:36:00,5.68,34,126.6,Completed
9843,59,107,37,3,2025-07-08,06:15:00,7.8,37,152.72,Completed
9844,944,91,23,20,2025-05-02,09:11:00,26.43,114,492.08,Completed
9845,246,93,40,5,2025-08-18,06:11:00,18.28,87,322.47,Completed
9846,519,180,4,6,2025-02-28,10:06:00,3.48,14,130.69,Cancelled
9847,214,160,18,25,2025-04-06,13:37:00,7.26,39,147.68,Completed
9848,928,113,30,25,2025-09-19,17:08:00,9.92,49,223.35,Completed
9849,590,222,15,12,2025-12-20,04:25:00,4.87,22,147.73,Completed
9850,701,90,37,1,2025-11-08,20:37:00,5.69,36,133.95,Driver_Cancelled
9851,953,94,23,3,2025-05-16,03:15:00,3.27,21,109.75,Completed
9852,819,179,12,21,2025-12-16,08:16:00,10.42,46,272.7,Completed
9853,216,138,4,5,2025-10-10,16:46:00,4.3,18,126.09,Completed
9854,403,140,4,15,2025-04-30,13:21:00,2.59,22,93.73,Driver_Cancelled
9855,283,225,14,4,2025-01-25,05:36:00,6.99,33,203.08,Completed
9856,831,226,8,19,2025-12-08,18:44:00,10.77,45,293.35,Completed
9857,956,210,23,17,2025-05-26,12:38:00,8.28,37,232.85,Completed
9858,573,167,1,8,2025-01-12,07:01:00,8.68,41,174.87,Completed
9859,573,208,11,37,2025-03-28,06:38:00,5.82,33,143.81,Completed
9860,215,237,27,24,2025-04-19,17:18:00,5.95,31,161.33,Completed
9861,382,196,4,4,2025-12-11,11:39:00,23.16,81,414.27,Completed
9862,45,138,29,24,2025-09-23,07:45:00,17.48,89,308.2,Completed
9863,917,92,17,19,2025-08-10,13:22:00,9.01,49,172.59,Completed
9864,172,105,19,24,2025-03-15,00:37:00,4.34,23,115.7,Cancelled
9865,221,210,24,21,2025-11-29,01:02:00,14.98,71,317.45,Driver_Cancelled
9866,385,73,32,17,2025-11-06,16:59:00,20.56,66,277.26,Driver_Cancelled
9867,95,214,31,8,2025-04-12,12:21:00,14.23,51,226.03,Completed
9868,859,10,16,31,2025-05-17,20:40:00,7.31,41,144.97,Completed
9869,44,104,32,19,2025-07-10,10:07:00,9.73,37,227.74,Cancelled
9870,228,151,34,11,2025-05-22,17:37:00,5.56,19,153.49,Completed
9871,574,235,35,23,2025-12-23,14:17:00,10.07,50,179.43,Completed
9872,317,205,37,37,2025-03-14,22:47:00,9.19,37,205.5,Driver_Cancelled
9873,731,216,16,28,2025-11-24,02:59:00,13.72,50,270.25,Completed
9874,335,141,21,23,2025-06-16,19:28:00,5.87,21,110.91,Completed
9875,601,48,13,12,2025-06-17,22:28:00,25.89,114,488.83,Completed
9876,624,109,18,16,2025-02-23,16:49:00,3.17,24,162.02,Completed
9877,719,89,2,16,2025-09-16,10:55:00,10.67,45,208.53,Completed
9878,1000,44,33,14,2025-04-21,03:30:00,15.37,65,353.85,Driver_Cancelled
9879,467,239,18,7,2025-08-20,10:47:00,4.7,17,103.39,Completed
9880,879,93,28,21,2025-06-10,16:34:00,11.37,39,199.26,Completed
9881,818,208,37,21,2025-12-18,07:30:00,12.99,52,183.06,Cancelled
9882,715,64,35,35,2025-11-23,06:36:00,10.49,35,221.62,Completed
9883,297,40,37,24,2025-01-19,10:59:00,20.06,72,289.64,Completed
9884,545,134,12,1,2025-10-17,09:28:00,14.25,69,292.86,Completed
9885,489,120,40,14,2025-02-19,18:58:00,3.55,24,92.39,Cancelled
9886,215,72,8,20,2025-06-24,05:37:00,9.8,40,222.4,Completed
9887,524,98,25,28,2025-10-29,07:17:00,7,27,172.38,Completed
9888,2,210,7,18,2025-07-03,04:27:00,14.69,73,293.59,Completed
9889,875,171,2,3,2025-07-04,12:50:00,11.78,56,251.84,Completed
9890,661,32,33,27,2025-12-05,17:25:00,8.76,35,170.22,Completed
9891,654,177,33,6,2025-11-03,19:44:00,4.82,21,109.29,Completed
9892,802,74,40,4,2025-11-06,04:37:00,6.06,29,132.45,Completed
9893,207,226,23,1,2025-12-12,17:52:00,4.16,20,175.98,Completed
9894,341,215,5,21,2025-03-22,11:37:00,10.89,46,222.99,Completed
9895,704,123,14,35,2025-06-05,16:13:00,5.4,24,144.56,Completed
9896,407,147,8,28,2025-10-02,12:37:00,7.76,36,164.11,Completed
9897,853,84,20,18,2025-10-10,04:37:00,18.04,86,309.67,Driver_Cancelled
9898,306,52,18,35,2025-09-06,22:43:00,15.39,70,262.08,Cancelled
9899,507,180,23,21,2025-05-27,15:52:00,16.73,62,290.32,No_Show
9900,910,34,29,16,2025-01-07,06:29:00,3.88,24,107.37,Completed
9901,469,187,7,26,2025-06-06,19:53:00,2.98,14,107.99,Completed
9902,764,230,24,39,2025-06-20,22:26:00,39.52,159,545.23,Completed
9903,716,81,25,9,2025-03-10,13:13:00,8.44,33,180.16,Completed
9904,874,108,14,23,2025-04-04,10:09:00,6.69,29,130.59,Completed
9905,558,126,38,2,2025-12-29,00:32:00,5.51,27,205.84,Completed
9906,886,5,3,3,2025-07-05,08:55:00,5.55,25,168.02,Completed
9907,495,194,14,33,2025-06-19,13:56:00,14.45,68,318.28,Completed
9908,261,41,3,24,2025-07-23,03:29:00,5.97,30,155.11,Completed
9909,578,34,9,23,2025-02-11,01:41:00,4.64,27,168.93,Completed
9910,662,182,7,6,2025-01-13,05:57:00,10.95,62,233.75,Completed
9911,582,20,26,21,2025-06-03,12:59:00,5.15,19,144.41,Completed
9912,364,238,7,5,2025-10-01,15:00:00,6.84,25,169.77,No_Show
9913,514,182,7,13,2025-10-25,18:18:00,1.44,9,59.73,Completed
9914,541,239,36,40,2025-02-20,10:47:00,16,62,247.84,Completed
9915,768,66,13,13,2025-07-31,12:18:00,12.45,54,226.05,Driver_Cancelled
9916,573,92,3,19,2025-05-24,05:39:00,10.76,47,258.97,Completed
9917,612,146,20,9,2025-12-23,22:04:00,13.77,59,346.9,Completed
9918,896,44,9,3,2025-01-03,13:24:00,7.05,33,155.47,Completed
9919,455,103,22,31,2025-09-11,16:51:00,10.69,49,204.59,Completed
9920,144,48,33,39,2025-12-01,19:32:00,13.7,48,185.11,Completed
9921,192,243,23,13,2025-09-13,08:55:00,5.93,24,117.01,Completed
9922,865,35,23,11,2025-04-08,05:56:00,17.04,63,340.12,Completed
9923,353,207,38,11,2025-06-22,21:54:00,18.17,86,305.85,Cancelled
9924,782,111,26,1,2025-05-30,17:20:00,6.4,30,160.23,Completed
9925,299,39,32,35,2025-10-06,11:30:00,29.08,136,581.38,Completed
9926,460,232,28,35,2025-02-28,22:51:00,9.29,59,221.38,Completed
9927,427,231,30,3,2025-04-23,11:13:00,13.02,52,262.39,Completed
9928,838,3,40,4,2025-11-20,20:51:00,10.88,51,266.56,Cancelled
9929,823,19,17,24,2025-08-31,23:30:00,18.12,94,319.52,Completed
9930,716,215,18,30,2025-11-06,15:15:00,11.82,45,304.65,Cancelled
9931,757,211,25,32,2025-02-26,03:39:00,11.73,60,255.42,Completed
9932,31,125,4,20,2025-03-01,18:24:00,13.77,68,290.1,Cancelled
9933,332,146,26,36,2025-11-25,22:53:00,6.3,35,166.32,Completed
9934,970,222,31,13,2025-08-04,03:04:00,15.48,58,298.1,Completed
9935,936,231,12,39,2025-08-21,14:24:00,12.09,54,252.78,Completed
9936,411,83,18,4,2025-02-24,19:30:00,10.81,39,204.04,Cancelled
9937,52,5,10,28,2025-07-27,00:14:00,1.95,8,68.93,Completed
9938,384,55,36,40,2025-03-04,22:09:00,8.17,45,201.8,No_Show
9939,243,13,2,7,2025-07-03,23:38:00,7.13,35,159,Completed
9940,775,162,25,9,2025-11-07,23:59:00,4.13,23,91.18,Completed
9941,686,216,9,22,2025-10-08,08:50:00,10.97,57,246.13,Completed
9942,612,18,32,4,2025-01-26,11:40:00,14.89,67,238.81,Completed
9943,417,68,5,36,2025-06-26,00:40:00,5.8,35,145.31,No_Show
9944,475,100,3,33,2025-03-04,02:11:00,3.91,26,122.35,Completed
9945,392,200,17,6,2025-03-14,16:58:00,5.52,28,129.44,Completed
9946,389,171,13,3,2025-12-01,01:13:00,31.16,166,633.13,Completed
9947,573,193,3,35,2025-06-16,14:25:00,10.3,38,222.55,Completed
9948,968,169,28,33,2025-08-13,02:57:00,6.04,25,147.58,Completed
9949,872,38,4,7,2025-03-06,04:06:00,15.08,51,247.66,Completed
9950,700,228,18,35,2025-03-10,22:02:00,10.21,53,224.5,Completed
9951,469,166,35,3,2025-01-09,14:25:00,13.46,59,252.95,Completed
9952,408,141,14,18,2025-08-24,22:53:00,6.14,34,138.37,Completed
9953,519,125,16,3,2025-07-17,08:01:00,5.66,24,145.19,Completed
9954,189,22,12,39,2025-06-22,21:31:00,5.65,23,137.63,Completed
9955,595,29,11,27,2025-10-09,20:38:00,4.62,19,172.28,Completed
9956,351,137,2,9,2025-01-28,13:12:00,10.28,43,242.17,Completed
9957,932,219,33,17,2025-10-23,06:43:00,19.64,97,405.43,Completed
9958,283,110,13,5,2025-05-14,15:01:00,10.79,51,165.98,Completed
9959,636,108,30,4,2025-01-27,20:10:00,16.72,83,342.55,Completed
9960,157,68,26,14,2025-02-07,13:36:00,5.39,28,134.74,No_Show
9961,599,104,18,29,2025-07-15,02:56:00,12.17,58,216.88,Completed
9962,148,145,13,11,2025-07-22,06:35:00,9.3,50,240.45,Completed
9963,70,246,4,22,2025-03-26,07:46:00,12.23,50,265.74,Completed
9964,972,165,33,5,2025-11-16,14:17:00,5.45,36,147.26,Completed
9965,370,192,15,12,2025-01-30,01:57:00,7.03,32,153.09,Driver_Cancelled
9966,588,195,17,21,2025-04-09,22:14:00,4.64,22,109.55,No_Show
9967,626,132,6,15,2025-07-09,03:22:00,19.76,92,392.13,Completed
9968,515,40,5,24,2025-01-12,03:13:00,21.76,94,324.41,Completed
9969,234,144,33,13,2025-04-01,10:58:00,8.2,38,158.56,Completed
9970,679,139,16,32,2025-01-30,00:29:00,5.18,28,180.84,Completed
9971,611,219,24,26,2025-08-01,12:08:00,11.16,46,183.93,Completed
9972,636,26,5,40,2025-02-07,03:50:00,5.92,26,154.32,Cancelled
9973,467,95,3,26,2025-12-07,22:55:00,19.34,62,314.39,Completed
9974,557,98,35,36,2025-03-01,11:33:00,9.93,44,194.05,No_Show
9975,894,200,27,30,2025-10-21,18:24:00,17.21,70,295.17,No_Show
9976,836,103,12,9,2025-12-26,05:46:00,7.94,42,139.43,Driver_Cancelled
9977,287,193,25,24,2025-05-23,13:45:00,2.17,17,86.92,Completed
9978,618,125,17,38,2025-06-29,21:22:00,6.67,35,170.41,Completed
9979,294,2,20,18,2025-10-12,21:57:00,3.77,18,115.38,Completed
9980,481,247,28,9,2025-04-22,04:10:00,8.46,36,178.12,Completed
9981,134,91,35,22,2025-08-18,23:05:00,4.04,24,170.24,Completed
9982,8,45,15,38,2025-01-21,05:51:00,6.75,33,145.96,Completed
9983,28,171,33,21,2025-05-25,03:10:00,17.39,59,313.57,Completed
9984,783,3,3,7,2025-05-26,19:44:00,3.17,14,142.88,Completed
9985,735,162,7,12,2025-11-12,07:51:00,10.53,60,173.24,Completed
9986,520,80,10,36,2025-06-15,06:59:00,8.11,41,183.72,Completed
9987,310,193,26,11,2025-05-20,01:11:00,4.2,26,132.11,Completed
9988,646,64,40,3,2025-07-22,20:31:00,18.97,93,362.03,Completed
9989,541,135,6,27,2025-09-01,01:39:00,16.45,56,375.72,Completed
9990,627,35,33,7,2025-04-23,08:50:00,5.17,32,143.24,No_Show
9991,494,22,16,2,2025-07-20,05:11:00,6.41,24,122.16,Completed
9992,34,176,24,10,2025-11-10,05:16:00,6,28,177.37,Completed
9993,7,160,30,3,2025-09-16,12:52:00,12.38,48,265.96,Completed
9994,40,26,10,17,2025-09-12,23:58:00,12.57,56,175.06,Cancelled
9995,330,120,11,1,2025-01-23,17:50:00,11.61,44,184.55,Completed
9996,909,6,22,34,2025-09-03,11:26:00,5.36,25,146.55,Driver_Cancelled
9997,62,174,3,13,2025-12-05,00:45:00,11.7,56,242.15,Driver_Cancelled
9998,86,183,38,14,2025-11-07,05:29:00,17.98,75,269.72,Completed
9999,725,203,40,17,2025-11-14,13:08:00,15.87,63,210.02,Completed
10000,116,223,23,34,2025-03-28,21:01:00,16.03,82,315.31,Completed
